parent_asin,title,main_category,price,average_rating,rating_number,store,categories
B087BWY1Z5,Lash Lift Kit -Buqikma Eyelash Perm Kit Lash Curling Set Semi-Permanent Lifting Perming Wave for Salon and Personal Use (Glue Upgraded Version),All Beauty,,3.7,94,Buqikma,
B08PYXKZRS,"Lavender Foot Peel Mask 2 Pcs for Softing Smoothing Feet,Peeling Away Calluses and Dead Skin CellsExfoliating Foot Mask,Repair Rough Heels,Get Silky Feet",All Beauty,,3.7,26,BOOSCA,
B0085BEQX8,Perfective Ceuticals Divine Brightening Mask Botanical Formula for Uneven Skin Tone - 5sheets,All Beauty,,5.0,3,Perfective Ceuticals,
B08DX6B4QN,"Laloirelle Age Defy Face Oil - Virgin Marula Oil, Rosehip Oil Infused with Organic Reishi Mushroom, Ginseng, Cordyceps Mushroom - Organic Facial Oil for Anti Aging, Wrinkles, Acne Scars, Dry Skin (1oz)",All Beauty,,4.6,17,Laloirelle,
B08VN9TXQ4,"LAPOTHICELL Vita-C Energy Boosting Serum 25ml, Firming, Brightening",All Beauty,,4.2,10,LAPOTHICELL,
B09C1S6LSV,"AJOKE 10 pcs Soft Makeup Sponge set Blender,Flawless Beauty Sponge Blenders for Dry & Wet Use,for Cream,Powder and Liquid,Multi-colored Makeup Sponges",All Beauty,,4.6,187,AJOKE,
B08PPB3W6H,"YanJie Velvet Stretched Button Headband Holder for Nurse Mask Women/Girls/Men 6 Package, Leopard Black Gray Velvet ,Protect your Ear Headband 20inch (Leopard)",All Beauty,,3.7,112,YanJie,
B019G5MNN6,"Made from Earth Pore & Blackhead Mask with Multi-Vitamins and Plant Extracts, 2oz",All Beauty,,3.4,34,Made from Earth,
B0881WZVM5,"KISSIO Color Changing Lipstick,Discoloration and Moisture retention,Temperature Sense Changing Color,Long Lasting Color,Fresh Colors(03#Orange)",All Beauty,,3.7,9,KISSIO,
B07G23R7ZX,"Bololo Baby Hair Clippers - Quiet Kids Hair Trimmer, Cordless & Waterproof Chargeable, Children with Autism, ABS Ceramic Blade, Haircut Kit for Kids Infants Men and Women,Green,",All Beauty,,4.3,1113,MOM&HOME,
B08CVQXZD9,Magnetic Eyelashes by UJM，3 Pairs Reusable Magnetic Eyelash and Eyeliner Kit Natural Look False Lashes with Mirror and Tweezers No Glue Needed Waterproof Magnetic Lashes Set,All Beauty,,3.6,449,UJM,
B08HVRP54L,"So'Bio Étic | Moisturizing Fresh Gel Cream | Organic Face Moisturizer for Combination Skin | 24 hr Hydrating, Balancing & Plumping | 0.5 fl oz",All Beauty,,3.7,33,So'Bio Étic,
B08NP98555,SweetEasy Satin Bonnet for Women Protect Hair Silk Bonnet for Natural Hair Curly Hair Cap Silk Hair Wrap for Sleeping Available on Both Sides Suitable Hair Large Volume Cap Navy,All Beauty,,4.8,15,SweetEasy,
B09X23VTSQ,REBONCEL Aqua Rich Hydrating Face Foam Cleanser Gentle Hypoallergenic pH Balance Korean Skin Care Face Wash Cleansing Foam(8.45 fl.oz 250ml),All Beauty,26.0,4.6,52,Reboncel,
B0894D5668,"Hepoiss Straight Hair 4 Bundles with Closure Unprocessed Brazilian Straight Virgin Human Hair Bundles with Closure Free Part Natural Color (18/20/22/24+16, 4 bundles with closure)",All Beauty,,4.5,6,Hepoiss,
B095CG2ZV1,"Bath Bombs Gift Set, Bath Bomb Gift for Women with Rose Petals, Lavender Scent 5pc Handmade Bubble Bath Gift Box with Soap & Petals Mothers Day Gifts Ideas for Mom, New Mom, Wife Birthday Gift for Her",All Beauty,,4.5,229,# BFFLOVE,
B0861YC7HZ,SEAAN Bag Box USB Rechargeable for Beauty Tools/Toothbrushes/Jewellery etc. Home Travel,All Beauty,,4.8,11,SEAAN,
B0888CX245,"STYLEAGAL Portable Electric Nail Drill, Manicure Pedicure Drill Kit Professional nail starter kit for beginners acrylic with drill（2020 Upgraded）",All Beauty,,4.2,162,styleagal,
B08LFYMGS5,"MU TENUTO Berceuse Water Gel Cream (2.36 fl. oz.) - Hypoallergenic Refreshing & Hydrating Facial Gel Cream with Natural Ingredients, Night Skin Care by Classical Music, Comfortable Lavender Fragrances",All Beauty,,3.1,21,MU TENUTO,
B09G9VRGS1,REBLX Premium Self Tanner Spray - Best Spray Self Tanner for Face and Body - Blend of Premium & Natural Ingredients for Natural Self Tans - No Fake Tan Smell - Sunless Self Tanner Spray for Streak Free Results - Vegan Friendly - Cruelty Free - Made in the US,All Beauty,,3.6,20,REBLX,
B08G4VWFNS,Molequle Glow & Go Brightening Mask,All Beauty,,4.0,18,Molequle,
B08QKXY1KN,"Purple Shampoo and Conditioner Set - Sulfate Free Salon Grade (2 x 16.9 fl oz) - Hydrating Toner - Shimmer Correction for Platinum Blonde, Silver, Light, and Grey Hair - New Formula",All Beauty,,3.9,911,BELLISSO,
B08Y6HCR5G,Spove Spiral Hair Ties Hair Coils Hair Coil Seamless Non-slip Mixed Ponytail Holder Hair Ties for Women & Kids 15pcs,All Beauty,,4.3,69,SPOVE,
B071R2QPF3,"AuroTrends Makeup Remover Towel,2 Pack Reusable Chemical-free Microfiber Makeup Remover Cloths,Magically and Gently Wipe Away Cosmetics,Sunscreen,Oil and Dirt,Set of 2 (Pink+Black)",All Beauty,,4.1,99,AuroTrends,
B09GNXK3N1,"Reusable Shower Cap for Women – Leakproof, Nonslip Hair Cap for Shower w/ Comfy Flexiband – Soft, Breathable Shower Caps for Women Reusable Waterproof – Durable, Heavy Duty Shower Cap by SMPL OBJECTS (Marble)",All Beauty,19.99,4.5,1210,SMPL objects,
B0952KGBX4,Oreola 20 Inch 120 Gram Invisible Wire Hair Extensions Real Human Hair Chocolate Brown Root Fading into Light Chestnut Brown and Light Ash Blonde 120g Remy Human Hair Extensions,All Beauty,,4.0,220,Oreola,
B07WS2XQQM,"10ML Essential Oil 100% Pure Natural Undiluted Therapeutic Grade Perfect for Aromatherapy, Relaxation, Skin Therapy Cleaning (Cajeput)",All Beauty,,4.6,5,SWEETVALLY,
B097Q6DQCD,"Stainless Steel Gua Sha Scraping Massage Facial Tool, Great for Face Skin Care, Easy to Use",All Beauty,,5.0,3,ROISOOT,
B08HMLXW65,"Claw Hair Clips, IKOCO 6 Pack Jaw Clips Stylish Matte Plastic Strong Hold Hair Clamps Box Packaged for Thin Fine Hair with 10Pcs Black Hair ties (2.4Inch)",All Beauty,,4.4,122,IKOCO,
B0837K9W6P,9 Pack Headbands Set -Messen Fashion Velvet Wide Hairband with Pearl Knitted Floral Fabric Cute Elegant Vintage Cross Knot Turban Elastic Hair Hoop Headwrap for Women Girls Hair Accessories,All Beauty,,4.3,57,Messen,
B0941YDPSW,"Garnier Whole Blends Softening Shampoo Bar for Fine to Normal Hair, Oat Delicacy, 2 Oz, 1 Count (Packaging May Vary)",All Beauty,7.97,4.3,1123,Garnier,
B08HZ5Y8RY,CIMIY Gel Nail Polish Set 8 bottles - Manicure Colors Infinity with Top Base Coat for Forest Nail Art Natural Daily All Seasons for Nail Profession Salon and Starter at Home Soak Off UV LED 0.32oz,All Beauty,,4.1,175,CIMIY,
B08KFKKPBB,Sia Botanics Vitamin C + Lemon Peel Brightening Cleanser Concentrate (4 oz),All Beauty,,4.3,24,Sia Botanics,
B094JJJFHG,Gel Nail Polish Kit With U V LED Light Nail Kit With 150W Nail Lamp 10 Colors Soak Off Gel Polish Nail Art Salon & Starter Kit With Rhinestones Glitters Manicure Tool Kit,All Beauty,,3.7,109,JEWHITENY,
B08MRRNL18,"Lenghthening Mascara by Almay,Volume & Lift, Eye Makeup, Hypoallergenic and Fragrance Free, 010 Blackest Black, 0.24 Fl Oz",All Beauty,7.13,4.2,831,Almay,
B07KG1TWP5,"Organic Bamboo Cotton Ear Swabs by Bali Boo - 200 - Natural Wooden Qtips Cotton Swabs for Cleaning Ears, Baby or Makeup and Nails - Sustainable & Vegan Buds Sticks - Eco Friendly & Biodegradable",All Beauty,,4.2,49,Bali Boo,
B08XQYZWCS,"NeoCell Overnighter Collagen, 9.3oz",All Beauty,,4.4,57,NeoCell,
B0971V4RL1,April22 Honey Mask,All Beauty,,4.0,6,April22,
B08465489V,"Dr. Denese Cannabis Sativa Super Serum with Soothing Calming Organic Cold-Pressed Hemp Oil, Ginger, Bisabolol, Ceramides - Reduce Look of Wrinkles, Moisturize & Improved Tightness - Cruelty-Free - 2oz",All Beauty,19.99,3.9,35,Dr. Denese,
B07VGBBNTH,Taya Beauty Inner Core Hair Strong Anti-Breakage Shampoo & Conditioner Duo - Strengthening and Repairing Formula - Free From Sulfates and Parabens - 8 fl oz Bottles,All Beauty,48.0,4.0,45,TAYA I AM.,
B07PCGSFGQ,Balance White Mud Balancing Mask by Au Natural Skinfood | Rotorua Exfoliating Mask with 16+ Manuka Honey | Certified | Food For Your Skin | All Skin Types | Made in New Zealand | 1.7 oz,All Beauty,,3.6,24,AÚ NATURAL SKINFOOD,
B08Y2Y3B9S,"1440 Pieces Short Press on Nails Oval False Nail Fingernail Full Cover Glossy Artificial Fake Nail Solid Color Fake Fingernail Art Kit for Women Girls Nail Decorations, 60 Sets",All Beauty,,3.9,38,Maitys,
B086W18W1W,Biutee Starry Sky Nail Gel Firework Nail Gel With black Nail Polish Gel 8ml UV LED,All Beauty,,4.1,108,Biutee,
B095NM2DKG,Pre Stretched Easy Braiding Hair Purple Color Braids Itch Free Hot Water Setting Synthetic Fiber Yaki Texture Black Crochet Braiding Hair Extension (26Inches 8Packs/Lot),All Beauty,,4.4,10,Alimarzo,
B0882YDL1N,Ombre Bomb Twist Crochet Hair Gray Pre Looped Crochet Braids 14 Inch,All Beauty,,4.4,7,JulyQueen,
B001FT5DMU,Juice Organics Lip Amplifier - 0.5 oz.,All Beauty,,3.0,1,,
B07Q4B545P,"[FORENCOS] Tattoo Waterproof Scar Concealer 3g - Light Weight Thin Layer Super Cover Concealer, Perfect Adherence Air Fit Coverage, Blemish & Scar Cover (01 Light Beige)",All Beauty,,3.5,57,Forencos,
B0912VNQRM,"Daletu Nail Clips, 10PCS Clear Nail Clips Finger Extension Fixed Clip, Quick Building Finger Builder Nail Clamps, Nails Art DIY Manicure Tool",All Beauty,,3.5,5,Daletu,
B08YZ3854D,Veda Tinda Gel Nail Polish Kit 20 Colors Fall Winter Modern Stage Soak off UV/LED Lamp Nail Polish Set with Glossy & Matte Top Coat and Base Coat Christmas,All Beauty,,4.4,19,veda Tinda,
B0BL2Q5PYZ,"1PCS Sparkling Crystal Stone Braided Hair Clips, Braided Hair Clips for Women, Rhinestone Hair Clips for Thick Hair, Flower Hair Clip with 3 Small Clips, Hair Barrettes for Women Girls Styling",All Beauty,6.99,3.5,36,Lmnonnok,
B09FXJRS2G,MAYJAM 12PCS Gel Nail Polish Set - Nude Blue Green Glitter Red Colors Collection with Base Top Coat - 8ML Gel Polish Kit Manicure DIY Home Salon,All Beauty,,4.0,36,MAYJAM,
B08BXVJMRY,AMAJULIE Non Slip Flexible Silicon Wigs Fix Strong Hold Comfort Silicone Lace Wig Grip Transparent Headband Hair Band Adjustable for Lace Wigs (Light Brown),All Beauty,,3.5,58,AMAJULIE,
B07C2M13JJ,"Ovonni Facial Steamer Nano Ionic Hot Mist Personal Home Sauna SPA Moisturizing Face Sprayer with Mirror, Professional Face Steam Machine for Acne Skin Unclog Pores, White",All Beauty,,4.2,110,Ovonni,
B08FD2KP9R,"35.4 Inch Extra Long Silicone Back Scrubber for Shower, 2021 Updated Lengthen Back Scrubber Brush for Men and Women, Exfoliating Back Washer with Wall Hooks, Easy Clean, Comfortable Massage (Green 27.5in)",All Beauty,,3.8,76,MAORULU,
B0BTJ6SYKB,"Shakira Perfumes - Dance for Women - Long Lasting - Femenine, Charming and Modern Perfume - Fruity Floral Notes - Ideal for Day Wear - 1.7 Fl Oz",All Beauty,29.34,4.4,3722,Shakira,
B086JRW3WL,"Flotig Long Pre stretched Braiding Hair 30Inch 8 packs Professional Itch Free Hot Water Setting Synthetic Fiber Crochet Braiding Hair Extension Twist Braid (30Inch, 1B)",All Beauty,,3.9,35,Flotig,
B08CVCLVS2,"Gel Nail Polish Set, Glitter 6 Colors Gel Polish Kit Popular Nail Art Design Soak Off LED Lamp Nail Polish Gel Manicure Kit Gifts Set for Girls Women Professional DIY Home Use",All Beauty,,3.7,45,Anzuo,
B08CMHFXJN,"Faux Locs Crochet Hair- 24 inch 6 packs, Knotless Style, Most Natural Faux Locs Crochet Braid, Black Pre-Looped Wavy Twist Crochet Braids Synthetic Braiding Hair Extensions  (24 Inch, 1B)",All Beauty,,4.6,40,SinBounBoun,
B08PYMT7BM,Altaba Long Blonde Wavy Wigs for Women Ombre Blonde Middle Part Wigs Natural Looking Synthetic Wig Party Cosplay Wigs for Women Heat Resistant Fiber (Light Brown to Golden),All Beauty,,4.4,6,Altaba,
B08JP365LL,Altaba Long Wavy Wigs Ombre gray Wig Synthetic Wigs Middle Part Natural Looking Heat Resistant Party Cosplay Full Wig for Women,All Beauty,,3.5,8,Altaba,
B096XDXNY5,"Bridal Hair Comb, Wekin Wedding Hair Comb Wedding Hair Accessories for Brides, Handmade Floral Hair Piece for Wedding(Silver 5.9"")",All Beauty,,4.4,48,JOMOQ,
B07PTQHSQS,"DERMALOGY by NEOGENLAB Real Charcoal Pad, 60 Count",Premium Beauty,,4.0,47,,
B06W535XR8,"6 Styles of Eyeliner Stencil Models for The Perfect Eyeline, Cat Eyeliner, Double Wing, Extravagant Cat, Arabic Eyeliner",All Beauty,,2.9,222,BLISSANY,
B09ZHW1293,Combofix 2Pcs Silk Scrunchies Mulberry Silk Hair Ties Cute Large Scrunchie Elastic Bands Thick Curly Hair Black Brown Ponytail Fixing Hair Tie Suitable for Girls of all ages,All Beauty,,3.8,22,combofix,
B08HRNPNR5,"EASYDEW DW-EGF Double Synergy Moist Ampoule1.01 fl oz -K Beauty Award-Winning Anti Aging Ampoule with EGF to Plump, Moisturize Skin I For Sensitive Skin, Gift for Mom, Wife, Her",All Beauty,,4.5,127,EASYDEW,
B09BHYLV45,Wedding Bridal Hair Comb - Leaf Flower Crystal Bridal Hair Accessories - Silver Gold Headpieces for Women Wedding (Silver),All Beauty,,3.7,7,idealway,
B07YBW9KTX,"PARASOL Calm+Natural Baby Shampoo & Body Wash - All Natural, Plant-Based, Moisturizing, No Parabens or Fragrences (Lavender) 1 pack, 8 Fl Oz",All Beauty,15.0,3.1,29,PARASOL,
B097T3DVH3,"LAYADO Facial Steamer Nano Ionic Face Steamer for Home Facial, Warm Mist Humidifier Atomizer for Skin Moisturizing Cleansing Pores, With Blackhead Stainless Steel Skin Kit, Hair Band",All Beauty,,4.2,61,LAYADO,
B07FZ5HZLM,[Old Version] QuickBooks Desktop Pro 2019 with Enhanced Payroll [PC Disc],All Beauty,,4.3,184,Intuit,
B08V4DW48W,M-BOX Long Curly Wavy Wigs 30 Inch 613 Honey Blonde Synthetic Wigs For Women Body Wave Wig Middle Part Natural Looking Heat Resistant Full Wig for Cosplay Party Daily Use (#613),All Beauty,,5.0,3,M-BOX,
B07XG74ZQ3,4 in 1 Travel Dispenser Bottle Sets (Pink),All Beauty,,4.0,104,CHIVENIDO,
B0876YYL2H,Plastic Clear Spray Bottles - 10 Packs 3.38oz/100ml Empty Refillable Containers with 1 Funnel for Perfume Essential Oils Liquids Aromatherapy Travel Cosmetic Makeup,All Beauty,,5.0,7,XONOR,
B08PVH18Z6,"WIS Hyaluronic Acid Moisturizing Facial Mask for Women Anti-aging, Deep Hydrating, Remove Wrinkles, 24 Pack Sheet Mask for Dry and Sensitive Skin Care",All Beauty,,4.2,46,+WIS+,
B09V1WZTDP,"Sunny Isle Jamaican Black Castor Oil Pure Butter infused with Tea Tree Oil, 4 Oz",All Beauty,9.99,4.4,34,Sunny Isle,
B07T4LKC4D,WIS Acne Skin Pleiotropic Conditioning Face Mask Acne Scar Remover & zit Treatment & Blemish Fightting & Reduce Pores | Organic Mask Care Acne Prone skin-24 Pcs,All Beauty,,4.4,67,+WIS+,
B0914JBBTV,"Bioré J-Beauty Makeup Removing Moisturizing Cleansing Jelly, Top Japanese Makeup Remover, Gentle Skin Cleanser, Mild Floral Fragrance, Non-Greasy, 7.8 Ounce",All Beauty,11.95,4.4,879,Bioré,
B0943P5CYB,PHOERA 30ml Foundation Liquid Full Coverage 24HR Matte Oil Control Concealer (Nude & Buff Beige) with Makeup Face Primer & Wooden Handle Foundation Brush & 7Pcs Makeup Sponge Blender Set,All Beauty,,4.2,98,SIGHTLING,
B08NC4378M,Plant Therapy Natural Acetone Free Nail Polish Remover 6 fl oz One Touch Dispensing Bottle with Flip Top Cap Tropical Flower Scent,All Beauty,,4.2,362,Plant Therapy,
B07Q4YCBWD,Best Mom Ever French Milled Luxury Soap Set of 3 Bars (6.35oz),All Beauty,,4.2,18,Jolitee,
B08Z2TZTMY,"Vitamin C Cream - USDA Certified Organic Facial Cream - Advanced Formula - Potent Botanical Blend - Anti-Aging, Hydrate, Anti Wrinkle, Diminish Blemishes - 2oz",All Beauty,,3.9,28,Everyday Beauty Helping You Feel Beautiful Inside And Out,
B095YJWW86,"DJJKKL Magnetic Eyelashes, Colored Magnetic Eyelashes with Eyeliner Kit, Magnetic Lashes Reusable Natural Party Looking [10 Pairs - 10 Styles]",All Beauty,,3.2,34,DJJKKL,
B083BGCKLF,Avajar Pore A-Solution Mask 10 Pack - Hydrating Face Masks | Moisturizing Face Mask | | Korean Face Mask Sheets Pack,All Beauty,,4.0,14,a DAILY SELF-CARE COSMETICS avajar,
B07RM722DH,"Queendom Unlashed Mascara | Volumizing and Lengthening | Boosts Lash Length | Vegan, Cruelty Free, Paraben Free",All Beauty,,3.3,32,Queendom,
B07J3GH1W1,"Manicure and Pedicure Nail Clipper from POWERGROOMING - Powerful Trimmer for Thick and Thin Finger Nails and Toe Nails - Included Nail File and""Catcher"" for Easy Cleanup (1 Pack)",All Beauty,,4.1,35,POWERGROOMING,
B07ZHGNPZM,"Imbue Intimate Wash for Women| Vegan Feminine Wash | Alcohol Free, Sulphate Free, Paraben Free, No Artificial Fragrance | 3.38 oz",All Beauty,10.8,3.8,89,IMBUE,
B0912BNP4J,Girlz Squad Foot Spa Sets for Girls Ages 7-12 with Nail Kit for Kids - DIY Manicure and Pedicure Set with Foot Care Kit Perfect for Sleepovers and Slumber Party. Helps Develop Self-Care and Creativity,All Beauty,49.95,4.5,276,Girlz Squad,
B08Z3THTQT,Shower Cap – 2 pcs Large Shower Cap – 15 inch Extra Large Shower Cap for Women – Waterproof Polyester Design with Inner Satin Layer - Adjustable Shower Cap with Buckle and Tightening Belt,All Beauty,,4.7,85,Dusjhet,
B00O2FGBJS,Argan Magic 100% Pure Argan Oil – Moisturizing Oil that Infuses Skin with Enriched Hydration | Leaves Skin Restored & Refreshed | Non-Greasy | Rich in Vitamin E | Made in USA | Cruelty Free (2 oz),All Beauty,,4.1,77,Argan Magic,
B0929H24R1,Dr. Bessette Naturals Facial Beauty Bars | Doctor Created (Geranium & Rose Clay),All Beauty,,4.1,6,DR. BESSETTE NATURALS,
B089ZQ8Y95,"Glass spray bottle-16 ounce empty bottle ounce refillable container 2 packs, suitable for essential oils, cleaning products, aromatherapy, water mist plants with mist and air flow settings",All Beauty,,4.5,223,DS DOODLE SABBATH,
B0B4MR9BXN,JUNG SAEM MOOL OFFICIAL] JUNGSAEMMOOL Minifying Cica Mist Balm,All Beauty,,4.2,27,JUNG SAEM MOOL,
B08VKNT86J,"Movo Matte Liquid Foundation and Makeup Sponge Set – 5 Shades Medium Coverage Lightweight Feel Liquid Foundation for Combination / Oily Skin, Flawless Natural Look with Matte Finish 1.0 oz (#3 Medium beige)",All Beauty,,3.8,45,Movo,
B01GBZT5GM,"SKEDERM EXHYDRO Ceramide Complex Moisturizer, Intensive Repair and Hydration Daily Face Cream, 50ml",All Beauty,,3.8,54,BBInfinite,
B08GMC5ZRY,"Black Wolf - Men’s Ultra Hydrating Moisturizer - 1.7 Fl Oz – Soothe Dry, Patchy & Flaky Areas on your Skin - Fast Absorbing Formula Won't Feel Heavy or Greasy - Sulfate Free for Dry Skin",All Beauty,,4.6,78,Black Wolf,
B08GS1G9BH,"Soo'AE Sweet Pink Bubble Mask, Clarifying & Softening, 1 Count",All Beauty,,3.6,15,SOOAE,
B088FBNQXW,MainBasics Headband with Buttons for Face Masks (Gray),All Beauty,,3.7,125,MainBasics,
B07Z5BW8WL,"Bloomy Essentials Organic Tea Tree Essential Oil 10 mL - USDA Certified Organic - Hair, Skin, Toenail Fungus, and Acne - 100% Pure",All Beauty,,4.6,186,Bloomy Essentials,
B07YNH56W5,"MediLift 3D Micro-filler Patch - Micro Tip Patches for Wrinkles, Fine Lines, Smile Lines 2 x 4 sets (8 pieces)",All Beauty,,3.4,60,MEDI LIFT,
B08JCZNL2P,"Bold Men, Beard Oil 30ml- Beard Oil, Conditioner and Softener, Natural Essential Oils of Cedarwood and Patchouli (Freshman)",All Beauty,,4.5,8,BOLD MEN,
B0925WGY2F,"6 Colors Liquid Glitter Eyeliner Set, Metallic Shimmer Glitter Eye Makeup, Waterproof Long Lasting Red Gold Blue Brown Silver Sparkling Pigment Eye Liner Kit for Party Festival",All Beauty,,4.0,18,POZILAN,
B085SWH8RG,"Organic Vitamin C Serum For Face with Hyaluronic Acid - Luxurious Formula Made with Only Natural Organic Ingredients. For Acne, Wrinkles, Fine Lines, Age Spots, Sun Damage (1 oz)",All Beauty,,2.7,26,Brittanie's Thyme,
B098JXHFJJ,BONDTIGHT Jade Roller for Face Jade Roller Gua Sha Set Face Roller Massager Tool for Face Skin Care Tools Roller Relieve Wrinkles Tighten Skin,All Beauty,14.99,4.8,5,BONDTIGHT,
B088GWCVVJ,"Easydew Daily Double Hydra Cream 2.02 fl oz - Moisturizing Cream with EGF & Serine of NMFHydrating, Soothing, Anti-Aging EGF, Serine - N.M.F(Natural Moisturizing Factors) for Oily, Sensitive, Acne-Prone, Dry Skin Types",All Beauty,,4.5,42,EASYDEW,
B08BBJHJGM,"Astara Blue Flame Purification Mask, 2 Ounce, 2 PACK",All Beauty,,4.5,37,Astara,
B08QHP717Z,Nxconsu 12Pcs Headbands for Women Girls Teens Elastic Hair Bands Silky Solid Colors Pleated Crinkle Head Band Fashion Trendy Outfit Colorful Thin Comfortable Hair Accessories for Home Work Gym Casual,All Beauty,,4.6,31,Nxconsu,
B07SD7GP25,Wet Dry Body Bath Foot Brush - 2 Pack With Massage Nodes & Long Handle - Removes Dead Skin And Toxins - Improve Your Circulation - Natural Bristle Back Scrubber for Exfoliating Skin & Foot Scrub Leg,All Beauty,,3.9,79,Kitchen Krush,
B0B5X48DZR,"HATELI Six types of combs Detangling Pet Comb with Long & Short Stainless Steel Teeth for Removing Matted Fur, Knots & Tangles – Detangler Tool Accessories for Safe & Gentle DIY Dog & Cat Grooming (61 tooth long and short flea comb)",All Beauty,5.99,4.3,24,HATELI,
B0BG6WX4DH,AG Care Natural Remedy Apple Cider Vinegar Leave On Mist,Premium Beauty,21.0,4.4,265,,
B096YFBWGX,"XXI Skin | Bio-Pure Vitamin C Lotion | Provides 24 Hours of Hydration | Minimizes Fine Lines, Daily Facial Moisturizer, 2 Fl Oz.",All Beauty,,4.0,30,XXI Skin,
B081ZN3TD5,JPNK 4PCS Anti-Static Detangling Fine & Wide Tooth Shower Comb Set,All Beauty,,4.1,58,JPNK,
B08T96NYB9,"CHEROO Heated Eye Mask, Weighted Eye Compress with Natural Flaxseed & Adjustable Strap, Moist Heat for Men Women Dry Eyes, Blepharitis, Stye & Puffy Eyes (blue)",All Beauty,,3.9,48,CHEROO,
B083XRBG99,ELSHA Soap 3-Pack GARDEN THYME Box Set,All Beauty,,3.5,2,ELSHA,
B095YMNNJD,8Pack Women's Headbands Yoga Workout Exercise Headband Sweat Wicking Hair Bands (Color M),All Beauty,,4.3,12,Cmonie,
B01LKL38KG,"Water Wave Virgin Hair Closure Unprocessed lace closure 4""4"" human hair closure free part (18"" free part, natural color)",All Beauty,,3.8,4,Perstar,
B08LYT4Q2X,"Organic Sweet Almond Oil and Fractionated Coconut Oil Bundle for Hair and Skin, 100% Pure and Natural, Hexane-Free, Moisturizing, For Healthy Skin, Silky Hair, Multiuse Body Oil, 16 fl. Oz X 2",All Beauty,,4.5,167,Shiny Leaf,
B00014DMLO,"BURTS BEES Marshmallow Cream, 1.5 OZ",All Beauty,,4.0,15,Burt's Bees,
B093P6TCN7,Lanmerry Red Dot Hot pink Dot Sparkle Bow Sequin Mouse Ear Velvet Scrunchies for women and Girls(dot-FQ),All Beauty,,4.5,29,Lanmerry,
B08M256NMN,"Wonderskin Wonder Blading Peel and Reveal Lip Stain Kit, Long Lasting Lip Tint, Transfer Proof, Matte Finish, Waterproof Formula, Includes Lip Stain Masque and Activator (Romance)",All Beauty,,3.7,589,Wonderskin,
B083122WRC,COSYMAY 20 inch Human Hair Wig for Women Long Black Wig with Bangs 4x4 Lace Closure Straight Wig Brazilian Virgin Hair Full Wig Average Size 1B,All Beauty,,3.6,24,COSYMAY,
B07F2RQX2Y,"Oliveda F65 - Midnight Face Elixir Hydroxytyrosol Corrective | highly concentrated serum with retinol, hyaluronic acid, vitamin E - reduces wrinkles + regenerates the skin - 1 fl. Oz./30 ml",All Beauty,,3.9,19,Oliveda,
B07JDD2L3M,"Kerotin Hairspray - Flexible Hold & Volume with Provitamin B5 - Heat Protectant, Frizz Ease, Weightless Hair Spray",All Beauty,,4.1,101,K Kerotin,
B098FK3SNH,"Makana Vitamin C Serum for Face with Hyaluronic Acid - Collagen Serum, Dark Spot Remover for Face, Brightening Vit C Hydrating Serum and Facial Moisturizer for Anti Aging Skin Care, 1 Fl. Oz.",All Beauty,,3.5,6,Makana,
B08CZG1MQF,Reusable Cotton Swab Portable Silicone Swab Washable Cotton Swabs for Ear Cleaning Beauty Treatment Makeup Cotton Swab,All Beauty,,4.5,6,JAOYU,
B07DSC4X3K,The Sunset Dusk Palette | 15 Color Eye Shadow of BEAUTY GLAZED Eyeshadow Palette | QyeeCosmetics. - Amazon Vine,All Beauty,,3.9,51,Qyee Cosmetics,
B09ZDQ626L,"GOMAY Hydrating Amino Acid Foaming Facial Cleanser, Daily Face Wash for Makeup Remover with Face Cleansing Brush",All Beauty,,4.6,14,GO MAY,
B09FNTZFZZ,"Bloomeffects - Natural Tulip Dew Face Cream | Cruelty-Free, Non-Toxic, Clean Beauty (1.7 oz | 50 ml)",All Beauty,,3.2,25,Bloomeffects,
B08BYK8SKR,"Amtidy Women's Rhinestone Crown Tiara, Bridal Wedding Dance Party Birthday Party Women's Headband Tiara, Queen Tiara With Comb（Silver）",All Beauty,,3.7,119,Amtidy,
B08JD4GGYB,FAELBATY 2 Pack Shower Caps for Women Waterproof and Reusable Elastic Printed Shower Cap Beauty Salon Spa Shower Caps (leopard),All Beauty,,4.0,55,FAELBATY,
B01ETWL5B2,Beauty Brags Mini Nail Polish 10-Piece Collection Set,All Beauty,,3.9,10,Beauty Brags,
B0881MBQQF,"Pumice Stone for Feet, 2 in 1 Double Sided Hard Skin Callus Remover for Feet,Hands and Body, Exfoliator Pedicure File Block Callus Remover Scrubber (Pack of 4)",All Beauty,,4.4,101,KSang,
B0943Y3Z8N,Jopuzia Natural Jade Roller for Face and Gua Sha Set - Beauty Cosmetic Facial Skin Roller Massager Tool (Pink Heart set),All Beauty,9.99,2.0,1,Jopuzia,
B08X3FRLVZ,12pcs mini children girls plastic hair clips Kids claw gift Random 12 fruits clips,All Beauty,,4.5,3,YILINORNA,
B01HQUON7M,GIMME Glitter Garden Clips 8pc,All Beauty,,2.7,7,GIMME,
B08DKK7KXV,"Portable Travel Bottles Set,Leak Proof Squeezable Silicon Tubes Travel Size Toiletries Containers,TSA Approved Refillable Travel Accessories for Shampoo Liquids (1.3Oz,4 Pack)",All Beauty,,4.2,83,ZAYOR,
B07SW7D6ZR,"Kale Firm & Smooth Body Lotion - Superfood Infused Firming Body Lotion with Kale. 6.8 fl.oz, Anti-Aging Moisturizing Lotion For All Skin Types",All Beauty,,3.9,51,Cancun Collection,
B07F8PCLDV,"Hair Straightener, Flat Iron for Hair Styling, 2 in 1 Hair Curling and Straightening Tool, Non-Damage Floating Ceramic Plates, Adjustable Temperature 300°F-450°F for All Hair Types and Lengths",All Beauty,,3.7,36,COOQIN,
B08FCTM1SP,"Face Cleanser Stick by Disco for Men, Hydrating, Removes Dirt and Build Up, All Natural and Paraben Free, Eucalyptus Scent, 2.12 Ounces",All Beauty,,4.3,102,Hibeauty,
B09C5NQSC5,"Cuckoo Face Makeup Oil-Absorbing Volcanic Face Roller,Jade Roller Set Facial Beauty Tools,Face Roller Skin Massager for Face",All Beauty,23.99,3.5,25,Cuckoo,
B08532CNY7,Feather Headbands Hippie Dreamcatcher Head Chains Boho Tribal Feather Headpiece Peacock Feather Hair Band Hair Accessories (E),All Beauty,,4.0,5,NSLS,
B08PTZL95G,"Velvet Women Headband with Buttons,YANJIE 6 Pcs Hair Band Ear Protection Holder for Nurses Doctors Non Slip,Stretchy Leopard Head Bands Fashion Unisex Hair Accessories Head Wrap 20inch",All Beauty,,3.9,66,YanJie,
B09LX1NLG3,"AllWell Beauty | Moisturizing Exfoliating Botanical Radiant Face and Body Mask | With Red Maple, Safflower, & Lavender | Made in the USA | Vegan, Cruelty-Free | 5 Count, 0.5 Fl. Oz. Travel Packs",All Beauty,,4.3,24,AllWell AllOver,
B07JGRW1M9,Brazilian Deep Wave Closure 4x4 Free Part 100% Unprocessed Virgin Human Hair Deep Curly Lace Closure Natural Black by Msjoli (20 Inch Free Part),All Beauty,,3.3,6,,
B08LDB8FTW,M-BOX Straight Short Bob Wig Women’s Bob Wig With Bangs Heat Resistant Fiber Hair Synthetic Wig None Lace Cosplay Wigs Natural Looking（#30 14inch）,All Beauty,,3.7,8,M-BOX,
B08Y1617JL,"Brown Mascara 2Pcs Silicone Brush Head 4D Natural and Long Lasting Lash Blast Volume Mascara, 0.27 Fl Oz",All Beauty,,3.0,13,Marine Forest,
B07KQ32Z8C,"APIVITA Queen Bee Holistic Age Defense Night Cream 1.69 fl.oz. |Intensive Night Treatment That Speeds Skin Regeneration, Smooths Wrinkle & Increases Skin Elasticity with Royal Jelly & Hyaluronic Acid",Premium Beauty,,3.6,37,,
B084D86YL8,MD Complete Bright & Healthy Citrus-C Refresh Retinol + Vitamin C Multitasking Treatment,All Beauty,,3.9,34,MD Complete by Dr. Brian Zelickson,
B095RWJJB8,"Summer Crystal Hair Clip Sparkling Sequins, Double-Layered Alligator Clip Hair Bow Accessory For Women and Girls, Made in Korea, Daily, Party, Cosplay (Holographic)",All Beauty,,4.5,3,Summer Crystal,
B08M3C6LVS,"24K Gold Under Eye Mask– 20 Pairs- Under Eye Patches with Face Massager Roller, Anti-Aging Hyaluronic Acid Collagen Eye Masks for Dark Circles and Puffiness Dark Under Eyes Treatment",All Beauty,,4.0,18,FRLEDM,
B08Y8723D6,AISI BEAUTY Short Wavy Bob Wig with Bangs Shoulder Length Burgundy Synthetic Bob Curly Wigs for Women Natural Looking Heat Resistant Fiber Hair,All Beauty,,4.1,14,AISI BEAUTY,
B086VK22QT,20 PCS Zoostliss Nail Polish Remover Clips,All Beauty,,4.5,112,Zoostliss,
B07D8LWWDW,"Oliveda F59 - Hydroxytyrosol Corrective Firming Face Serum | Instant effect light lines | Hyroxytyrosol, paracress extract, natural hyaluron - tightens the skin + fine pores -1 fl. oz/30ml",All Beauty,,3.8,14,Oliveda,
B07H53GCV2,10 Pcs Brown and 10 Pcs Black Wig Grip Headband for women,All Beauty,,4.0,238,Aksice,
B08HX5J4P5,"Aibilye Shower Cap, 3Pcs Shower Cap For Women,Shower Cap For Kids, Double Waterproof,Hair Care Cap,Salon Shower Cap,Reusable, Medium Size(STYLE-1)",All Beauty,,4.5,13,Aibilye,
B094TBJ2QN,"Sibu NotOr Omega 7 Sea Buckthorn Oil Soft Gels, Anytime Face Wash, Facial Defense Oil, Skin Cleansing, Skin Moisturizing Core Kit",All Beauty,,3.9,24,sibu,
B09L33VJCL,allez outdoor | Biodegradable Cleansing Cloths | Natural Plant-Based Face and Body Wipes | PH Balanced | Cactus Bloom and Chaparral Scent | 20ct Individually Wrapped Towelettes,All Beauty,22.0,4.5,137,Allez,
B09492T3QR,"BooYoor 6 Packs Butterfly Locs Crochet Hair 12 Inch Handmade Butterfly Faux Locs Crochet Hair Pre Looped Distressed Locs Crochet Braids (12Strands/Pack,1B#)",All Beauty,,3.6,15,BooYoor,
B0881X5HJX,"KISSIO Color Changing Lipstick,Discoloration and Moisture retention,Temperature Sense Changing Color,Long Lasting Color,Fresh Colors(05#Cherry Red)",All Beauty,,3.5,8,KISSIO,
B08BKWLHYP,"ZOUSZ Black Oud Vegan Beard Balm - Classic Wood-Scented Facial Hair Grooming and Skin Care Butter for Men - Avocado, Argan, Macadamia Oils - Vegan Moisturiser, Conditioner, and Dandruff Remover",All Beauty,,4.2,239,ZOUSZ,
B0842BXM5M,"The Henna Guys Hair Finishing Stick, Frizz Control Hair products, Broken Baby Hair Gel - Hair Wax Stick for Flyaway Hair - Faster & Quickest Solution for Neat Hair Styles (1 Pack)",All Beauty,,3.8,55,The Henna Guys,
B08LPGZMQK,"Spanature Aloe Vera Hand & Body Lotion Travel Size Selection, 4 Pack, Relaxing and Revitalizing Moisturizer for Rough and Dry Skin, Nourishing and Gentle for All Skin Types, Made In Korea - 75 ml/2.53oz",All Beauty,,3.9,31,Spanature,
B08B6BPPS1,Magnetic Eyelashes by UJM，3 Pairs Reusable Magnetic Eyelash and Eyeliner Kit Natural Look False Lashes with Mirror and Tweezers No Glue Needed Waterproof Magnetic Lashes Set,All Beauty,,3.7,448,UJM,
B093LSSHYB,"Fliurich Gua Sha Tool & Eye Massage,the ordinary peeling solution Natural Gua Sha Scraping Massage Tool,guasha for Facial Skin care & SPA Acupuncture Anti Aging Beauty Treatment (Green)",All Beauty,2.8,4.0,149,Fliurich,
B08F79Z1Q5,"MEACOLIA 6 Pack 8oz Water Mist Empty Spray Bottle for Hair,Plastic Spray Bottle for Cleaning Solutions,Refillable Container with Adjustable Head",All Beauty,,4.1,30,MEACOLIA,
B092M1WFTR,"BLAISTER Animal Print Headbands for Women, Leopard Print Head Bands Athleisure Hair Band Non Slip Stretchy Breathable Head Wrap Elastic Hair Accessories (Leopard Print)",All Beauty,,4.0,2,BLAISTER,
B07FH6WR58,"[DEWYCEL] Super Cover Cushoin (SPF50+/ PA+++, Cushion Foundation)",All Beauty,,3.5,12,DEWYCEL,
B07JDKTKPW,"RBA’s Firming Serum to Reduce Fine Lines and Wrinkles - Improve Overall Tone With Yarrow, Neem, and Spirulina - Daily Vegan Serum - 1 fl oz",All Beauty,74.0,3.9,23,Round Barn Apothecary,
B099NQM7MF,"Silk Exfoliating Mitt,Deep Exfoliating Mitt Body Scrub And Face Scrub,Dead Skin Removal Smooth Skin And Keratosis Pilaris Treatment",All Beauty,,3.1,40,VOFEL,
B08BS3WDPJ,"Karuna Oh, Glow On Face Mask Sheet, Skincare and Beauty Facial Masks with Moisturizing and Collagen Promotion Properties for Healthy Glow, Contain Green Tea, Vitamin C and Pineapple (3 Sheets)",All Beauty,,4.1,31,Karuna,
B0B8F6MWFJ,"Folie for Women EDP - Eau De Parfum 100ml(3.4 oz) | Saffron, Red Fruits, Hedione, Jasmine, Moss, Amber | Perfume, Perfumes for women, Women's fragrances, Fragrance, Womens perfume | by Intense Elite",All Beauty,49.9,3.7,31,INTENSE ELITE,
B08R6R1LNP,Real Hair Extensions Clip in Human Hair 18'' Clip in Hair Extensions for Women 7pcs Ombre Hair Extensions Human Hair 120g Remy Hair Extensions(4/27),All Beauty,,4.6,13,PLADIO,
B08MW3BNP8,"Christmas Headbands,Glitter Reindeer Antlers Headband Hair Accessories for Girls,Sequins Mouse Ears Green Bow Hairband for Women Christmas Party Cosplay Favor Headwear",All Beauty,,4.3,25,YanJie,
B08KZD8G9Q,Multifunctional Wig Stand Holder 2Pcs Portable Folding Stable Durable Wig Stand Wig Hanger for Multiple Wigs and Hats Vertical Wig Stand Hanging Wig Hangers Wall-mounted Display Styling Wig Dryer Tool,All Beauty,,3.5,25,CLIONE,
B094QK5NSZ,"Havtyyise-3 sets of men's and women's bathing exfoliating gloves, bath sponge with handle, loofah set is suitable for deep cleansing of the skin and body dead skin remover (about 31 inches long)",All Beauty,,3.9,9,Havtyyise,
B083BJTWWV,Avajar Aqua A-Solution Mask 10 Pack - Hydrating Face Masks for Women and Men| Moisturizing Face Mask | Collagen Face Sheet Masks Set | Korean Face Mask Sheets Pack,All Beauty,,4.1,42,a DAILY SELF-CARE COSMETICS avajar,
B08GP7CV1S,"KISSIO Black Mascara,Double-ended Mascara,Mascara 2 in 1,Black Thick Mascara,Stereotype & Thick,Clear Roots,Effective for 12 hours,2 Step,1 Tube",All Beauty,,3.4,22,KISSIO,
B089GR9CFM,"Senegalese Twist Crochet Hair Extensions - Ombre Blonde 32 Inch 8 Packs Pre-twisted Synthetic Crochet Braids Pre Looped Crotchet Hair Synthetic Braiding Hair(32 Inch,T27)",All Beauty,,3.9,10,ToyoTree,
B08F75GWBS,"CHUU x ETIQA Premium Makeup Puff Soft Fit Fashion Face Mask for Summer (Mint, M 6.69x5.71 in)",All Beauty,,3.6,32,CHUU,
B07ZQ1QXK7,"Jade Roller Microneedle Derma Roller 3 in 1 for Face Massager Tools Set, Beautlinks Real Natural Rose Quartz for Anti Aging Relaxing Eye Puffiness Wrinkles for Face Eyes Neck Body",All Beauty,,4.2,107,Beautlinks,
B06XZ1TLFG,"Hairitory Hair Peruvian Kinky Curly Virgin Hair With Closure Ombre 3 Bundles Deep Wave Human Hair Weave With Lace Closure # 1b 4 27 (20with22 24 26, 1B/4/27)",All Beauty,,3.2,21,Hairitory,
B0833F2HHN,Reusable Makeup Remover Pads - Pack of 21 Reusable Cotton Rounds with Laundry Bag - Washable Bamboo Makeup Remover Pads - Eco Friendly Organic Cotton Pads for all Skin Types,All Beauty,,4.3,131,Herbatica,
B088MG4JDK,"2 Pack Detangling Brush for Curly Hair, Wiisdatek Black Hair Detangler, Afro Textured 3a to 4c Kinky Wavy, Detangle Easily Wet/Dry/Long Hair for Beautiful Shiny Curls (Pink Blue)",All Beauty,,3.9,53,Wiisdatek,
B09LLKBZ3S,Morovan Gel Nail Polish Remover Kit - 16oz Gel Polish Remover Professional Remover Liquid Set with Soak-Off Clip Cuticle Pusher Nail File Quick Easy Remove UV Gel Polish Glitter Powder,All Beauty,,4.1,256,Morovan,
B09KX5N1DR,100% PURE Coconut Body Scrub Exfoliating Deep Cleanse with Sea Salts & Nourishing Oils - Natural Deeply Moisturizing Skincare - Vibrant Radiant Skin Restore & Pore Cleanser - Vegan - 10oz,All Beauty,38.0,3.8,25,100% PURE,
B08NSSH585,"6 Packs Butterfly Crochet Hair 12inch Bob Distressed Crochet Faux locs Hair Pre Looped Short Boho Soft locs Crochet Braids For Black Women (12inch 6packs, 1b)",All Beauty,,3.8,96,Flyteng,
B07FX94GYX,"Pore Strips, Blackhead Remover Charcoal Nose Strips Deep Cleansing 24 Strips",All Beauty,,3.4,79,CalMyotis,
B08DK74M1P,"Busy Co. Biodegradable Hydrating Hand Wipes, With Collagen and Peptides to Smooth and Improve Elasticity, 15 Individually Wrapped Wipes (Refresh Line - Fresh Citrus)",All Beauty,,3.5,39,BUSYCO,
B0845LNDJK,TCM Men's Cleansing Activated Charcoal Bar Soap - For all skin types - 5oz (1 Pack),All Beauty,,4.0,29,TCM,
B08VF3FMPZ,"Arswin Hair Scalp Massager Shampoo Brush,Soft Silicone Wet and Dry Double Sided & Exfoliating Back Scrubber for Face Shower Bath Body Brush for Men Women Kids with Free Adhesive Hook(Green)",All Beauty,,4.4,24,Arswin,
B07X8W7GJZ,"360 Lazy Susan Makeup Organizer, Rotating Bathroom Shelves Countertop Carousel Organizer Cosmetic Storage, Crystal Clear",All Beauty,,4.6,214,sanipoe,
B08P1X94FX,"Onkessy Blackhead Remover Mask Serum,Green Tea Oil Blackhead Removal Kit ,Blackhead Remover/Shrink Pore Serum with 100PCS Strips,Remover Mask Kit for Pores, Nose, Chins & Face",All Beauty,,3.4,39,Onkessy,
B0043XZXJI,Treasures Of The Sea Bath Kit 24.5oz,All Beauty,28.08,5.0,5,KAMA SUTRA,
B08P9J161D,DAILY CONCEPTS Daily Slip-On Exfoliator,All Beauty,17.71,4.4,7,DAILY CONCEPTS,
B08XYTTRPL,"SENGTERM Satin Bonnet Adjustable Sleep cap Double Layered Hair Bonnet Silky Cap for Women Curly Natural Long Hair (L, Black)",All Beauty,,4.7,6,SENGTERM,
B0848H7K2N,"Elite - Retinol Serum 2.5% - | Contains Hyaluronic Acid, Vitamin E, Aloe, Green Tea Extract | Manage Blemish Prone Skin | Reduces Fine Lines and Wrinkles | Enjoy Glowing Skin",All Beauty,,3.8,25,Simple Elegance Skin Care,
B08N57C9ZR,"Hydrating Eye Cream - Rapid Wrinkle Repair Anti-Wrinkle Retinol Under Eye Cream for Dark Circles & Under Eye Bags - Safe & Organic Skin Care - Wrinkle Eye Cream With Hyaluronic Acid, 0.7 fl. oz",All Beauty,,4.0,62,iBaste,
B08KT7FCYY,"Rancco Dried Flower Buds Fragrant Petals Ball, 10 Kinds Natural Organic Flowers Ball, Premium Grade Dried Blooming Flower Tea Balls for Tea, Baking or Bath Bombs",All Beauty,,3.1,81,Rancco,
B08NX1L1XZ,Body Wave Bundles 3 Bundles Natural Black (20 22 24),All Beauty,,3.4,28,ALIANNA,
B005R82T5E,"J.R. Watkins Natural Moisturizing Hand Cream, Hydrating Hand Moisturizer with Shea Butter, Cocoa Butter, and Avocado Oil, USA Made and Cruelty Free, 3.3oz, Pomegranate & Acai, Single",All Beauty,,4.4,376,J.R. Watkins,
B07XQKH3RY,"Eternal Matte Lovers Collection – 3 Long Lasting, Fast Dry Colors and 1 Nail Treatment, Matte Top Coat – 13.5 Fluid Ounces Each",All Beauty,,3.8,45,Eternal,
B07LGWMPL6,"ALLÉGRESSE 24 KARAT SKINCARE Gold Refining Facial Serum - Anti Aging & Anti Wrinkle Serum for Plumper, Firmer and Smoother Skin – Formulated With Progeline, Superox-C, 1 oz",All Beauty,104.5,3.1,28,ALLÉGRESSE 24 KARAT SKINCARE,
B0919LJ9WT,"18 Pack Hair Ties,Spiral elastics, Multi Color Hair Scrunchies, No Crease Spiral Hair Elastics,Hair ties for women",All Beauty,,4.4,203,Gomayee,
B08JCQ6HL2,"Ocean Wave Crochet Hair 9 inch 8 Pcs Natural Black Wavy Synthetic Braiding Hair Extensions (9 inch, 1B)",All Beauty,,3.9,9,TOYOTRESS PASSION TWIST,
B08RS762Z7,"Hair Bands for Women's Hair, Fashion Headbands, Headbands for Women, Headband for Fitness, Head Band for Outdoor Activities, Gift Pack 2pc, High Elastic, Non Slip, Breathable, Soft.",All Beauty,,4.2,60,Just Decors,
B0793JDW3W,ZEROID Intensive Lotion Korean Dermocosmetic Intensive Care for Severe Dry & Disordered Skin (200 mL),All Beauty,36.0,4.5,69,ZEROID,
B087G54FLM,"Poly Nail Gel Kit, 7 Colors Nail Extension Gel with UV Lamp, Poly Extension Decoration Kit, Base Top Coat Set with Rhinestone, Nail Molds, Complete Nail Art Gel Kits for DIY Manicure, Pink Nude Series",All Beauty,,3.9,715,AIFAIFA,
B08BXVGX6F,AMAJULIE Non Slip Flexible Silicon Wigs Fix Strong Hold Comfort Silicone Lace Wig Grip Transparent Headband Hair Band Adjustable for Lace Wigs (Dark Brown),All Beauty,,3.3,64,AMAJULIE,
B08BFBYNM1,"Facial Kit For Women - Includes Facial Mask, Facial Makeup Wipes, Nose Strips, Facial Cleansers, Facial- Self Care Package For Women (Gold Facial Kit)",All Beauty,,4.6,33,Golden Gift Box,
B08Z7FQGW3,S SNUOY Purple Crystal Vintage Queen Crowns Baroque Tiaras Wedding Bridal Queen Tiaras and Crowns for Women and Girls Party Headbands,All Beauty,,3.7,30,S SNUOY,
B094VSZNNK,"Ombre Wigs Short Bob Wigs 2 in 1 Curly Wig + Straight Wig Ombre Red Blonde Bob Wig for Women Synthetic Cosplay Daily Wigs(12"", Rust Red Blonde)",All Beauty,,3.3,14,BLSWANER,
B07WFQMC18,"SkinIntegra Urea Jojoba Sea Buckthorn Sacha Inchi Cream for Feet and Hand Moisturizing & Exfoliating Cream for Dry and Cracked Heels | Dry Feet Treatment & Cracked Heel Repair for Rough, Dry and Cracked Heels, 3oz Tube",All Beauty,,4.1,60,SkinIntegra,
B098PY23L2,BEHPAY Rhinestone Crystal Wedding Hair Side Comb Bridal Hair Accessories Bride Hair Piece for Women and Girl Sliver Color,All Beauty,,4.7,15,BEHPAY,
B08LZTCSDD,"KONITY 3D Mask Bracket/Frame, Face Bracket for Mask, Internal Support Frame For Easier Breathing and Makeup Protection (8PCS) (One Size Fits All)",All Beauty,,3.3,4,Konity,
B08P7QWN1N,CARLA Lacto Biome Red Shot Ampoule Essence Moisturizing Korean Skin Care Kbeauty Hydrating Face Serum for Sensitive Skin,All Beauty,,3.7,15,NY FASHIONCITY,
B08CGXT68T,Bybrana Hair 22 Inch Color Party Highlights Straight Hair Clip Extension. Multi-Color Heat-Resisting Synthetic Hair Extension for Party and Party Occasions (18 Pieces),All Beauty,,3.5,12,Bybrana Hair,
B07NPWK167,"13.5 fl. Oz. Goat Milk Facial Cleanser, Moisturizing Face Wash for Women, Hydrating Natural Face Wash, Anti-aging Face Wash, Face Wash for Aging Ski",All Beauty,15.97,4.1,213,L&I Apothecary,
B07FYG86VD,KATAIMUZI shaver electric Trimmer Grooming Kit Men's Electric Razor Facial Cleaning Brush Beard Trimmer,All Beauty,,3.7,11,KATAIMUZI,
B0BXB4J297,Moroccanoil Color Care Conditioner,All Beauty,26.0,4.5,129,,
B08C7MDQDG,ESPOIR Contour Powder #3 Light Gray | Natural Shadowing Effect with Flawless Tone | Light-Silky Veil Texture,All Beauty,,3.4,23,Espoir,
B08ZVJP6D3,Big Hair Claw Banana Clips with Flower Strong Hold Hair Grip Nonslip Hairpins Hairgrip for Women and Girls Hair Barrettes For Thick Hair (Green),All Beauty,,4.2,19,BOOVO,
B08S2LYN64,Long Black Wavy Wig with Bangs for Women Synthetic Wigs Natural Looking Realistic Wigs Hair for Daily Party Cosplay Use,All Beauty,,2.9,37,HNYBEE,
B07SFDCR4L,"Houseables Pimple Patches, Acne Patch, 8 & 12mm, Spot Treatment, Hydrocolloid Bandages, Healing Dots, Sticker, Zit Cover, Pimples Stickers, Mini, For Face, Blemish, Cystic Zits, Overnight, Bacne",All Beauty,,4.0,152,Houseables,
B08JPK6MKD,"KISSIO Lipstick Set,4Pcs Cigarette Matte Lipstick Set,Red Matte Pigmentation Lipstick,Long Lasting Waterproof Lipstick for women",All Beauty,,4.3,100,KISSIO,
B0844X4D53,"Marshique Touch Fit Glitter Cream Shadow 0.2Oz (Gold Beige White Clear Skin Tone Shiny mood) - Champagne Gold Pearl, Sparkle Eyeshadow, Waterproof and Longlasting for Under fat eye",All Beauty,,3.9,80,Marshique,
B095LCPL8F,"INH Semi Permanent Hair Color Share Bear Purple, Color Depositing Conditioner, Temporary Hair Dye, Tint Conditioning Hair Mask, Safe, Purple Hair Dye - 6oz",All Beauty,,3.3,13,INH,
B09999NFJM,Wispy Mink Lashes IZONI'MME 20 Pairs False Eyelashes Faux Mink Lashes 5 Styles Eye Lashes Sets Pack Lashes Natural Look 16-20MM 3D Mink Lashes,All Beauty,,4.4,8,IZONI'MME,
B08PCTPXY9,"Stamped Glorious Short Hair Extensions Halo Wire Sercet Crown Synthetic Wavy Curly Brown Blonde Bayalage Hairpieces For Women Invisible (16 inch, 16H613)",All Beauty,,2.2,15,Stamped Glorious,
B0924896KW,"SIAMHOO Face Wash Refreshing Facial Cleanser with Natural Sea Buckthorn Deeply Clean Pore & Acne Oil Control Cleansing Skincare, 125ml",All Beauty,,3.8,20,SIAMHOO,
B082WX9SHN,[Abib] Facial soap brick (PINK),All Beauty,,3.4,5,Abib,
B098KCD857,"HH&LL 4pcs Large Hair Claw Clips, 4.3inches Nonslip Strong Hold Clip for Thick Hair (Shiny)",All Beauty,,4.5,367,HH&LL,
B07NVTT4JS,"MOGALIXE AZO-Free Turban Twist - Rapid Drying Microfiber Hair Towel Wrap, (4 Pack) One Size Fit All, Lightweight Super Absorbent, Less Strain and Friction on Your Hair",All Beauty,,4.3,92,MOGALIXE,
B08CGFR74H,"FRESHME Facial Sheet Masks - Hydrating Face Mask Allantoin Sodium Hyaluronate Aloe Vera and Punica Granatum Fruit Extract Moisturizing Plant Facial Mask, Combo 6 Pack",All Beauty,,4.5,137,FRESHME,
B08FHM855R,"AOFLLU Crystal Diamond Headband - 2PCS Rhinestone Beaded Headband, Bejewelled Hairband Padded Headwear for Woman Girls, Rainbow Silver",All Beauty,,4.5,33,AOFLLU,
B07SY7WPS4,"SOFTACULOUS Foot Peeling Mask Booties – 2 Pairs, Baby Soft Skin in 7 Days",All Beauty,,4.4,39,SuiteMade,
B07YFQ4C9S,"GLY MIRACLE Skin Humectant Body Skin Lotion 4 oz Tube Deep, Nourishing Hydration for Dry, Cracked, Irritated Skin; Hands, Cuticles, Body, Face, Feet, Non- Greasy; UNSCENTED",All Beauty,,4.7,11,GLY MIRACLE,
B08RQZ3F3L,"Simply Dana Coconut Lip Scrub, Exfoliate and Plump Your Lips, 0.4 oz (12g)",All Beauty,,3.9,18,Simply Dana,
B07MRFZQVW,Jade Roller for Face 2 in 1 Gua Sha Tools Including Rose Quartz Roller and Jade Face Massager 100% Natural Jade Facial Roller Anti Aging Face Roller Massager (Green Jade),All Beauty,,4.3,108,QUALEAP,
B08CTYRD22,Padded Rhinestone Crystal Headband Bejewled Wide Velvet Hairband Statement Bridal Wedding Party Headwear Hair Hoop Hair Accessories (rainbow),All Beauty,,4.6,34,JERTOCLE,
B08NPGDHLM,Long Wavy Blonde Wig Ombre Blonde mixed Brown Wigs for Women Middle Part Natural Honey Blonde Hair Synthetic Cosplay Daily Wigs (22 Inch),All Beauty,,4.0,32,Aokiya,
B01N1NULWQ,"Mediterranea - Unica Lux Sleeping Mask - Energizing and Illuminating Facial Treatment - with Moisturizing Oils, Platinum Powder and Black Pearls - 50 gr",All Beauty,,4.7,6,MEDITERRANEA COSMETICS,
B091KWDVJS,"LAPOTHICELl Zincthenol Balm 70mL/2.37 fl. oz, Zinc Oxide, Panthenol, Norishing, Soothing Cream, Moisturizer",All Beauty,,4.7,12,LAPOTHICELL,
B07YFQMY8L,"[FORENCOS] Eyebrow Tattoo Precision Pen- Microblading Eyebrow Pencil with a Micro-Fork Tip Applicator Creates Natural Looking Brows,Waterproof Ink Brow Gel Tint, All Day Proof (03 Ash Brown)",All Beauty,,3.7,23,Forencos,
B087QY82WY,Jumbo Braiding Hair Extensions 3 Packs 165G High Temperature Synthetic Fiber Single Color Jumbo Braids ( Black ),All Beauty,,4.3,3,UHair,
B07QN8CGPL,N3 No Name Necessary Pore Minimizing Moisturizing Scented Long-Lasting Anti-aging and Hydrating Face Primer Spray – (200ml),All Beauty,,4.0,180,No Name Necessary,
B093VL2JQQ,10 PCS Women Headbands Elastic Soft Hair Bands Solid Color Non Slip Sweat Hair Wrap Yoga Sport Head Band for Girls,All Beauty,,4.0,53,Jesries,
B07YTWPT2J,"COSMETEA White Tea Super Moisture Toner with Vitamin C, Niacinamide & Amino Acids-Anti-oxidants|Korean Skin Care",All Beauty,,5.0,12,Cosmetea,
B083G2PVX3,"QIC 4D Silk Fiber Lash Mascara, Fiber Mascara, Waterproof Mascara, Natural Thick Thickening and Lengthening Mascara Lasting All Day, Waterproof, Smudge Proof Eyelashes",All Beauty,,3.7,43,Joruby,
B08WPXVK2P,"SO'BiO étic | Baby Soothing Diaper Cream | Organic and Gentle for Newborn, Infant, Toddler | 3.38 fl oz",All Beauty,7.19,3.8,27,So'Bio Étic,
B08HGZXLP6,"Empty Amber Glass Spray Bottles - (4 Pack) 16 oz with Labels Refillable Container for Essential Oils, Cleaning Solutions, Cleaning Products, Hair, Plant Mister, Daily Shower, Gardening or Aromatherapy",All Beauty,,4.5,517,AYL,
B08693T3XR,"6 Pack Spray Bottles,Empty Plastic Clear Small Transparent Travel Bottles Pump Bottle Lotion Dispenser Bottle Set,Refillable Liquid Containers 3oz and 2 oz",All Beauty,,4.3,166,Cehomi,
B08TB3DZ1D,Prairie Rose Organics Cocoa Butter Cream Peppermint Body Butter - Mint Cocoa Whipped Body Cream,All Beauty,,4.2,54,Prairie Rose Organics,
B08DV6T69H,Fdsweetzj Girl's gray Glueless Natural Fluffy Curly Wavy Wigs Hair. Bangs Long Synthetic Heat Resistant Fiber Wave Cosplay Party Wigs for Black Women (Aoki linen gray Color 24 Inch),All Beauty,,3.5,5,Fdsweetzj,
B07T4JF9M7,"Gentle Facial Cleanser w/Moroccan Rose Water, Calendula, Aloe| Great for Dry, Sensitive and Combination Skin. Face Wash, Acne Defense,Anti-Breakout, Blemishes | 6oz.",All Beauty,,4.0,50,MARGANO,
B08T5LG5FT,Makeup Brushes 12PCs- CLOWII Professional Premium Birch Handle Makeup Brush Foundation Concealer Brush Set of 12 with 1 Makeup Cleaner(Black),All Beauty,,4.6,25,CLOWII,
B083BLZJ9M,Avajar Elasticity A-Solution Mask 10 Pack - Hydrating Face Masks for Women and Men| Moisturizing Face Mask | Collagen Face Sheet Masks Set | Korean Face Mask Sheets Pack,All Beauty,,4.3,18,a DAILY SELF-CARE COSMETICS avajar,
B00094DTSW,"BURTS BEES Marshmallow Cream, 1.5 OZ",All Beauty,,4.0,15,Burt's Bees,
B08YJV9YL2,Bouquet Garni Body Shower White Musk - Unique Fragrance Decanting Engineering Method gives Long Lasting Rich Fragrance - Gentle and Mild Cleansing Scented Body Wash with Natural Surfactant 17.85 Fl Oz,All Beauty,13.99,4.0,212,Bouquet Garni,
B07ZQRX7FX,"No Brainer Gentle Facial Cleanser, 6 fl. oz, For Dry & Sensitive Skin, Leaves Skin Feeling Clean, Soft and Hydrated, Hydrolyzed Rice Protein & Amino Acids Restores Skin by Higher Education Skincare",All Beauty,,4.8,29,Higher Education,
B097YYB2GV,"Makeup Blender Sponge- Makeup Sponges For Foundation And Beauty Products- Latex Free Makeup Sponge- Beauty Sponge For Liquid, Cream And Powder Makeup. ACSU",All Beauty,,4.5,36,ACSU,
B08BF4BKKM,"Facial Kit For Women - Includes Facial Mask, Facial Makeup Wipes, Nose Strips, Facial Cleansers, Facial- Self Care Package For Women (Multivitamin Facial Kit)",All Beauty,,4.5,26,Golden Gift Box,
B08PPF5HRZ,"Jade Roller & Gua Sha Set, Rose Quartz Facial Beauty Roller Product Skin Care Tools, Face Massager Roller for Skin, Eyes,Neck- Authentic, Durable, Noiseless Design",All Beauty,,4.8,10,Okela,
B0943TKSQ9,"Immu-nat Reboot 24K Colloidal Gold Spray - 100PPM - 3.4oz - Revitalizing Hydrating Mist - Reduces Wrinkles, Boosts Cell Regeneration & Collagen Production - Elegant Glass Bottle",All Beauty,16.89,4.4,21,Immu-nat,
B0B6DPNJHQ,"[SKIN&LAB] Barrierderm Milky Serum | Infused with Milk Ceramide Complex, Squalane, and Panthenol to Nourish Skin | Lock Moisture in Skin and Repair Skin Barrier | Hypoallergenic & Dermatologist Tested | Made in Korea | 1.69 Fl Oz",All Beauty,20.99,4.4,35,SKIN & LAB SKIN SCIENCE SOLUTION,
B08F7WFLCT,"Make-up Organizers Storage Cosmetic Organizer Display Case Dustproof Storage Box Waterproof Holder Used for Bathroom w/Handle Christmas Gift 12""L x 16""H White",All Beauty,,4.1,34,LOMANTOWN,
B09HGVRZCS,"Magnetic Eyelashes with Eyeliner, 10 Pairs Magnetic Eyelash Natural Look, Upgraded 3D False Lashes Magnetic Eyeliner Kit with Tweezers and 2pcs Magnetic Eyeliner, Reusable, No Glue",All Beauty,,3.9,36,Mussozy,
B083TLNBJJ,"BE PLAIN Vitamin Ampoule 1.01 fl oz. - Korean Multi Vitamin Serum for Face with Vitamin B, Vitamin C, Vitamin E, Hyaluronic Acid",All Beauty,,4.0,128,Be Plain,
B089RLLT5C,Purple Hair Mask for Blonde with Keratin & Jojoba Oil - Platinum & Silver Hair - Instantly Eliminate Brassiness & Yellows - Made in USA - Hair Toner - Bleached & Highlighted Hair - Sulfate Free - 8 oz,All Beauty,,3.9,545,WELLUTION,
B09ZNXX417,FantaLook Short Heart Styled Reddish Brown Heat Resistant Wig with Teeth Necklace Earrings for Halloween Party,All Beauty,24.9,4.6,553,FantaLook,
B07KV31WDS,3 Pack Hair Towel Wrap Turban Microfiber Drying Bath Shower Head Towel with Buttons - Quick Magic Dryer Dry Hair Hat Wrapped Bath Cap,All Beauty,,4.2,28,Sunboom,
B08HXQ3T9K,"invisibobble Sprunchie Spiral Hair Ring - True Black - Scrunchie Stylish Bracelet, Strong Elastic Grip Coil Accessories for Women - Gentle for Girls Teens and Thick Hair",All Beauty,11.49,4.7,219,invisibobble,
B08B83GH77,BEPHOLAN Facial Skin Massager For Slimming Firming Reduce Wrinkles and Skin Rejuvenate,All Beauty,,4.9,34,BEPHOLAN,
B09MKLLL5J,"YiJiaBa Temporary Tattoos 430 PCS, Forest Animals, Insects, Sea Animals, for little Boys and Girls Non-Toxic Food Grade Ingredients Safe Removable",All Beauty,,4.1,21,YiJiaBa,
B086MN4SRX,"Pretty Frank Natural Deodorant Jar- No Aluminum Deodorant for Women, Men, Teens, & Kids – Paraben Sulfate Free Cream Deodorant with Shea Butter, Coconut Oil, Vitamin E & Baking Soda (Jasmine)",All Beauty,,4.3,60,PRETTY FRANK,
B08RYN11N9,"Sand & Sky Face Roller & Massager Tool. Aussie Skincare Essentials Firming Face Roller, Sculpt, Sooth & Contour to Banish Puffiness and Boost Serum Absorption.",All Beauty,,4.8,26,Sand & Sky,
B08628RC6W,Short Black Curly Afro Wig for Women Short Pixie Wig Halloween Cosplay Wigs Short Curly Afro Synthetic Hair Replacement Wig…,All Beauty,,3.2,122,Sallcks,
B083NQXML4,"Mtmei Hair 6 Packs Faux Locs Crochet Hair Goddess Locs Dreadlocks Extensions 18"" 21 Strands Faux Soft Locs Crochet Braids Curly Faux Locs Braiding Hair (#1B Black)",All Beauty,,4.6,117,Mtmei hair,
B089GK1KHW,"Eyebrow Stencil ,Eyebrows Grooming Stencil Kit Reusable Styling Tool with 1 Eyebrow Pencil (ES 8pcs-coffee（new style))",All Beauty,,3.1,31,VANGAY,
B09NCJHDX3,"Osmotics Eye Lash Enhancing Serum - Eyelash & Brow Growth Serum for Fuller, Healthier and Bolder Looking Lashes - Advanced Formula Formulated with Biotin and Natural Growth Peptides for Longer, Thicker and Darker Eyelashes - Nourishes, Conditions, Strengthen, Enhance, Moisturize and Lengthen Natural Lash and Brows",All Beauty,80.0,3.9,26,Osmotics Cosmeceuticals,
B00JXRBVYU,"B.O.N Skincare Nourishing Body and Facial Oil - All Natural Blend of Grape Seed, Rosehip Seed and Avocado Oil with Added Vitamin E, Spray Bottle | No Mineral Oil - 100 mL (3.38 FL. OZ.)",All Beauty,,3.5,96,B.O.N Skincare,
B0832Z7KFJ,"Flyaway Hair Finishing Stick Bangs Fixing Gel Small Broken Hair Styling Wax, Moisturizing Refreshing and Non-Greasy,15ml",All Beauty,,3.9,230,SHVYOG,
B08BY9P4HR,BFWood,All Beauty,,4.3,57,BFWood,
B0B2L218H2,"PINROSE Perfumes Bold Soul - Eau de Parfum Petals (Fragrance Towelettes) - Vegan, Cruelty-free, and Hypoallergenic Scent with Essential Oils - Notes of Crushed Blackberry, Tuberose, Vanilla, Cinnamon and Patchouli",All Beauty,10.0,4.0,251,PINROSE,
B08HQJXJ19,"10Pcs 3D Face Inner Silicone Bracket for Comfortable Breathing, Washable Reusable Silicone Bracket Under Frame Lipstick Protector Keep Fabric off Mouth to Create More Breathing Space",All Beauty,,3.1,24,Blaikepcam,
B00KR4AFJU,Silky Smooth Foot Peeling Exfoliating Mask - 1 Pair - Natural Foot Care Treatment - Callus Remover - Removes Dead Skin From Your Feet - Heel Peel Care - Your Feet Will Feel Silky Smooth - Be Confident In Your Feet - Love Your Feet! - Your Feet Will Be As Soft As A Babies - Satisfaction Guarantee,All Beauty,,3.5,97,Silky Smooth Products,
B093GX6XVV,"Magnetic Eyelashes, Magnetic Eyelashes Mink With Eyeliner Kit, Fluffy Natural Look Lashes Magnetic [10 Pairs]",All Beauty,,3.7,37,ASARIYO,
B08XR17DPQ,"Men's 2-Step Sensitive Skin Acne Cleanser & Face Cream Treatment Set - Face Wash + .05% Retinol = Clear Skin, Gentle for Sensitive Skin - 30 Day Supply Daily Use - Skincare Sets by Geologie",All Beauty,,4.1,26,Geologie,
B095P6Z9QK,SportsWell Flexible Reusable Bun Deft Bun for Hair Magic Donut Hair Bun Maker French Twist Hair Tool Bun Crown Twister #5,All Beauty,,3.8,3,SportsWell,
B085MCMZLX,"EMMOR Long Ombre Brown Wig for Women - 23 Inch Natural Synthetic Straight Hair Middle Part With Air Bang Wigs Dark Root, Party Cosplay Daily Use",All Beauty,,4.0,58,EMMOR,
B07S6CYNBK,"Mountain Falls Regular Dip-It Nail Polish Remover for Natural Nails, with Vitamin E and Panthenol, 6 Fluid Ounce",All Beauty,,4.0,39,Mountain Falls,
B08PTC19VY,"Deppex Dry Eye Relief, Eye Mask for Dry Eyes, Moxibustion Eye Pad Deep Conserve The Eye to Alleviate Myopia, Visual Fatigue, Soreness, Swelling - 14 Pairs… (Eye Relief)",All Beauty,,4.1,11,Deppex,
B08YK8B89C,"Moisturising Cream, Body and Face Moisturizer for Dry Skin, Acne Cream, 2PC",All Beauty,8.99,4.2,3439,Cherioll,
B08PPQ6KR6,3 Packs Butterfly Locs Crochet Hair Distressed Locs Crochet Braids Bob Distressed Locs Crochet Braids Soft Natural Pre Looped Short Distressed Faux Locs Crochet Hair(3Packs #27),All Beauty,,2.9,13,INSTASTYLE,
B07GL44NGS,"Hairtamin Biotin Shampoo and Conditioner Set for Men with Hair Growth Vitamins, Paraben-Free, Sulfate-Free, Natural Hair Thickening Regrowth Shampoos Conditioners, Thicker Fuller Beard, 60 CAPSULES",All Beauty,,3.8,25,HAIRtamin,
B098ZMJ1HV,"Badgley Mischka 1.7floz/50mL Body Lotion Toiletries for Bathroom, Guests, Hotels, Motels, and Lodging (30 pack)",All Beauty,,5.0,2,"HOTEL EMPORIUM, INC.",
B08HTZKMJ5,"Lash Lift Kit,Cuckoo Upgraded Eyelash Lift Kit,Eyelash Perm Kit,Professional Semi-Permanent Curling Perming Wave Suitable For Salon,Lash Lift",All Beauty,,2.7,13,Cuckoo,
B0BQQ5L942,"50th Birthday Gifts for Women, 40th Birthday Gifts Women, 60th Birthday Gifts for Women, Gift Basket for Women, Spa Gifts for Women, 30th Birthday Gifts for Her, 70th Birthday Gifts for Women – 7 PC",All Beauty,36.95,4.7,837,WAX & WIT,
B08YY4LM37,DUDUWIG 20inch Long Half Black Half Pink Curly Fashion Wigs for Kid Girls (Black/Pink),All Beauty,19.99,4.7,13,DUDUWIG,
B07XNS942N,TCM Mens Facial Rejuvenation and Restoration Combo,All Beauty,,4.0,7,TCM,
B08LCTLZHZ,"9 Pieces Waterproof Shower Cap,Dot Plastic Shower Caps Waterproof Reusable Large Elastic Bath Hair Cap,Beauty Salon Spa Shower Caps Lace Elastic Band Printed Hat Protection Hair Bath Caps Shower Caps",All Beauty,,4.7,5,BeeGift,
B08VMYWFH6,12 Inch Kinky Curly Clip in Hair Extensions for Black Women Human Hair 9Pcs/120g 3C 4A Short Afro Curly Hair Extensions Clip in Human Hair Natural Black,All Beauty,,4.0,84,SUNYUON,
B085RS26YH,LUXEDIVA Brazilian Virgin Hair Straight 3 Bundles 10A Unprocessed Brazilian Short Straight Human Hair Weave Weft Natural Black 14 16 18,All Beauty,,3.4,21,LUXEDIVA,
B0037ML1O2,Philosophy Raspberry Sorbet Lip Shine,Premium Beauty,,4.5,16,,
B009GPP546,"Sasy n Savy, Citrus Soufflè Hydrating and Nourishing Body Crème, Plant-Based Natural Ingredients For Daily Moisture, 6.08 fl oz(180mL)",All Beauty,24.99,4.8,29,Sasy n Savy,
B08NPBQR9L,"3 Barrel Curling Iron, Milantia 3/4 Inch Mini Travel Curling Wand Hair for Small Curly, Dual Voltage Ceramic Tourmaline 19mm Crimper Hair Iron for Women - Fast Heating, Portable",All Beauty,,3.8,121,Milantia,
B087B5RJ2P,"Butt Naked Baby Organic Sunshine Lotion | Everyday Moisturizer | Lightweight, Non-Greasy | Normal-to-Dry Skin | Aloe, Shea Butter, Sunflower Oil, Calendula, White Tea, Green Tea, Rooibos Tea, Lemon Oil | 6.7 oz",All Beauty,,3.6,23,Butt Naked Baby,
B08ZYDMZF4,"ANZUO Cuticle Pusher Set 8 in 1 Replaceable Dead Skin Nail Cleaner Tools, Stainless Remove Gel Nail Polish Kit, Cutter and Trimmer Manicure and Pedicure Tools for Fingernail and Toenails",All Beauty,,4.2,10,Anzuo,
B08C2T24WG,"Tweezers for Eyebrows, MORGLES 5PCS Tweezers for Women Precision Tweezers Set with Eyebrow Brush Leather Case for Eyebrow Ingrown Hair Removal",All Beauty,,4.4,183,MORGLES,
B08CZDFBPC,Reusable Ear Swab and Last Swab Washable Silicone Swabs Double Tipped Silicone Cotton Buds with Portable Makeup Mirror - Green,All Beauty,,3.7,7,JAOYU,
B085XZF8WQ,"[BOTANIC HEAL BOH] Probioderm Repair Ampoule Serum 1.69 fl.oz. (50ml) - Probiotics & Peptide Highly Concentrated Anti-Aging Facial Serum, Skin Elasticity & Glow Care, Improves Saggy Skin",All Beauty,,4.7,25,BOTANIC HEAL BOH,
B08RRSPNWV,"BeautyStat Cosmetics Universal Moisture Essence, 100% Pure Squalane, Face Oil, Moisturizer, 30ml, 1oz",All Beauty,40.0,4.5,99,BeautyStat,
B08FRQGYDF,SeroVital Super Saturated Restoring Cleansing Cloths - Cleansing Face Wipes with Green Tea and Hyaluronic Acid - Makeup Remover Wipes - 1 Pack 15 Ct,All Beauty,,4.3,81,Serovital,
B07X1NG7TG,Isshah Stainless Steel Metal Tongue Scraper Cleaner - Get Rid of Bad Breath and Bacteria - Pack of 4 - Eco Friendly Packaging,All Beauty,,4.5,131,Isshah,
B08HJYBFZV,Yawamica 15 Pairs 6D Mink Eyelashes Faux 20MM Lashes Fluffy Cat Eye Wispy False Eyelashes Thick Dramatic Fake Eyelashes Handmade Reusable Natural Look Eyelashes Pack Long Eye Lashes,All Beauty,,4.0,41,Yawamica,
B08YNR839W,STARAMZ 7 Set Bachelorette Scrunchies Bridesmaid Proposal Gifts Hair Ties for Women Bachelorette Party Favors ( Blush),All Beauty,,4.7,21,STARAMZ,
B08343FS9P,"36 Pack 2oz Clear Plastic Empty Bottles Travel Containers with Flip Cap for Hand Sanitizer, Cosmetic, Shampoo, Lotion, Liquid Body Soap, Cream, Toner, BPA-free",All Beauty,,4.5,83,JIUZHU,
B07N45YN6C,&&&&&&&&&&&&&&&&&&&&&&&&&&&&&&,All Beauty,,4.3,209,YRMJK,
B08F4CGWBG,"Body Wipes Women after Gym, 10 Camping Wipes Individually Wrapped, Personal Body Wipes Adults, Bathing Wipes Adults, Hand Body Cleansing Wipes, Body Shower Wipes Adults no Rinse, Bath Wipes",All Beauty,,4.5,41,Nest & Nook,
B09PDY4W1T,"Unaone Hair Pins, 100 PCS Secure Hold Bobby Pins Hair Pin Hair Accessories for Kids Women, Reusable Hair Styling Clips with Cute Storage Case - Suitable for All Hair Types (2.16 Inches)",All Beauty,,4.1,4,Unaone,
B08L4JSM2T,Biutee Nail Mirror Powder4 Boxes 8 Colors 0.5g with 4 Brushes Nail Chameleon Powder Nail Glitter Nail Chrome Powder Manicure Unicorn Chrome Pigments,All Beauty,,3.3,15,Biutee,
B0919R1CYT,Fragrantshare Makeup Brushes Professional Organizer Foundation Brush for Liquid makeup Travel 9Pcs Sets - Odorless Fiber Hair - Light Blue,All Beauty,,4.3,23,FragrantShare,
B07P88S8SV,"MISS SPA Head to Toe Body and Facial Mask Set, Brighten Under-Eye, Deep Therapy Lip Mask, Moisturizing Foot Booties, Anti-Aging, Anti-Wrinkle, Skin Care for Women, 3-Pack",All Beauty,,4.4,45,MISS SPA,
B08WHBSK6R,"Kidskin- Foaming Body Wash with Tea Tree Oil- Helps Combat Body and Foot Odor and Stubborn Body Acne and Skin Issues - Cruelty Free, Gluten Free, Paraben Free, Sulfate Free, Unscented, and Vegan- Made in USA",All Beauty,,4.0,49,Kidskin,
B08GCJZW9V,"KLAVUU Pure Pearlsation pH Balancing Quick Cleansing Pad 100ea - Powerful Makeup Mild Exfoliating Cleansing Pad without Skin Irritation, Intense Moisturizing",All Beauty,,4.1,44,KLAVUU,
B07K153R2B,"2 in 1 Hair Straightener and Curler Travel Curling Flat Iron Wand Crimper, Dual Voltage 110V-240V Ceramic Tourmaline 1 1/4 inch Portable",All Beauty,,3.8,164,Madenia,
B081D2R47W,"Qiray Hair Ties For Women Coil Hair Ties,Large Lace Phnom Penh,5 Colors 10 Pieces.",All Beauty,,4.3,62,Qiray,
B095NNF26Q,Baby Girl Bows Headbands Hair Accessories for Newborn Infant Toddler Girls' Shower (Peace Knot 20Pcs),All Beauty,,4.0,22,Toptim,
B08B5FJMHM,"2020 UPGRADED Exfoliating Loofah Sponge Pads, Natural Luffa Material Loofah Pads Shower Body Scruber for Men/Women Bath Spa and Shower (3 Pack)",All Beauty,,4.0,308,Marsheepy,
B005AL5H9S,Besame Cosmetics | Forever Red Lipstick - 1925 | Classic Color Lipstick | Vintage Makeup | Long Lasting Lipstick | Semi Matte Lipstick for Women | Moisturizing Lipstick for Sensitive Skin,All Beauty,,4.4,56,BESAME COSMETICS,
B09188R9KV,Bejeweled Rhinestone Padded Headbands For Girls Velvet Padded Diamond Headbands For Women Party Wedding Fashion Bejewelled Hairband Headpiece Hair Accessories,All Beauty,,4.1,28,L.EASTAIR,
B00GUTPV4A,Johnson & Johnson Ltd Neutrogena Visibly Clear Blackhead Eliminating 7 Day Rescue,All Beauty,,3.6,14,Neutrogena,
B09XF4WD3V,"HMPRT 80s Costumes for Men, Halloween Heavy Metal Rocker Wig with Trucker Hat, Black T-Shirt Outfit, 90s Accessories Blow Up Guitar Music Costume Prop,L",All Beauty,35.99,4.3,57,HMPRT,
B081RBRCMJ,"Sustainable Youth Ultra Hydrating Anytime Cream with alasta Aloe Vera — Anti-Aging, Clinically Proven to Reduce Fine Lines— Organic, Paraben-Free, Cruelty Free & Vegan (30 ml/1 fl oz)",All Beauty,,4.3,11,Sustainable Youth,
B08GNZBRCT,"Mcwdoit Poly Nail Gel Kit, 48W Nail Lamp 15ml 10 Colors UV Nail Gel with Top Coat, Base Coat, Slip Solution, Nail Manicure Tools",All Beauty,,3.7,28,mcwdoit,
B0BGT17QQG,"Tropic Labs Smart Screen | Broad Spectrum SPF 22 Sunscreen | 2-in-1 Mineral Sunscreen & Natural Tanning Accelerator | Fast Acting Tan Boosting Body Suntan Lotion | Lightweight, Vegan, & Cruelty-Free (TSA Friendly)",All Beauty,,4.6,18,Tropic Labs,
B0007CHJGY,"Zia Natural Skincare Ultimate Body Butter, 6 oz",All Beauty,,5.0,7,Zia,
B08P58XSTQ,"26 pcs letters Hairpin, hair clips for women hair accessories, DIY barrettes",All Beauty,,3.5,22,JEBDY RUBBY,
B09B4V77YH,"Acrylic Nail Brush Set,8pcs Fine Nail Art Brushes For Acrylic Application,Gel Polish Nail Design Pen Tools With Nail Dotting Painting Drawing Brush For DIY Manicure At Home and Salon",All Beauty,,4.4,12,GACDR,
B071LLTN9H,GladGirl Liquid Liner (Ebony),All Beauty,,4.4,13,GladGirl,
B08XJTL1D1,"3D False Eyelashes 10 Styles Mixed False Lashes Pack,10-15mm Eyelashes Natural Look individual package 10 Pairs",All Beauty,,4.3,21,fitbuter,
B09J5TZ7HL,BeautyBio GloPRO Attachment Heads,Premium Beauty,49.0,4.6,587,,
B08P46JDHJ,"4 Pack Micro Nano Extra Soft Toothbrush, Soft Toothbrush for Sensitive Teeth & Gums Care, Silk Toothbrush with 10000 Bristles for Adults & Child",All Beauty,,4.4,288,Rekergus,
B0B34GRFL2,"Vitamasques Cica Green Tea Jelly Facial Cleanser Gentle pH Cleanser is Refreshing, Cleansing & Exfoliating for Smooth, Clean & Radiant Skin - Vegan, Free from Parabens & Gluten",All Beauty,12.99,4.0,27,Vitamasques,
B000J1HR6U,Liquid Trust,All Beauty,29.95,3.9,236,"LS, Vero Labs",
B0924GT395,"OSRSR Cryo Sticks,Unbreakable Stainless Steel Beauty Ice Facial Massage Tools for Woman,Skin Case Ice Globes Cryo Spoons,Cooling Globes Cold Globes for Face,Eyes & Neck",All Beauty,17.49,4.5,107,OSRSR,
B0BVQQ58G8,"Beauty Bakerie Lip Whip Liquid Metallic Lipstick, Long Lasting Lip Color, Smudge Proof Makeup, Berried, 3.5 mL",All Beauty,22.0,3.9,118,Beauty Bakerie,
B07FPS2VFK,"C'est Moi Vanilla Vibes Sugar Balm Body Scrub | Invigorating & Hydrating Exfoliant, Clinically Tested Non-Toxic Ingredients feat. Organic Shea Butter, Coconut Oil & Avocado Oil, EWG Verified, 6 oz",All Beauty,20.5,3.7,81,C'est Moi,
B08G837P9K,Natural DHT Blocker Biotin Hair Loss Hair Growth Shampoo Bee Propolis 25+ Herbs Anti Hair Thinning Hair Thickening Hair Regrowth Anti Dandruff Detox Hydrate Volumize Hair Mr. Zaranda,All Beauty,,4.1,103,Mr. Zaranda,
B089D16BWJ,"Premium black caviar facial mask sheet for anti-aging and anti-wrinkle, AG Mask, 6 Sheets, Hydrating and Brightening, Made in Korea.",All Beauty,33.0,4.1,12,OxygenCeuticals,
B079R2VWNX,Spring Twist hair 3PCS Crochet Braids Hair Synthetic Hair 8 Inch Jumbo Twist Braiding Hair Extensions Natural Black,All Beauty,19.88,4.4,883,Becolor,
B01IAN0X3M,"Shimmer Anna Shine Glitter Elastic Double Hooped Headband (Gold, Silver, Black)",All Beauty,,3.7,333,Shimmer Anna Shine,
B07YYW1913,Straight 13x4 Lace Front Wigs Burgundy Lace Front Wigs Long Bob Synthetic Ombre Wine Red Wig Pre-plucked with Baby Hair Free Part Heat Resistant Synthetic Lace Wigs for Women 20 Inch,All Beauty,,3.8,37,NOBLE,
B0953XRVXX,"CH.yishi Gua Sha Facial Tool - Natural Terahertz Stone for Face to Lift,Hyperthermia or ice therapy,Decrease Puffiness and Tighten",All Beauty,,3.1,5,CH.yishi,
B08G15JBYN,"Butterfly Nail Art Decals Water Transfer Stickers, 22 Sheets Butterfly Nail Sticker DIY Nail Decals, 2 Set Butterfly Nail Glitter Holographic Stickers Reflected Butterfly Designs for Nails Supply",All Beauty,,4.6,117,B bangcool,
B0BN12F234,"B.O.B BARS OVER BOTTLES Moisturizing Shampoo Bar | For Curly Hair | Hair Care, Ideal Ph Balance |Natural, Vegan | Eco-friendly, Sustainable, Plastic Free | Waterless & Zero Waste",All Beauty,19.99,4.3,790,B.O.B BARS OVER BOTTLES,
B08F4ZDVZQ,"TOUCH IN SOL Best of No Pore Blem Travel Kit - Face Makeup Primer, Big Pores Perfect Cover, Inner-Glowing Skin with Moisture, Long Lasting Makeup's Staying Kit",All Beauty,,4.1,99,Touch in Sol,
B0BB8JLJLS,"MILANO COLLECTION TopGrip: No-Slip Comfort Band for Securely Wearing Lace Front Wigs, Wig Grips, Wig Caps & Glueless Wig Bands, Size Small, Beige",All Beauty,24.99,3.9,634,MILANO COLLECTION,
B07XVNJFNF,"100pcs Premium Quality Hair Clips, 20 Glossy Colors Snap Hair Clips, 2 Inch Hair Barrettes with Perfect Grip, Durable Colorful Hair Clips with Smooth Edges for Kids, Girls, Women",All Beauty,,4.4,141,Fagaci,
B0899GVH4V,"Beuaty Star 3PCS Poly Nail Gel Kit 30ml, Extension Gel Trial Kit Nail Enhancement Builder Gel Professional Nail Gel All-in One with with Base Top Coat",All Beauty,,3.4,3,Beauty Star,
B089CSF11Y,"Empty Brown Glass Spray Bottles2-Pack, Refillable 16 oz Containers for Essential Oils, Cleaning Products, Aromatherapy, Misting Plants, or Cooking - Reliable Sprayer with Mist and Stream Settings",All Beauty,,3.7,53,Cherry,
B0876L7BWM,"10Pack 2oz Plastic Empty Spray Bottle, Mostof Fine Mist Small Clear Travel Plastic Bottles Container with Funnels Labels",All Beauty,,4.4,89,Mostof,
B07DKRK8ZW,"CESTLV Bamboo Charcoal Toothbrush + Toothpaste Kit (10 Pack Bulk), Hotel Amenities for Guest & Travel, BPA Free, Individually Boxed Dental Kits, Recyclable",All Beauty,,4.1,50,C'est La Vie,
B09ZKWV5MK,"6Pcs Silk Hair Scrunchies, 100% Mulberry Silk Hair Ties Cute Large Scrunchie For Thick Curly Hair No Crease Soft Elastic Hair Bands, Elastic Silk ponytail Holders Sleep and Night Scrunchie for Girls Women…",All Beauty,,4.3,28,Jconly,
B096BJNC36,"Set of 3 tongue scrapers for adult, tool cleaner against bad breath. Hygiene products and oral care for fresh breath / 3 raspadores linguales, cuidado bucal para un aliento fresco",All Beauty,,3.9,12,Celsaoz,
B0002M5JNY,Oral-B Model S-200 Sonic Complete Rechargeable Power Toothbrush,All Beauty,,3.6,89,Oral-B,
B09ZP8TK87,Reusable Self-Adhesive Eyelashes,All Beauty,,3.1,102,DIKAYI,
B0839FY8JG,"AIKIMUSE 10 Piece Nude Matte Pigmented Lipstick Set,Gifts for Women,Velvet Lip Kit Gift Set With Moisturizer Smooth,Waterproof Long Lasting Beauty Cosmetics Makeup Liquid Lipstick Set,8.8 oz",All Beauty,,3.6,40,AIKIMUSE,
B07Z4CVTRP,"Cleancult Soap Dispenser with Pump, 12oz Frosted Glass Refillable Bottle with Non-Slip Grip, Pre filled with Natural Liquid Handsoap, Lavender Scent, Eco Friendly",All Beauty,,4.3,200,Cleancult,
B0922B7GSB,Aiterina 16 Inch Lace Closure Wig Body Wave 4 By 4 Lace Front Wig Human Hair Body Wave Wig Pre Plucked With Baby Hair Free Part Brazilian Hair Wig Natural Color,All Beauty,,3.6,18,Aiterina,
B087ZQK2G8,"Maya Mari Hydrating Argan Oil Shampoo – Rich in Nutrients, Restores Moisture & Shine, 32 oz",All Beauty,,4.3,41,MAYA MARI,
B07LCF4BK5,Natural Jade Roller Massager & Rose Quartz Facial Roller 2pcs Gift Set,All Beauty,25.99,3.9,75,TGS Gems,
B0B1DCQWR7,Success at Once Self Straight Magic Perm at Home Easy & Fast Made in Korea,All Beauty,25.89,3.9,41,success at once,
B086XH7BWW,Taya Beauty Buriti Nut Intensive Repair Shampoo & Conditioner Duo – Organic Hydrating Shampoo and Conditioner for Dry Damaged Hair - Restorative Hair Care – Travel Size 2 fl oz,All Beauty,,3.4,22,TAYA I AM.,
B08MCDB52J,Pin Up Secret - Oil-Free Face Cream UVA/UVB - Protective Filter - Ideal for mixed to oily skins,All Beauty,,4.4,310,PINUP SECRET,
B0963P8FGS,"HOOJIH 20” Clip in Hair Extensions, 3PCS Set Thick Long Wavy Curly Hair Extensions Invisible Full Head Synthetic Hairpiece for Women 8oz - Silver Gray With Brown Mixed",All Beauty,,3.2,13,HOOJIH,
B09G22586Y,"Automatic Curling Iron, Rechargeable Cordless Hair Curler with LCD Digital Display and 6 Temperature Settings, Fast Heating Portable Automatic Hair Curler for Styling Hair Anytime ( Pink )",All Beauty,,2.7,84,LUZZAM,
B08KFLJQMR,Vitamin C Face Serum with Lemon Peel Bio Ferment Restorative Anti-Aging Serum with 20% Vitamin C MSM Hyaluronic Acid Organic Aloe Vera and Jojoba – 1 Ounce,All Beauty,,4.6,26,Sia Botanics,
B09G3KBK7Y,"Boiess Colognes Poppy mint For Moms, Babies & Kids | Natural Eau de Cologne | Clean & Fresh Scent | Children Fragrance For Soft & Sensitive Skin | Easy Use, Gentle on Baby | Size: 8.5 FL Oz",All Beauty,22.9,3.7,14,Boiess,
B08CMW33TW,Baroque Rhinestone Padded Headband For Woman Girls Statement Wide Hairbands Bejewelled Party Wedding Headwear Hair Accessories (rainbow beaded),All Beauty,,4.7,8,FAERLIIRY,
B07JC3GQQM,"ikoo Don't Apologize Volumizing Conditioner for Fine, Thin or Flat Hair, Adds Volume, Body & Thickens, Cruelty Free, Vegan, Paraben Free, Silicone Free, Travel Size - 3.4 Fl Oz",All Beauty,,4.1,17,ikoo,
B09DCGXDLL,2Pcs Summer Crystal Sequins Unicorn Girl Alligator Hair Clips (Holo+Pome Purple),All Beauty,,4.7,10,Summer Crystal,
B0B1ZSLFYQ,"Marine Forest Concealer Stick, 2 Pcs Creamy Medium to Full Coverage Contour Makeup Stick, Light and Oil Control Matte Under Eye Face Concealer Makeup Kit, Upgrade Design (Ivory)",All Beauty,,3.7,18,Marine Forest,
B08J3VX89W,"LAPOTHICELL Blemish Out Cream 50ml, Face Moisturizer, improves uneven skin tone.",All Beauty,,3.9,42,LAPOTHICELL,
B08M9TJ3NJ,French Girl Hibernation Essentials,All Beauty,,3.8,24,FRENCH GIRL,
B083DS2W92,"Moosy Life Lipstick Holder Organizer, 24 Spaces, Iridescent, Rainbow Series",All Beauty,,4.4,32,Moosy Life,
B07YDLYYP3,"LilySilk Large Silk Scrunchies for Womens Girls Kids, Green, Pure 100 Real Natural Raw Mulberry Raw Silk, 6A Grade, Beautiful for Hair, Soft, Tie Scrunchies Silk Big Giant",All Beauty,,4.1,27,LilySilk,
B0936KRBP2,"Foot Peel Mask Coconut - For Cracked Heels, Dead Skin Calluses - Removes & Repairs Rough Heels, Dry Feet, Make Your Feet Baby Soft - Natural Exfoliating Peeling Foot Mask 3 Pairs",All Beauty,,3.7,54,HUALIJIA,
B08BB3P4VQ,"Hemp Lotion for Dry Skin - Soothing Rose Flower & Aloe Hydrate Your Complexion - Non-Greasy, Vegan, 7Oz, 250Mg Hemp, Fragrance & Paraben Free - Guayaquil By La La Leaf",All Beauty,,4.1,30,LA LA LEAF,
B000JJMTJC,"Kiss My Face Exfoliating Face Wash Start Up, 4 Fluid Ounce",All Beauty,,3.7,22,Kiss My Face,
B07THLR7RR,"LANGE HAIR Extendé Conditioning Detangler Hair Spray - Paraben Free Leave-in Conditioner Spray, Detangles and Hydrates Hair, Moisture & Shine | 4OZ",All Beauty,16.8,4.2,232,,
B07VSZYKCH,"Purifying Face Oil for Natural Skin Radiance - Vegan, Anti Aging Face Oil for Women & Men - Ultra Hydrating and Nourishing Face Oil for Dry Skin Sensitive - Ayurveda Oil for Face by Iryasa - 1 fl.oz",All Beauty,,4.4,26,IRYASA,
B08M5Z1PL3,VTAOZI Headband Wigs for Black Women Kinky Curly Headband Wig Human Hair 9A Glueless None Lace Front Wigs 150% Density Afro Kinky Curly Half Wigs Natural Color 16 Inch,All Beauty,,4.0,194,VTAOZI,
B07LCHCD6Q,"Water Flosser Cordless Teeth Cleaner, SOOCAS Professional Oral Irrigator 230ML Portable and Rechargeable Water Dental Flosser with 3 Modes and 4 Jet Tips, IPX7 Waterproof, USB Charged for 30 Days Use",All Beauty,,4.1,112,SOOCAS,
B07WR6F1VN,Beauart 100% Remy Human Hair Short Deep Curly Wigs for Black Women No Lace Natural Black Curly Wigs with Hair Bangs,All Beauty,,3.7,64,Beauart,
B08DX9P6V1,"Laloirelle Age Renewal Serum - Phyto-Biotics Stem Cells, Botanical Hyaluronic Acid, Retinol, Multi-Vitamin, Herbal Infusion - Organic serum for anti-aging, hydration, wrinkles, all skin types (1oz)",All Beauty,,4.5,15,Laloirelle,
B07WTZP6WD,STYLEAGAL False Eyelashes - 4 Pairs Multipack Natural 3D False Eyelashes Natural Thick Hand-Made Faux Mink Eyelashes Extension(G106),All Beauty,,4.0,30,styleagal,
B0BTTRRH98,Dog Slicker Brush By Rita's Pet Supplies | Grooming Tool with Long Soft Massage Stainless Steel Pins Coat for Cats and Dogs | Slicker Brush for Dogs | Long Pin Slicker Brush for Dematting & Deshedding,All Beauty,47.98,4.3,38,Rita's Pet Supplies,
B07DPKZPRH,PARWIN Infrared Flat Iron 1 1/4 Inch Digital Hair Straightener Iron with Ceramic Tourmaline Plate Temperature Control Hair Iron Christmas Gift Black,All Beauty,,3.7,51,PARWIN,
B091DNNDSX,Swiking Grey Long Curly Wave Cosplay Wigs for Women with Middle Parting Synthetic Hair Natural Heat Resistant Full Wig for Halloween Women's Wig,All Beauty,,3.6,9,Swiking,
B07LBK2YQX,"Schick Bare By Schick Dermaplaning Tool With 2 Dermaplaning Razors and 1 Cleaning Brush, 2 Count",All Beauty,,3.5,45,Schick,
B09SD62B1H,4th of July Nail Art Stickers Decals Patriotic Designer Nail Stickers 3D Nail Art Supplies Self Adhesive American Flag Heart Star Lips Butterfly Flame I Love America Nail Stickers (8 Sheets),All Beauty,5.99,4.4,73,KRTBKR,
B08BS19VF8,"Karuna Hit Refresh Eucalyptus Fiber-Infused Sheet Mask: Burst of Hydration & Refreshing Glow, 3 Count",All Beauty,,3.7,24,Karuna,
B009IGKSWW,W7 Eyeshadow Palette by W7,All Beauty,,3.9,55,W7,
B09DBFWN7N,ZURO Ombre Hot Pink Long Wavy Wig With Bangs Cosplay Wigs for Women Daily Use Natural Looking Black Color Heat Resistant Synthetic Wig Dark Brown Soft Cute Lolita Costume Wigs Colored Wigs for Girls (Ombre Pink),All Beauty,,3.9,11,ZURO,
B086N2SY91,QTMY Wide Headbands Fashion Women Baroque Crystal Gemstone Hair Accessories Head Band Fashion Headwear Hairbands for Women,All Beauty,,3.6,38,QTMY,
B08KW32B98,"ANJIE 3 Pack Velvet Pearls Headbands for Women Girls,Vintage Hairbands Hair accessories for Brithday Christmas Party,Fashion Hair Hoops (Black,Wine red,Navy Blue)",All Beauty,,4.5,92,YanJie,
B08BTSF6MZ,"A-Cera Barrier Real Skin Fit Mask, Ultra-slim Bio Cellulose Sheet Hyaluronic Acids, Moisture, Firmness, vitality, 0.85 Fl. Oz x 5ea",All Beauty,,4.4,20,ARZTIN,
B07GDBN9LB,Butecare Eyelash Growth Enhancer & Brow Serum for Long - Amazon Vine,All Beauty,,3.0,23,,
B08CH68DS1,FRESHME Clay Mask - Facial Mud Masks Kaolinite Deep Pore Cleaning Exfoliating and Brightening Smoothing Face Mask,All Beauty,,4.3,27,FRESHME,
B08C72C56Z,"Nail Files 16 Pcs, Double Sided Emery Board Manicure Tools for Filing Natural Gel and Acrylic Nails for Home and Salon Use",All Beauty,,4.3,2795,Keiby Citom,
B08P5JZYX8,Asenlin Hair Ties Bands 4MM Durable Neutral Ouchless Accessories for Women Men Girls No Metal Elastics Thick Tie with Strong Ponytail Holder and for Medium Hair(24 Count of 3 Pack)-Black,All Beauty,,4.4,92,Asenlin,
B0932Z1NM1,"SUPRENT Razors for Men with Matrix Cutter Head, 38.5° Golden Angle Shaving Kit for Men, Travelling Razor Kit-1 Mens Razor Handle, 2 Blade Refills,1 Dock,1 Shave Foam",All Beauty,,3.6,30,SUPRENT,
B08R2MJJV3,"SHINSIAVIEW Vita Plus Moisturizing Pure Essence 1.05 Oz (30g) l Lithgt and Portable Spout Pouch Style for Anytime(include Travel, Camping) (5 Pack)",All Beauty,,5.0,6,SHINSIAVIEW,
B08DXLRTSB,"Laloirelle Luminous Face Oil - Organic Pomegranate Oil, Cacao Oil Infused W/Brightening White Peony Root, Marigold Flower, Lotus Leaf - Glowing Skin That Feels Hydrated, Plump and Firm - 1.0 fl oz",All Beauty,,4.1,15,Laloirelle,
B07Q1DC383,Lavender Fields Sugar Polish by South of France Clean Body Care | Moisturizing Sugar Scrub for Women | Shea Butter + Sunflower Oil | 8 oz Tube,All Beauty,21.44,3.8,44,South of France Natural Body Care,
B097JXPZ6D,"Summer Crystal Headband for Girls, 3D Large Glitter Top Bow, Hair Accessory for Girls and Women, Various Occasions, Holidays, Parties, Daily, Cosplay, Gift (Magenta)",All Beauty,,4.0,1,Summer Crystal,
B00KCTER3U,"Retinol Face Moisturizer Cream Natural Facial moisturizing Cream 1.76 OZ with Ortho-Hydroxybenzoic Acid,VE for Hydrating,Repairing",All Beauty,,3.7,491,InstaNatural,
B08RHMK2GL,"Jade Roller for Face, Eye, Neck Stone Face Massager for Women Skin Care at Home Anti-Aging Gemstone Face Roller",All Beauty,,4.0,8,FANGQUN,
B081Q1R963,"ABOUT ME Red Recipe Milky Peeling Gel 120ml - Fermented Milk Moist Facial Exfoliator, Gommage Type, Removes Sebum & Dead Skin, Radiant Silky Smooth Skin",All Beauty,,3.6,10,Samyang,
B08JCMFWBK,"Continuous Spray Bottle, Fine Mist Spray Bottle for Hair, 250ml/8oz Small Empty Plastic Misting Refillable Sprayers for Refreshing Curls, Curly Hair, Garden Continuous Water Mister (Black + White)",All Beauty,,4.0,25,CODACE,
B07VQR3W3Z,"Hair Scrunchies for women,Including 3 Pcs Long Silk Satin Hair Scarf & 3 Pcs Bunny Ear Scrunchies & 3 Pcs Elastic Hair Bands Scrunchy and 7Pcs Pearl Hair Clips,(16Pcs/9Colors)",All Beauty,,4.4,196,Suptikes,
B08PBJPQ83,Germ Shark PX50 Travel Wipes - Travel Sanitizing Wipes - 4 Paks of 50 each (200 Wipes) in Resealable Foil Travel Wipes Case,All Beauty,,4.6,109,Germ Shark,
B07W397QG4,Iryasa Night Indulge Cream - Natural Face Cream for Dry Skin - Vegan Anti Aging Night Cream for Women - Firming Cream for Face and Neck - Organic Vitamin C Moisturizer for Face - 1.7oz,All Beauty,,3.7,38,IRYASA,
B08YTC3KLG,"Bwana Butter Sweet Almond Oil is cold-pressed Rich in Vitamin A, E, B, & Essential Fatty Acids. Perfect > Sensual or Therapeutic Massage, Skin & Hair Care. Non-Greasy Carrier Oil for Soaps & Cosmetics",All Beauty,,4.7,7,Bwana Butter,
B08LPC1G23,"MKBOO Hair Curler,3 in 1 Curling Iron Wand Set Automatic Hair Curling Iron Wand 3 Barrels,Hair Curlers Rollers Hair Styling Kit with Different Wands Quick Heat Interchangeable Ceramic",All Beauty,,3.7,103,MKBOO,
B09P144WHW,"(YOUMIDI) Brush and Cat Brush-Smooth combing brush for short and long hair-Pet shedding combing brush, which can remove loose hair, mats, tangles (Blue)",All Beauty,,4.0,11,youmidi,
B00L4HJX7O,"OZNaturals Facial Mask - This Moisturizing Face Mask Contains Rosehip Oil, Pro Vitamin B5 & Amino Acids - This Anti Aging Mask Deeply Hydrates Dry Skin For A Healthy Youthful Glow!",All Beauty,,4.0,396,Auperwel,
B08B1M71ZS,1 Pack Bqueen Kids Haircut Professional Hair Salon Nylon Barber Cape Hair Cutting Barber Hairdressing Cape Smock Cover Cloth for Toddler Waterproof Hairdresser Salon Cape for Children,All Beauty,,4.0,314,Bqueen,
B08P15TB2V,Gel Nail Polish Set - TOEDO Fall Winter Nail Gel 6 Colors Tan Brown Colors Soak Off LED Nail Lamp Gel Polish Kit for Home DIY Manicure Nail Designs,All Beauty,,3.3,30,TOEDO,
B08FGRH559,4 pcs Button Headband Yoga Sports Workout Turban Headwrap Elastic Ear Protection Holder Twisted Running Hair Band for Women Men Adult Kids (Style A),All Beauty,,3.7,39,FMJYa,
B07T92WSTX,"JUNOVEM COLE Spirulina Shampoo Spirulina + Aloe Vera, 8.5 fl. oz. Superfood Shampoo For Men & Women, Nutrient-rich hair loving ingredients",All Beauty,,4.0,16,JUNOVEM,
B09GVHT2D3,"Birthday Gift, Yachyee hair removal device",All Beauty,,4.7,152,Yachyee,
B0811PYYKY,"Lihui Pre-Twisted Passion Twist Crochet Hair 6 Packs Pre-Looped Crochet Hair For Women 14inch Passion Twist Hair Crochet Braids Hair(14Inch,#1B)",All Beauty,,4.4,67,Lihui,
B000LZR5XE,ss Kama Sutra Treasures of The Sea Bath Salts Kit with Sea Shell Scoop - Ocean of Azure Blue.,All Beauty,,5.0,2,y2Lubes,
B08K8P7LN6,ROSEGIN 23 Pcs Gel Nail Polish Set with Glossy and Matte Top and Base Coat Soak Off Gel Polish Colors Pink Red Green Neon Long Lasting Nail Gel Polish,All Beauty,,4.3,110,ROSEGIN,
B086GST51S,"3D Mink Eyelashes Natural Long Lashes 2 in 1 Self-adhesive Eyeliner Instead of Adhesive 5 Different Styles Pairs Kits Sets with Tweezers , NO NEED GLUE",All Beauty,,3.9,64,PURELEOR,
B0B4VHNL46,L’ange Argan-Infused Round Brush | Lightweight & Ergonomic Design | 43MM Tourmaline Ceramic Barrel,All Beauty,,4.3,52,L'ANGE HAIR,
B088MF5VWW,"2 Pack Detangling Brush for Curly Hair, Wiisdatek Black Hair Detangler, Afro Textured 3a to 4c Kinky Wavy, Detangle Easily Wet/Dry/Long Hair for Beautiful Shiny Curls (Pink, Black)",All Beauty,,3.5,20,Wiisdatek,
B08SVW5GZ2,"Alishow Straight Clip in Hair Extensions Human Hair,8PCS 120 Gram Double Lace Weft Clip in Human Hair Extensions Brazilian Virgin Human Hair Natural Black Color For Women (18 Inch, Straight Hair)",All Beauty,,4.1,22,Alishow,
B08JTNQFZY,GAINWELL,All Beauty,,4.3,64,GAINWELL,
B08G8B2CQH,"6 Pack Portable travel bottles-30ml Flip Cap Reusable Bottles Keychain Carriers for Shampoo,Hand Sanitizer Refillable Keychain Sanitizer Holder -1oz dispenser bottle, Metal 6 Pack Buckle Include",All Beauty,,4.5,62,SKYCY,
B09NFQ69KT,"ZUK Black Matte Lipstick 2Pcs Suede Cream Liquid Lipstick Set for Women, Vegan and Cruelty Free, 0.34 Fl Oz",All Beauty,,3.5,65,ZUK,
B07DPMFTLY,"PARWIN Wet & Dry Flat Iron 1 1/4 Inch Hair Straightener for Women with Tourmaline Ceramic and PTC Heating, Professional Straightening Iron, Black",All Beauty,,4.2,117,Nuonove,
B08GSKRQKD,ILOJE Capsule CC Cream Comfortable Care SPF48 PA++ 1 pack,All Beauty,,3.8,13,ILOJE,
B098GMKW8D,"Simple Pleasures 10-Piece Nail Polish Kit with Shimmering Nail Polish Shades, Glittery Toe Separator, Emery Board Nail File, 50 Nail Stickers, and Clear Plastic Carry Pouch Purse with Zipper",All Beauty,,4.0,24,SIMPLE PLEASURES,
B08DKFV9SR,Jumbo Braiding Hair Extensions 24 Inch 6 Packs Ombre Synthetic Hair Crochet Braids Kanekalon Long Jumbo Braids For Box Braid Twist Crochet Hair (Black/Dark Brown/Light Brown),All Beauty,,3.9,14,Belle Show,
B06X8YFTMD,Peruvian Loose Wave 22 24 26 28 Inch 4 Bundles Deals Raw Remy Hair Extension Real Human Hair Weave Tangle Free No Shedding Wet And Wavy Sew In Hair Weave Bulk Hair Bundles Dark Brown,All Beauty,,2.0,1,,
B08LDGRY6Q,"Blackhead Remover Pore Vacuum Electric Facial Pore Clean with Camera , UBS Rechargeable LED Electric Black-Head Acne with 4 Replaceable Probes Blackhead Extractor Tool for Women & Men",All Beauty,,3.5,98,HYTONG,
B0BN113VWD,"B.O.B BARS OVER BOTTLES Solid Conditioner Bar for Balanced Moisture| Oily Hair | Hair Care, Ideal Ph Balance | Natural, Vegan | Eco-friendly, Sustainable, Plastic Free | Waterless & Zero Waste",All Beauty,19.99,4.2,1136,B.O.B BARS OVER BOTTLES,
B08HQSDDDR,Vaveah Sparkly Rhinestone Mesh Face Mask Pack of 2 Crystal Masquerade Party Nightclub Face Masks Halloween Mask for Women and Girls (Black & Purple),All Beauty,,4.3,50,Vaveah,
B071NBFSLY,Gliss Hair Repair - Extra Volume - Shampoo & Conditioner Set - Net Wt. 13.6 FL OZ (400 mL) Per Bottle - One Set …,All Beauty,,4.4,122,GLISS,
B09KYJJ3D5,100% PURE Cocoa Coffee Body Scrub Exfoliating Deep Cleanse with Sea Salts & Nourishing Oils Natural Moisturizing Skincare Radiant Skin Restore & Pore Cleanser for Women & Men Vegan - 10oz,All Beauty,40.0,3.1,27,100% PURE,
B09SH1FD9S,"Kopari Bubblegum Lip Gloss Kit | Strawberry, Grape, and Bubble Gum Flavors | Hydrating Blend of Shea Butter and Coconut Oil to Nourish and Soothe Chapped Lips | Vegan and Cruelty-Free",All Beauty,27.99,4.5,40,Kopari,
B01DBKZSU2,Sanwood Elegant Luxury Boho Handmade Crystal Rhinestone Jewelry Beads Bridal Wedding Evening Pageants Proms Birthday Christmas Gift Headband (Black),All Beauty,,4.2,116,SANWOOD,
B08JGL46K5,"Dermaka Cream for Skin Redness, Bruising and Inflammation. Plant-Based Ingredients Ideal for Pre & Post Aesthetic or Surgical Care. Travel Size. 2oz.",All Beauty,,4.5,131,Dermaka,
B08932GR6G,"111SKIN HARLEY ST. LONDON Anti Blemish Bio Cellulose Facial Mask - 1 mask, 0.85 Fl Oz",Premium Beauty,40.0,3.5,24,,
B09NXZJV2J,"Unaone Compressed Facial Mask Sheet, 100 Count Disposable DIY Natural Face Cotton Mask Use DIY Skin Care for Women Skin Care Home and Travel",All Beauty,,4.4,6,Unaone,
B08FR3QXYY,"Fountain of Truth Magic Wand Sculpting Eye Roller – Anti-Aging Eye Cream in a Skin Massager Tool –Wrinkle, Dark Circle & Puffiness Treatment – Clean, Natural & Efficacious Beauty & Skin Care Products",All Beauty,29.0,3.8,21,Fountain of Truth,
B07CPD7GMH,Flady 10A Brazilian Body Wave Hair 3 Bundles Unprocesse Virgin Hair Human Hair Weave Bundles Natural Black Color 18 20 20inch,All Beauty,,4.2,15,Flady,
B07CCN9JPX,"NATURAL Moisturizing Facial Masks (ALOE VERA 4PK Box) | Deep Moisturizer Face Sheet Masks for Dry, Sensitive and Tired Skin",All Beauty,,4.3,13,IRIS & ORCHID,
B08VQY1Z1S,BABOR Power Serum Ampoules - Hyaluronic Acid | Moisturizing Smoothing and Plumping | 8D Hyaluronic Acid and Tripeptide Intensely Hydrate All Skin's Layers | 7 Days to Hydrated Skin,Premium Beauty,,3.1,31,,
B07W1WJZFG,"Simply Dana Cellular De-Stressing Cream, Boost Skin's Natural Immunity - 1 oz (30g)",All Beauty,,3.9,26,Simply Dana,
B00OPEASFO,Professional Grade Retinol Anti-Aging Skin Moisturizing Cream - For Age Spots - By Swiss Botany,All Beauty,,3.1,71,,
B08XXKYTP5,"BeautyBio Scalp Therapy, Tools and Serums",Premium Beauty,59.0,4.0,28,,
B087LVRGN1,"Spray Bottle, RUCKAE Airless Spray Bottle with Fine Mist Sprayer 4pcs 3.4oz/100ml + 1pc 1.7oz/50ml, Vacuum Travel Bottles Clear Refillable Container for Perfume, Toners, Soothing Water, Rose Water",All Beauty,,4.3,98,Ruckae,
B08F9XLRCK,Nu Faux Locs Crochet Hair Long Faux Locs Crochet 24 Inch 6 Packs Soft Locs Crochet Hair for black women 20 strands/pack (1B/Bug),All Beauty,,4.0,2,Liang Dian,
B08CXPSYWX,"GOGALLJUG Jade Roller and Gua Sha,100% Natural Jade Facial Body Eyes Neck Massager Tool Reduce Wrinkles Aging",All Beauty,,4.0,43,GOG ALLJUG,
B07D5FBFQ4,"Zeitun Natural Anti Cellulite Body Scrub - Organic Coffee Body Scrub Exfoliator With Robusta & Dead Sea Salt - Cinnamon, Ginger And Moisturizing Oils, 7 oz",All Beauty,,3.8,48,Zeitun,
B09NCDK9T1,SmoothSkin Pure FIT Intelligent Ultrafast IPL Permanent Hair Reduction for Women & Men - Body & Face – FDA Cleared,All Beauty,351.0,3.9,177,SMOOTHSKIN,
B09CDRB73V,Bridal Hair Comb Gold Leaf Crystal Hair Vine Bridal Hair Accessories Rhinestone Headpiece,All Beauty,,4.6,10,FIDDY898,
B096YHL82K,"Gryph & IvyRose Coat of Arms Hydrating Lotion for Kids - Hydrating Moisturizer with Shea Butter & Coconut Oil - All Natural, Sustainable, Cruelty Free, No Parabens, No Sulfates, Vegan - USA Made - 8oz",All Beauty,9.98,4.4,31,Gryph & IvyRose,
B07W6H8CGT,"Little Moon Essentials Tropical Bath & Shower Sugar Exfoliant, Beach All You Want, 2 oz.",All Beauty,,4.2,15,Little Moon Essentials,
B09BN5TYK5,COSYOO Fashion Boho Headbands for Women 12PCS Hair Band Elastic Vintage Button Knotted Headbands Head Wrap Floral Bandeau Headbands,All Beauty,,4.5,15,COSYOO,
B07RBSLNFR,"OGANA CELL Peptide Concentrating Amazing Lotion 2.03 fl.oz. (60ml) - 650ppm Peptide Contained Mild Moisturizing Facial Lotion, Hypoallergenic Natural Ingredients for Sensitive Skin",All Beauty,,4.5,26,OGANA CELL,
B00KXFD75M,"Protege FLAWless Scar Gel Cream, Best for Scar Removal, Flattens and Softens Scars (1 ounce)",All Beauty,,3.4,344,PROTÉGÉ,
B08THPYX9M,Moisturizing Heel Socks with Soft Gel Lining for Dry Cracked Feet Treatment - Unisex Reusable Foot Moisturizer SPA Socks for Women & Men - Pedicure Heel Sleeves from Breathable Cotton,All Beauty,,3.5,23,Pumice Valley,
B07RP9FXLW,"UV Light for Nails,LKE Curing Lamp for Gel Nail Polish 54W UV Led Light Gel Nail Starter Kit Nail Dryer Accessories",All Beauty,,4.0,47,LKE,
B09FL6H93Z,"7 Color LED Face Mask,SPA Facial Equipment, Beauty Salon Equipment, Facial Skin Care Machine, Multifunctional LED Light For Face-1",All Beauty,,4.0,96,bonnybeauty,
B085C6RN9R,"Women Headband,Pack of 4 Alygado Boho Floal Style Criss Cross Head Wrap Hair Band (style21-24)",All Beauty,,4.0,3,Alygado,
B08NGXBJ4X,"Organic Roll On Essential Oils Set, 100% Pure USDA Certified - Protector Blend (Based on 4 Thieves Legend) & Lemongrass with Black Leather Travel Case",All Beauty,,4.3,14,Red Silk Essentials,
B01BYWYNUA,"Duke Cannon Supply Co. - Tactical Lip Protectant Balm, Fresh Mint (0.56 oz) Superior Performance Lip Protection Balm for Hard Working Men - Fresh Mint",All Beauty,6.95,4.8,599,Duke Cannon Supply Co.,
B09B7F54K1,21pcs with storage box for girls big bow hairpin ribbon full cover flower hairpin baby toddler hair accessories,All Beauty,,4.7,14,Havtyyise,
B08PHS33D9,"Eggplant Clearing Cleansing Oil Pad 60 pads, Makeup remover pad. Exfoliating. Simple easy quick wipe. Moisturizing cleansing oil pad",All Beauty,,4.4,37,PAPA RECIPE RIGHT FOR SKIN,
B0B8DZ7H5F,"Frankies Bikinis Lip Butter Gloss, Sleeping Vegan Lip Mask Overnight, Moisturizing Lip Plumper, Vitamin E Lip Balm Moisturizer, Hydrating Lip Oil with Cocoa Butter, Made in USA, Guava 0.7 Ounces",All Beauty,21.0,4.2,24,Frankies Bikinis,
B08HRHCZV2,"Travel Bottles for Toiletries, Silicone Travel Size Bottles And Squeezable Containers Holders with belt clip Keychain for Backpack, Shampoo, Liquid, Cosmetic Products(2 oz, 6 Pack)",All Beauty,,4.1,90,MACRAY,
B09FTF6T91,"Disposable Lip Brushes Make Up Brush Lip Gloss Wands Applicators Tool Kits (600, Pink,Yellow , Rose red)",All Beauty,,4.0,1,SeTaun,
B08KZQKD4G,"8 PCS 40ML Mini Spray Bottles, FANDAMEI Fine Mist Plastic Spray Bottles, Empty Refillable Clear Atomizer for Cleaning, Travel, Essential Oils, Perfume, Makeup Liquids. Travel Size, Pink & Blue",All Beauty,,4.8,48,Fandamei,
B08JP74M51,"Bold Men, Mens Hair Gel""Casual Hold"" 100ml, Mens Styling Gel",All Beauty,,4.0,19,BOLD MEN,
B07RJHQ2VZ,Elastic Scrunchies Colorful Hair Bobbles for Thick Hair - Soft Stretchy Hair Ties Ponytail Holder for Women Girls Hair Styling Accessories (20Pcs),All Beauty,,4.1,102,aosdanting,
B085RQKWNF,"lorelo 4 Pieces Nail Dotting Pen, Dual-ended Nail Dotting Pen Liner Brush Nail Art Point Drill Drawing Tools Set Nail Art DIY Decoration Tool",All Beauty,,3.7,41,lorelo,
B09KT4RJG6,"Simply Dana Rivitastore Neck Firming Cream — Skin Firming Cream for Tightening Neck, Jawline, and Chest, Collagen Peptides, and Squalane Cream for Wrinkles, Sagging, and Dryness",All Beauty,,4.0,13,Simply Dana,
B01M4OQF8O,DERMAL 10 Combo Pack Premium Collagen Essence Full Face Facial Mask Sheet - The Ultimate Supreme Collection for Every Skin Condition Day to Day Skin Concerns - Silky Cellulose Mask Sheet,All Beauty,,4.3,191,DERMAL,
B08DHZW3LK,Glitter Poly Nail Gel Extensions Builder Gel UV/LED Soak Off Acrylic Fashion Gel Polish Set for Nails Beginner DIY Nail Art at Home 8 colors-15g (Pink series),All Beauty,,4.2,69,MIZHSE,
B07FP2C8N8,"Emilia Hypoallergenic Bath Oil for Babies - Paraben-Free Natural Baby Wash Enriched With Natural Oat Extract, Sunflower, Sweet Almond, Sesame, Calendula, and Chamomile 8.5 fl.oz.",All Beauty,,3.6,20,Emilia,
B07NZ4F82C,CIBBCCI Eyeshadow Makeup Palette 16 Colors Pigmented Velvet Texture Blendable Neutral Warm Long Lasting Eye Shadow Pallet With Mirror,All Beauty,,4.3,65,CIBBCCI,
B0B61LGP7B,Velma Wig Short Brown Bob Wig with Bangs Velma Scooby Doo Costume Wig for Women Velma Wig and Glasses for Party Halloween CJ006BR,All Beauty,22.95,4.5,28,CJK,
B08GBZGRDQ,MEICOLY 12 Pcs/set Matte Lipstick Set Long Lasting Waterproof Pen Lip Stain Set Halloween,All Beauty,,3.6,19,MEICOLY,
B07Q2G3FSY,Teeth Whitening Powder Kit 2.1oz Activated Charcoal Toothpaste Powder Teeth Whitener Remove Coffee Wine Tobacco Stains Gum Health and Fresh Breath with Toothbrush & Tongue Cleaner,All Beauty,,3.7,109,BeaGirl,
B07RKSXTDP,LASHVIEW Ellipse Flat Fast-Fan Lashes 0.07mm 0.15mm 1s Fast Fan Volume Eyelash Extensions D Curl Length 11mm Eyelash Extensions,All Beauty,,3.7,5,LASHVIEW,
B08QZBZG89,"Microblading Eyebrow Pen, Eyebrow Tattoo Liquid Pen , 2 in 1 Eyeliner Pencil, Waterproof brow Pen, Natural Looking, 24h Long Lasting (Brown)",All Beauty,,4.2,15,EINHOOM,
B019O277A0,"Elbahya Natural Hair Repair Serum - Curly Treatment for Damaged Hair with Moroccan Argan Oil and Shea Butter Serum, for all Hair Types",All Beauty,,4.0,17,Elbahya,
B07D6KYSJH,"[Weekly Point Cosmetic Rose edition mask sheet] - Facial skin care mask sheet 3solutions(Wriklecare, Brighten up, Moisture) in one (1Pack of 10pcs)",All Beauty,,4.1,59,Weekly Point Cosmetic,
B087QYY7P5,3 Packs Braiding Hair Extensions 165G Jumbo Braiding Hair High Temperature Synthetic Fiber Jumbo Braiding Hair Extensions ( Blue),All Beauty,,4.5,6,UHair,
B08343R798,"Body wave lace front wigs human hair wigs lace front 21”, 4x4 human hair wigs for black women body wave wigs human hair lace front 21”",All Beauty,,4.1,26,Kapelli Hair,
B08QVJ4NVD,"OGANA CELL Bio Actiome Recovery Cream 50ml / 1.69oz - Mild All in One Cream, Soothing & Anti-Wrinkle, Peptides and Blackbee Extract Contained Nourishing Skin Care",All Beauty,34.99,4.3,30,OGANA CELL,
B0778G25S7,"Cat Ears Headbands, Teenitor Elastic Women's Lovely Etti Hair Band, Wash Face Spa Headband-Washable Facial Band Makeup Wrap Headbands Christmas Gift Fits All Head Sizes, 5pcs",All Beauty,,4.3,1435,Teenitor,
B07V1QTSQ1,[miclan] Honey Nutrient Enriched Mask 10pcs - Mediheal Family Brand Facial Sheet Mask Full of Hydraiting Nutrients Skin with Honey and Propolis,All Beauty,,4.2,35,miclan,
B07SJ98G6Z,Keratin Secrets Keratin Infused Shampoo and Conditioner Duo 12 Ounce,All Beauty,50.0,3.4,14,Keratin Secrets,
B08R7BSGVH,"BEPHOLAN Self Adhesive Eyeliner, 2-in-1 Eyeliner Instead of Eyelash Glue, Liquid Eyeliner Glue for False Eyelash，No Need Glue And Magnetic,Extra Strong Hold for False Eyelashes & WaterProof（BLACK）",All Beauty,,3.4,30,BEPHOLAN,
B07C64FR2F,"BRTC V10 Peeling Pad, 80 Pads, 150 ml",All Beauty,34.5,4.0,17,BRTC,
B08QFFG8BL,Brazilian Straight Bundles Human Hair Bundles (16 18 20 inch) 10A Straight Weave Hair Bundles 100% Unprocessed Virgin Hair Extensions Natural Black,All Beauty,,3.8,222,ALIANNA,
B07T81T74H,"JUNOVEM COLE Spirulina Shampoo, with Aloe Vera, Tayaw 8.5 fl. oz. Superfood Shampoo For Men & Women, Nutrient-rich hair loving ingredients",All Beauty,,3.4,9,JUNOVEM,
B097H7H3MT,"Meetory 6 Pieces Korean Exfoliating Bath Washcloth, 2 Sizes Exfoliating Bath Cloth Towels Scrub Mitten for Skin Massage, Removing Dry Dead Skin Cells, Cleaning Pores(Blue Green Yellow Pink)",All Beauty,,4.0,29,Meetory,
B0863FZFPV,NOBLE Wigs for White Women Purple Lace Wigs for Black Women 27 Inch Long Curly Wavy Colored Wigs Middle Part Heat Resistant Synthetic Ombre Purple Wavy Wigs for Daily Party Cosplay Use,All Beauty,,3.8,31,NOBLE,
B0C5FZDPD3,"KoluaWax | Beach Legs Hard Wax Beads (1lb Bag) | For Legs, Back & More | Lavender",All Beauty,21.99,4.6,1457,KoluaWax,
B097L88MZD,Short Bob Wig Human Hair Bangs Bob Wigs for Black Women Non Lace Front Wigs 150% Density black bob wig with bangs Non Lace Front Glueless Machine Made Natural Color 10 inch,All Beauty,,3.0,14,XCQINGHE,
B09N9TZLG3,"buyifan 430pcs Kids Temporary Tattoo for Forest Animals, Insects, Sea Animals,Circus theme Tattoos Sticker,for little Boys and Girls Waterproof Long Lasting and Non-toxic",All Beauty,,4.0,46,BUYIFAN,
B07YV9J2YZ,"Headbands for Woman Pearls Headbands,Logiverl 2PCS Pearls Headband Elegant Hair Clip Hairpins Headwear Barrette Styling Tools Accessories for Christmas Gift",All Beauty,,4.4,20,Logiverl,
B08KNVV18L,"LEAP Lemongrass Hand Soap, Natural & Moisturizing Lather, Gentle & Rinses Clean, Made with Organic Oils, Cruelty Free & Vegan, Liquid Hand Wash, Superbly Designed, 12 fl oz",All Beauty,,4.3,13,Leap Organics,
B0837DMFV5,ColorGround Long Blonde Braid Cosplay Wig for Women and Girls (Adult Size),All Beauty,,3.8,13,ColorGround,
B00UVZ58GA,Detangling Hairbrush – Gentle Detangler Hair Brush & Comb – No More Tangle – Reduce Hair Loss and Breakage – Great for Adults & Kids – Lime Green,All Beauty,,2.5,15,,
B088R5YRMJ,"Water Dental Flosser for Teeth, 600ML Water Pick Teeth Cleaner, Water flossers for Teeth with 3 Modes & 4 Jet Tips-IPX7 Waterproof,USB Rechargeable ,10 Stepless Adjustment Portable Oral Irrigator",All Beauty,,3.9,89,Kirapure,
B01KHGZIE4,Tmalltide Professional Eye Makeup 12 Colors Eyeshadow Palette Gold Glitter Bright Shimmer Smoky Cosmetics Makeup Palette Diamond Bright Glitter Eye Shadow,All Beauty,,3.7,3,,
B09GGC6696,Kristin Ess The Oversized Satin Scrunchie ? Cheetah,All Beauty,,4.5,30,Kristin Ess,
B08DK4B5QV,"Luma Bella Anti-Aging Vitamin C Serum - Hydrating, Brightening & Firming Facial Drops for Women & Men - Natural Skincare Formula with Hyaluronic Acid, Vitamin E & Jojoba Oil - 2 fl oz",All Beauty,,4.5,3,Luma By Laura,
B093319X7G,"Tattoo Eyebrow Gel Peel Off, Waterproof Long Lasting Tint Brow, Natural and Elegant Brow Color Makeup (01# Brown)",All Beauty,,4.0,21,EINHOOM,
B086JDDTKR,"Ice Roller for Face & Eye by Charmlily, Puffiness, Migraine, Pain Relief - Cold Facial Massager Treatment to Reduce Puffy Face & Tighten Pores, Under Eye Wrinkles (Pink)",All Beauty,,4.5,333,CHARMLILY,
B08QRSNJW9,"3 Pcs Beauty Blender Makeup Sponge Gift Set,Lates Free Soft Beauty Foundation Blending Sponge with Beauty Blender Holder,Cleaner and Brush for Powder, Cream or Liquid",All Beauty,,4.3,25,LIONVISON,
B092MDM165,"Wooden Hair Brush with Steel Bristle, Neverland Detangling Hair Brush with Metal Pin,Summer Day Metal Hair Brush for Women Men Children, Massage Scalp Hair Brush for All Types Hair & Daily Use",All Beauty,,4.3,12,Neverland Beauty & Health,
B09BR7QKQ6,DXFZPGS short wigs,All Beauty,,4.7,8,DXFZPGS,
B083PXJBVY,Rated Green - Hibiscus Moisturizing Scalp Pack - Tube - 6.76 fl. oz. Cold Brewed Organic Hibiscus with Natural Honey - Softening Hair Mask for Women & Men,All Beauty,19.99,4.5,51,RATED GREEN,
B07VRD5BQK,"YNN Y-Not-Natural Organic Kakadu Plum Extract Anti-Aging Moisturizer by Jillaroo – 100g | Vitamins E, C, A | Fragrance Free Advanced Skin Care and Wrinkle Removal (Kakadu Plum)…",All Beauty,,4.2,36,YNN Y-Not-Natural,
B08575Y9V3,[Abib] Creme coating mask Tone-up solution 17g (5pcs),All Beauty,,3.9,13,Abib,
B07DS4GPGX,"Good Lab Blooming and Thickening Serum for Men and Women, DHT-Blocker Serum for Hair Growth",All Beauty,,4.0,99,Amalia,
B095JJ723L,"Jade Roller for Face, Facial Roller and Gua Sha Kits, Natural Jade Stone Face Massager, Face Roller Massage Tools for Reducing Wrinkles",All Beauty,,4.2,47,Beyond,
B01LXSWG49,"Tropical Holistic Organic Rosehip Seed Oil, 100% Pure Cold Pressed Unrefined Rose Hip Facial Oil, Anti-Aging Face Oil to Tighten Wrinkles & Lines, Restores Elasticity, Nourishing Hair Oil, 4 oz",All Beauty,15.95,4.1,49,Tropical Holistic,
B07CFWHQZ9,"Electric Toothbrush, Rechargeable Electric Sonic Toothbrush for Adult 48000 VPM, SONICOOL Toothbrush 2 Minutes Timer 3 Brushing Modes with 4 Replacement Heads IPX7 Waterproof",All Beauty,,4.3,180,Sonicool,
B087X4B475,"Natural New Hair growth Pills By Seanergix, Prevention Treatment Helps Restore Strength, Volume, and Thickness. Developed to Reduce Hair Loss and to Stimulate Regrowth of New Hair for Men and women",All Beauty,,3.7,22,LIPOSOMAX,
B0971Z28DS,"BABOR Power Serum Ampoule: Beta Glucan | Calms, Strengthens, Soothes | 2D Hyaluronic Acid & Microsilver | Clean & Vegan | Visible Results in 7 Days",All Beauty,,4.5,62,Babor,
B0814TCLD8,LINGSFIRE Electric Foot File Callus Remover for Feet Speed Adjustable Professional Foot Polisher with 60Pcs Replacement Sandpaper Discs for Men Women Dry Dead Hard Cracked Skin or Calluses (Grey),All Beauty,,4.3,213,LINGSFIRE,
B08P9MP7L8,"go1go Bath Bombs Gift Set, 6 Pack Natural Rich in Essential Oils Spa Bath Fizzies for Moisturizing Dry Skin, Gift Ideas for Girlfriends, Women, Moms, Men and Kids, Birthday, Valentine, Mothers Day",All Beauty,,4.6,11,go1go,
B08XZDXTG2,"WIS Hyaluronic Acid Facial Masks for Women Anti Aging, Moisturizing for All Skin Type 24 Pcs Sheet Mask, Daily Skin Care",All Beauty,,4.1,31,+WIS+,
B00064A816,"Zia Natural Skincare Ultimate Body Butter, 6 oz",All Beauty,,5.0,7,Zia,
B0B2DN2MHK,"Big Hair Claw Clips for Women and Girls - 4.3 Inch 8 Pcs Matte Claw Hair Clips for Thick Hair, Large Jaw Clips for Thin Hair, 2 Styles Strong Hold Hair Accessories for Girls",All Beauty,,4.3,38,HH Fashion,
B08Z32P2Q6,"Satin Elastic Scrunchies for Women Girls,5 Pack Black Soft Ponytail Holder Great for thick or thin hair, Hair Accessories by TTKLYN",All Beauty,,4.1,43,TTKLYN,
B01N99J9FD,"Juicy Chemistry - Organic & 100% Natural Hydrating Face & Body Scrub for Women with Dry & Mature Skin w/Hazelnut, Coffee & Chocolate (75g)",All Beauty,,3.6,19,juicy chemistry,
B08DK4NDM3,"Glow Line Individual Hand Wipes - Hand Wipes Travel Size, Lavender Rose Travel Hand Wipes - Moist Towelettes Individually Wrapped, Wet Wipes Individually Wrapped w/Murumuru Seed & Peptides - 15 ct",All Beauty,,3.3,27,BUSYCO,
B08JPKXJMV,Altaba Long Wavy Wigs Ombre Red Synthetic Wigs Middle Part Natural Looking Heat Resistant Party Cosplay Full Wig for Women,All Beauty,,3.1,11,Altaba,
B082VKPJV5,Workman's Friend Ultimate Hand Care Bundle,All Beauty,,4.5,41,WORKMAN'S FRIEND,
B09571TNVG,AORAEM Mini Nail Dust Collector Portable Suction Dust Collector Machine Handheld Table Dust Sweeper with Brush for Nail Drills Acrylic Nails (Light Grey),All Beauty,,3.1,55,AORAEM,
B086JN17SK,"Sam&Helen Magnetic Eyelashes With Eyeliner Kit, 5Pairs Magnetic Eyelashes And 2 Tubes Magnetic Eyeliners With Eyelash Applicator-No Glue Needed",All Beauty,,4.0,34,Sam&Helen,
B07QN8B5VG,N3 No Name Necessary Pore-Minimizing Mattifying Oil and Shine Control Anti-aging Makeup Face Primer Spray (200ml),All Beauty,,3.9,55,No Name Necessary,
B08N6YHQXT,"Heyedrate Activated Charcoal Soap Bar and Face Wash | Organic, Vegan, Natural Soap made with Dead Sea Mud and Our Essential Oil Blend (1 Pack (5 Ounces))",All Beauty,,4.4,87,Eye Love,
B08H4SYXR4,"Caudalie Vinosource SOS Intense Hydration Set: Hydrating Trio for Sensitive Skin including a Daily Foam Cleanser, Hydrating Serum, Facial Moisturizer",Premium Beauty,,4.7,62,,
B07JJC151B,Acelane Jade Roller for Face Anti-aging Facial Roller Natural Jade Stone Wrinkles Puffiness Massager Treatment Beauty Tool for Slimming Toning Firming Eyes Neck Body Skin Rejuvenate,All Beauty,,4.1,13,Acelane,
B083BCSQGN,Avajar Red LED Nourishing Cream 1.69 fl oz (50ml) - Face Moisturizer for Dry Skin | Retinol Cream for Face | Hyaluronic Acid Moisturizer for Face | Hydrating Face Cream | Face Lotion for Women & Men,All Beauty,,3.5,24,a DAILY SELF-CARE COSMETICS avajar,
B08JZD8HN4,"12 Sheets 3D Iridescent Butterfly Nail Art Stickers for Fingernail Toenail, Self-Adhesive Butterfly Nail Decals, Holographic Glittery Butterfly Nail Decorations for Women Girls",All Beauty,,3.9,42,RUUKON,
B08H4F6DRD,Portable Travel Bottles Keyring Fruit Holders 50ml Refillable Empty Containers Perfect for Kids to Carry Hand Sanitiser (4pcs),All Beauty,,4.2,28,PetSinc,
B07YG4PRTN,Magic Wand Makeup Brushes Set - 5pcs Wizard Wand Makeup Brushes Foundation Blending Blush Eyeshadow Face Lip Powder Brush Beauty Tools (New-Bronze),All Beauty,12.99,4.7,516,rongji jewelry,
B089QR2Y5B,"10 Pack Wide Headbands, 4 Style knot Turban Hairband Vintage Head wrap Hair Band Elastic Hair Accessories",All Beauty,,4.1,119,NEWTGAN,
B08GMC48QF,Purple Shampoo and Conditioner Set - Blonde Shampoo - Made in USA - Purple Hair Silver Shampoo - Hair Toner Shampoo & Conditioner for Brassy Hair - Purple Toning Shampoo & Overtone Conditioner,All Beauty,,3.7,56,WELLUTION,
B07GHPCT6T,Bellezza Versa Styler 1 Inch Titanium Plates Flat Iron Twisted Hair Straighteners (Blush Pink),All Beauty,,3.8,11,Bellezza,
B08S1LWF9V,BeautyStat Mini Universal Essentials Skin Care Kit - 3 in 1: Universal C Skin Refiner + Universal Pro Bio Moisture Boost Cream + Universal Moisture Essence | Created by a Veteran Cosmetic Chemist,All Beauty,,4.1,580,BeautyStat,
B07FSKJKVN,"16"" Tape in Extensions Human Hair Remy Tape in Hair Extensions 1B Off Black Pack of 20pcs",All Beauty,,2.8,34,Aviva,
B086TS3BKQ,Bodyguard Moisturizing Immunity Soap 6pk | 7 Essential Oils Clinically Evaluated to Boost Immunity and Protect | Moisturizes with Sweet Almond Oil | Healthy PH for Skin Microbiome,All Beauty,,4.0,51,Spa-Da,
B08CZ5JZMZ,"Nail Polish Gel Remover Tools Kit for Women with Nail Clip Caps, Nail File, Nail Remover Cotton Pads,Brush, 2-in-1 Cuticle Scraper and Pusher, Nail Separator",All Beauty,,4.0,40,Lahien,
B08Y8BRVMF,Swiking Grey Long Curly Wave Wigs for Women with Flat Bangs Natural Looking Synthetic Heat Resistant Hair for Daily Party Halloween Cosplay Replacement Wig,All Beauty,,4.6,5,Swiking,
B08HJ3FRDK,"CLING IT2, Double Sided Tape for Clothes and Fashion, Extra Strength All Day Adhesive for Clothing and Body, No Residue, Gentle on Skin, Transparent, Made in The USA",All Beauty,7.89,4.3,795,Cling IT2,
B07S3DB2G6,"CLEARity by CLEARstem - Exfoliating Serum with AHA and Mandelic Acid, Anti-Aging, Retexturizes, Reduce Scars, Anti-Acne, Blackhead Dissolving & No Secret Pore Cloggers (.5 fl oz - TRIAL SIZE)",All Beauty,,4.0,26,CLEARstem,
B08JVK8B58,3D Face Massager V Face Lift Tool Facial Care Massager Roller Firming Beauty Body Face Massage Massage Stick,All Beauty,,4.3,18,sweoxo,
B0814YYV4X,True-Aloe Cleansing Bar - Natural Plant Fats - High Glycerin For All Skin Types,All Beauty,,3.9,13,NatureCity,
B08R8JQ7NF,Oval Large Makeup Brushes Fast Application Liquid Cream Powder Foundation (Rose Gold 1),All Beauty,,4.5,31,LAMJAD,
B083VRSDVD,"Bride and Bride Tribe bachelorette hair ties, Set of 7 Bachelorette Party Hair Ties, To have and to hold your hair back hair ties, Bachelorette goodie bags, (Black Bride Tribe)",All Beauty,,4.6,76,Your Dream Party Shop,
B08XBBZPN6,Acne Patch 3 Sheets (36 Counts per Sheet) Hydrocolloid Pimple Blemish Cover Treatment with CICA Tea-Tree Oil,All Beauty,,3.6,52,ROSELYNBOUTIQUE,
B08L99168S,"Nail Dip Powder Liquid Set with Base Activator and Top Coat, 10ml x 3, for Dipping Powder Manicure System, No Including Bond Primer Brush Saver, No Need UV/LED Lamp to Cured",All Beauty,,3.4,34,unibouti,
B085J9K64C,"SimpliGrown Bath Co. Pure Cornstarch Talc-Free Baby Powder with Aloe, Vitamins C & B5, Fragrance Free, 4 Oz",All Beauty,9.99,4.4,51,SIMPLIGROWN,
B08N6CLJ6P,"Aesfee Makeup Mirror Vanity Mirror with Lights, 1x/2x/3x Magnification LED Lighted Trifold Cosmetic Mirrors, 3 Color Lighting Modes Touch Control Dimmable Countertop Illuminated Mirrors - White",All Beauty,,3.5,70,Aesfee,
B088PYN4VM,"Cutting Scissors Set 10 Pcs Professional Hairdressing Scissors Kit, Hair Cutting Scissors, Thinning Shears, Hair Razor Comb, Clips, Cape, Shears Kit for Home, Salon, Barber",All Beauty,,4.1,68,P.travel,
B06XYJP7J8,Zum Body Lotion - Bulgarian Lavender - 8 fl oz (2 Pack),All Beauty,,4.4,15,Zum,
B084VCJY8D,"Beard Brush, Comb, Scissors Grooming Kit for Men's Care, Perfect to Distribute Balm or Oil for Growth & Styling, Adds Shine & Softness Black Color",All Beauty,,4.2,50,GROW ALPHA BEARD,
B095LD7YJ3,"INH Semi Permanent Hair Color Bubblegum Pink, Color Depositing Conditioner, Temporary Hair Dye, Tint Conditioning Hair Mask, Safe, Pink Hair Dye - 6oz",All Beauty,,3.6,10,INH,
B08BNR5DP1,Orange Peel Powder by Merlion Naturals | Citrus aurantium | 100% Pure and Natural (3.5 OZ),All Beauty,,4.2,38,MERLION NATURALS,
B087T51FQW,"Pureheal's Centella Green Tea Callus Mask 0.88 fl. oz x 3 (25g x 3ea), Centella Asiatica Extract Nourishing and Energizing, by Nature Village",All Beauty,,3.7,3,Pureheals,
B08SG2MBRY,"HASK CUCUMBER + ALOE Body Wash 2 Pack- Refreshing, vegan formula, hypoallergenic, dermatologist tested, pH balanced- 2 Pack of 24.5 oz Bottles",All Beauty,,4.6,156,HASK,
B08Q46XSF7,"JunHoter Bath Pillows For Tub Neck And Back Support With Suction Cups Design Suitable For Bathtubs,Bathing And Sauna，As A Bath Accessories Gift For Women& Men.",All Beauty,,4.5,5,JunHoter,
B092M5K59T,"Beautiful Girl You Can Do Amazing Things, Inspirational Gifts for Women, Christmas Gifts, Amazing Gifts for Teen Girls, Beautiful Gift Makeup Bag, Inspirational Jewelry Dish, Amazing Mirror",All Beauty,,4.5,54,VeryMerryMakering,
B0849YFB92,"TELETIES - Tie Dye Collection - Spiral Hair Coils - Ponytail Holder Hair Ties for Women - Phone Cord Hair Ties - Strong Grip, No Rip, Water Resistant, No Crease Hair Tie Coils - 3 pack (Large, Trippy Hippie)",All Beauty,,4.7,570,Teleties,
B08DD6BFFM,"EltaMD Skin Recovery Essence Hydrating Toner for Face, Face Toner for Oily Skin and Sensitive Skin, Alcohol Free Formula, Helps Detoxify and Hydrate Skin, pH Balanced, Oil Free, 7.3 oz Bottle",Premium Beauty,37.0,4.6,697,,
B093GR3N8W,"2Pcs French Smile Line Cutter,Nail Molding Stainless Steel Template Cutter French Nails Acrylic Pro 9 Size Tips French Smile Cut V Line Suitable For DIY Manicure,Manicure Edge Modification",All Beauty,,3.4,7,Aelflane,
B07N318SLJ,Jade Rose Quartz Roller for Face 2 in 1 Gua Sha Set Including Rose Quartz Roller and Jade Face Massager 100% Real Natural Jade Facial Roller Anti Aging Face Roller Massager by Rayfarmo,All Beauty,,4.3,76,RAYFARMO,
B0009EILUS,"Zia Natural Skincare Ultimate Body Butter, 6 oz",All Beauty,,5.0,7,Zia,
B00U2VQZC4,"Neutrogena Ultra Light Facial Cleansing Oil & Makeup Remover, Non-Comedogenic Face Oil Cleanser to Remove Dirt, Oil, Makeup & Waterproof Mascara, 4 fl. oz",All Beauty,,4.4,1347,Neutrogena,
B08NJ5BTWG,"FASCY LAB GREEN+ Korean Sunscreen — SPF 50+PA++++, Daily Facial Sunscreen, Sun Cream With Patented Ingredients, Korean Spf, Korean Sun Cream for Face — Paraben Free [1 x 1.69 Fl.Oz.]",All Beauty,24.99,4.5,32,Fascy,
B0B5VP6TZ7,Eye Corrector Serum With Triple Peptides 1 oz. (28g) by BeautyLux,All Beauty,,4.0,64,BeautyLux,
B08JCX3DL7,"Pippa Of London Magic Star Eyeshadow Powder Pencil, Long Lasting, Blendable Eye Make Up Stick",All Beauty,20.0,4.0,259,Pippa Of London,
B0925975B7,"12pcs Boho Headbands for Women, Cross Elastic Hair Band, Stretchy Headwear, Sport Bands Hair Accessories for Girls (Style 2)",All Beauty,,4.5,7,SPOVE,
B08GKV9NV3,"Proto Future Reusable Makeup Remover Pads – 20 Organic Bamboo Pads with 2 Gloves and 2 Cotton Mesh Bags. Washable, Ecofriendly and Zero Waste… (Pack of 2)",All Beauty,,3.7,56,Proto Future,
B08QHTMV69,Brennas Hair Short Curly Non Lace Front Wigs Human Hair for Women Bob Curly Brazilian Virgin Hair Pixie Cut Full Machine MadePre Plucked Bleached Knots Natural Black Color 150% Density,All Beauty,,2.5,19,Brennas,
B08JJ15PDW,Tie Dye Headbands 6 Pcs Stretchy Cotton Yoga Headbands for Women Non Slip Sports Sweat Headbands Workout Hair Bands for Women Girls Adults,All Beauty,,4.5,13,YanJie,
B07WP8K6FH,INIKA Certified Organic Lipstick Crayon - All Natural Lip Liner & Lip Gloss Base | Moisturizing Lip Crayon | Full-Coverage Lipstick with Coconut Oil | Vegan Makeup | Cruelty Free 3g (Chili Red),All Beauty,,4.7,3,INIKA,
B09493KZ2S,2PCS Wine Red&Black mixed Brown 14''Short Curly Bob Wig with Air Bangs for Women Shoulder Length Wavy Wigs Synthetic Heat Resistant Fiber Hair Medium Length Glueless Wig for Daily Wear,All Beauty,,3.7,8,OSWINMART,
B0111R6NGA,Big Dragonfly Waterproof Multifunctional Cosmetic Bag Travel Kit Organizer Bathing Items Storage with Hanging Large Capacity Double Sides Open for Women and Men Green,All Beauty,,3.8,3,,
B06XBS6MHQ,"Sustainable Youth Ultra Creamy Cleansing Lotion and Makeup Remover with alasta Aloe Vera — Gentle, Effective and Hydrating Face Lotion — Organic, Paraben-Free, Cruelty Free & Vegan (120 ml/4 fl oz)",All Beauty,,3.4,12,Sustainable Youth,
B07X5233ZX,"BRING GREEN Fresh Bowl Pack 8g /0.28 oz. each 8 Types - Wash off, Scrub, Peel Off, Moisturizing Sleeping Capsule Mask/Reducing Pores, Sebum Control, Calming, Nourishing, Natural Ingredients Mask",All Beauty,,4.0,57,BRING GREEN,
B07Y63PY1M,Eye Embrace Gray Multi-Prong Tattoo Eyebrow Pen: Brooke,All Beauty,,3.1,10,Eye Embrace,
B0868XK2BV,Hylunia - Reconstructive Crème - Psoriasis Eczema Severe Dryness (shea butter formula) 4 fl. oz. / 118 ml.,All Beauty,,4.7,39,Hylunia,
B08FB48Q39,Padded Rhinestone Headband Wide Bejewelled Hairband Baroque Statement Velvet Hair Band Party Headpiece Hair Claw Clips Hair Accessories For Women Girls (gold),All Beauty,,5.0,2,FAERLIIRY,
B08WCG4JCC,"GIOVANNI Hemp Hydrating Hair Shine Spray, 4.3 oz. - Hemp Seed Oil, Aloe Vera, Frankincense Helps Stimulate Moisturize & Revitalize Damaged Hair, No Parabens, Color Safe, Lauryl & Laureth Sulfate Free",All Beauty,10.99,4.4,830,GIOVANNI,
B094QZR81B,KRISNICE Magnetic 3D Cat Eye Gel Nail Polish Set Glitter Summer Colors Green Olive Soak Off Nail Lamp Pure UV LED for Nails Art Salon Gift Box DIY Home 7.3ml (KHS6-003),All Beauty,,4.7,3,KRISNICE,
B083GCHL8R,Makeup Sponge Foundation Blender Applicator Set with Rose Gold Holder (4 Pieces),All Beauty,,4.0,10,Glamlily,
B08L4HTQ3R,Huxley Secret of Sahara Clay Mask Balanced Blend 4.23 fl. oz. | Korean Clay Mask to Refine Pores and Absorb Excess Oil and Sebum | Made with Moroccan Rhassoul Clay,All Beauty,34.95,4.6,30,Huxley,
B08YJ5SKZ5,Lip Liner Set 12 Colors Natural Lip Liner Makeup Pencil Long Lasting Matte Velvet Lip Liner,All Beauty,,3.8,70,Marine Forest,
B08PLFZB89,"Got2b Glued Spray Wax with 2-in-1 Dual Nozzle, 8 oz",All Beauty,6.47,4.2,1724,Got2B,
B088JWX1QF,"Magnetic Eyeliner with Eyelashes Kit, High-Strength Magnetic Eyeliner with 2 Pairs Natural Magnetic Eyelashes Kit",All Beauty,,3.7,32,JIMIRE,
B0B1T39KQM,"9 Pcs Silicone Makeup Brush Cover, Reusable Dustproof Makeup Brush Protector Cap,Travel Makeup Brush Storage Holder, 2 Styles with 4 Sizes for Different Sizes Makeup Brush",All Beauty,,2.9,32,QrBxa,
B0952KBKHZ,Oreola Wire Hair Extensions Real Remy Human Hair with Invisible Miracle Wire One Piece Extension Chocolate Brown Color #3 16 Inch 100 Gram,All Beauty,,4.0,220,Oreola,
B08BZ7S2ZQ,"7packs Passion Twist Hair 20 inch Water Wave Passion Twist Crochet Braids Curly Bohemian Locs Synthetic Hair Extension (20 inch, #1B)",All Beauty,,3.4,16,Belle Show,
B08W8LKLHB,"Maestee 9 Pcs Gel Nail Polish Kit, 6 Colors (8ml) with Base and Top Coat and Matte Top Gel (8ml) Neon Nail Polish Hot Neon City Collection Soak Off Nail Gel Polish Starter Professional Kit Best Mothers Day Gift",All Beauty,,4.3,31,maestee,
B0995F48B8,"PRESKBOO Facial Hair Remover for Women,Painless Hair Remover Shaver for Face,Nose Ear Trimmer,Ladis Hair Removal for Peach Fuzzy,Electric Razor for Women Face,Nose,Leg,Bikini Llne2021071219",All Beauty,,4.0,1,PRESKBOO,
B09NFKDCPG,"TimeRelish Collapsible Foot Spa Bath Massager with Heat Bubbles and Massage and Jet, Pedicure Foot Spa Massager with Remote, Foot Soak Tub with Pumice Stone and Lavender Epsom, Gift for Woman Blue",All Beauty,,4.2,124,TimeRelish,
B08LXJYHSN,"Curly Girl Hair Spray Bottle – Ultra Fine Extended Water Mister for Curly Hairstyling, Care and Moisturizing (10 Fl. Oz. & 24 Fl. Oz Set, Swirls White Top)",All Beauty,29.95,4.7,483,Curly Girl,
B01BEYRHBA,"LumaRx Facial Cleansing Brush with 1-Minute Pulsing Timer and LED Speed Indicator Light, Rechargeable and Showerproof, White/Silver",Premium Beauty,,3.8,50,,
B098DVT5S4,24 Style Eyebrow Stencils Eyebrow Template Eyebrow Shaper Eyebrow Pencil Eyebrow Gel Eyebrow Tint Dyeing Template Non-Woven Weak Viscosity Glue Dots DIY Makeup Beauty Tools for A Variety of Faces,All Beauty,,3.1,83,QrBxa,
B08R3KHG94,"Goldseaside Rosegold Ice Roller, 4 Pieces Massage Rollers Stainless Steel Face Roller Cooling Massager For Face & Eye, Puffiness, Migraine, Pain Relief and Minor Injury",All Beauty,,4.2,10,goldseaside,
B0058AA5UM,Now Foods Solutions Cocoa Butter - 7 fl oz,All Beauty,,4.3,49,Now Foods,
B0777ZN9M4,"Charcoal Peel Off Mask, Black Face Mask for Men and Women, Blackheads Remover and Extractor, Black Activated Charcoal Mask for Face, Deep Pore Cleansing Mask (2.7 fl. oz./80ml)",All Beauty,,3.6,95,My Organic Zone,
B01DYC8P98,"Nail Art Stencils Stickers Vinyl - ’Cyclone Collection’ 439 Guides Kit - 21 Shapes: Chevron, Heart & More Adhesives Stripe Patterns Designs in 3 Sheets Supplies Tape Foil Decals Craft Gift",All Beauty,,2.8,9,H la Cosedora,
B08Z75QDJ9,"Polish Due nails | Stretchable Real Nail Polish Strips| Gloss Solid Color, Ombre , French, Pattern, Glitter Finish 16Pcs | Inlcudes Nail Wipe, Nail File, Instructional Brochure 16Pcs( (Modern Royalty)",All Beauty,,3.5,21,POLISHDUE,
B08RP5QJS8,"2 Pcs Green Tea and Egg Plant Purifying Clay Stick Mask Oil Control Anti-Acne Eggplant Solid Fine, Moisturizes and Controls The Oil, Acne Clearing, Blackhead Remover, Improves Texture of The Skin",All Beauty,,2.9,316,Biaoyun,
B07WRF6KMW,Fuller Brush Styling Professional Hairbrush - Everyday Hair Styling Tool - Combination Boar and Nylon Bristles Gently Brush Hair while Styling Smoothing and Removing Tangles Dirt Flakes and Oil,All Beauty,,4.3,205,Fuller Brush,
B08JH8NGKN,"Kairly Naturalong Leave-in Curl Activator Styling Milk - 8.8 Fl oz / 250 ml - Highly Effective for Curl Definition, with Shea Butter, Olive Oil and Cocoa Butter",All Beauty,,3.5,6,F&W,
B01HIIT4TE,Anti Aging Eye Wrinkle Cream for Women & Men with Hyaluronic Acid Matrixyl 3000 Complex to Moisturize Your Skin Day And Night – 1.8 Fl. Oz,All Beauty,,3.5,353,CARDEA LUXE,
B0844X21MJ,"Beast Blue Ultra Cooling Body Wash, 6 oz -Beast",All Beauty,,4.0,50,Tame the Beast,
B0BTV2K819,"Under Eye Ultraviolet Protection UPF 50 - Sun Screen Silicone Patches For UV Protection & Face Sunscreen, Sun Face Patches For Sun Exposure, UV Shield Silicone Sun Block - UV-A 98.6% UV-B 99.8% - Sun Patch (1 Pack/4 Pairs) (1 Pack, Pink)",All Beauty,26.0,3.9,69,SUN PATCH PEEL AND STICK SUNBLOCK,
B08WRMK4WG,"Beauty & Divine Butt Premium Treatment & Acne Cream. Clearing Blackheads, Zits, Breakouts, Dark Spot Scrub",All Beauty,,3.5,19,POTEGAR,
B08KHSB33G,"Galashy Magnetic Eyelashes With Eyeliner Kit - 5 Pairs Reusable False Lashes, 2 Bottles Magnetic Liner, Tweezer Applicator Tool",All Beauty,,3.6,43,GALASHY,
B08BLKFGND,YsesoAi 28 Pcs Hair Curlers Spiral Curls No Heat Wave Hair Curlers Styling Kit Spiral Hair Curlers Magic Hair Rollers with 2 Pieces Styling Hooks for Most Kinds of Hairstyles (20 cm/ 7.8 inches),All Beauty,,3.2,131,YsesoAi,
B081HDSNTS,"Beast Blue Beard Oil with Organic Argan & Jojoba Oils, 1 fl oz",All Beauty,15.0,4.1,68,Tame the Beast,
B094MQSRDL,PHOERA 30ml Foundation Liquid Full Coverage 24HR Matte Oil Control Concealer (Nude #102) with Face Primer & Air Cushion CC Cream BB Cream Mushroom Head Foundation & Petal-Shaped Cosmetics Brush,All Beauty,,4.2,830,SIGHTLING,
B08GKVYS1Y,"JIADEL Gel Nail Polish Colors Set,Confetti Glitter Gel Nail Polish With No Wipe Base and Top Coat,Soak Off UV LED Nail Art Salon Starter Manicure Kit",All Beauty,,3.9,64,JIADEL,
B0B8SFDJN9,Hyaluronic Acid & Caffeine Eye Roller Serum for Men with Vitamin C – Made in USA – Depuffing Eye Roller Ball for Dark Circles & Puffiness – Mens Day & Night Anti-Aging Under Eye Serum Roller – 10ml (0.68 Fl Oz (Pack of 2)),All Beauty,36.99,3.8,508,Gentlehomme,
B086YBQ8M7,"BJÖRN HALL Nurse Headband with Buttons for Face Mask | Elastic Swimsuit Material, Smooth & Stretchy | Ear Saver Headband with Buttons | Perfect for Nurses, Doctors & Medical Students",All Beauty,,4.1,52,Björn Hall,
B0B7WR1NB7,LLTGMV Rat Tail Comb Steel Pin Rat Tail Carbon Fiber Heat Resistant Teasing Combs with Stainless Steel Pintail (Black),All Beauty,,4.3,28,LLTGMV,
B08FCV18Q4,"Face Scrub by Disco for Men, Exfoliating and Cleansing, Removes Dead Skin and Build Up, All Natural and Paraben Free, Eucalyptus Scent, 2 Ounces",All Beauty,7.99,4.7,70,Disco,
B09XT13187,Fake Beard Realistic 100% Human Hair Face Beard Realistic and Mustache Brown for Men Realistic Makeup Lace Beards Invisible False Performance Cosplay(Brown),All Beauty,26.99,4.0,15,BEXIUKAKA,
B07Q44Q9GJ,"14"" Bob Wigs Short Straight Synthetic Hair Full Wigs for Women Straight Wigs Like Real Human Hair (14 inch)",All Beauty,,3.5,14,King Tsundere,
B08KJF6Y6C,UJM Magnetic Eyelashes 10 Pairs Reusable Magnetic Eyelash and Eyeliner Kit Natural Look False Lashes with Tweezers No Glue Needed Waterproof Magnetic Lashes,All Beauty,,4.2,223,UJM,
B08PFQGM81,"KASTU Eyelash Growth Serum for Natural, Thicker and Longer Looking Eyelashes Plant Essence Ingredients Make Eyelashes Grow and Keep Shiny and Thin 7.5ml",All Beauty,,3.6,2,kastu,
B08TRGTJGQ,6 Packs Butterfly Locs Crochet Hair 12 Inch Short Bob Distressed Locs Crochet Braids Pre Looped Faux Locs Crochet Hair for Women Pre twisted Synthetic Braiding Hair Extensions (#1B/27),All Beauty,,3.2,27,M-BOX,
B08QMYQF9M,"Vitamin c Serum, Natural Moisturizing & Anti Acne Serum, Anti Aging Facial Serum, Reduce Appearance Of Wrinkles, Dark Circles, Fine Lines, Sun Damage",All Beauty,,4.0,16,Sea-Maid,
B08J2692VD,5 Packs Pre Stretched Easy Braiding Hair 26 Inches Braids Professional Yaki Synthetic Hair for Crochet Twist(Omber Brown/ T4/27#),All Beauty,,4.4,3,DAZLUTE,
B095KFXNV7,"Head Shavers for Bald Men, Electric Rotary Razor 6-in-1 Beard Trimmer Grooming Kit Shockproof Floating Razor with Manual Shaver Wet Dry IPX7 Waterproof USB Rechargeable Cordless",All Beauty,,4.3,372,ZAKORA,
B01MAYLP82,[PACK-age KOREA] MONTHLY NEW FEET FOOT PACK 5ea Hapooooom Collaboration,All Beauty,,2.0,2,Getue,
B095ND49ZW,"Cosplay Wigs 3 Pack Set, 3 Fun Party Wig Styles, Purple Wavy, Long Silver and Black Ombre, Black Bob, Sexy Realistic Synthetic Costume Wigs for Bachelorette Parties, Role Play, Photo Props, Halloween , and More",All Beauty,,3.8,16,Easy Party,
B09NSK1NQH,Dry Weightless Hair Volume and Texture Spray | Dry Texture Spray for Hair | Texturizing Spray | Sulfate and Cruelty Free 244ml (7oz),All Beauty,,4.3,28,Osensia,
B09CTMVY68,"JODK Heatless Curling Rod Headband, No Heat Hair Curlers Ribbon with Hair Clips and Scrunchie, Soft Plush & 100% Silk Rollers for Long Hairs Sleep In, DIY Hair Styling Tools Kit for Women Girl's-Pink",All Beauty,,4.0,60,JODK,
B09M7YP4SJ,BooYoor Long Wavy Blonde Wig Synthetic Wigs for Women Middle Part Curly Blonde Wigs Natural Looking Silk Fully Heat Resistant Synthetic Wig for Daily Party Use Cosplay 26 Inch,All Beauty,,2.9,17,BooYoor,
B01KJPFO9W,"Lagunamoon Gel Nail Polish, Soak Off UV LED Nail Manicure Color Gel Polish Varnish Set 6PCS 8ML - Love Spectrum",All Beauty,,3.7,29,,
B08HLJDCHD,"GETNOIVAS Crystal Queen Crown for Women, Rhinestone Wedding Tiara Headband, Full Round Princess Crown Hair Accessories for Wedding Brithday Halloween Babyshower Pageant, Gold Crown Cake Topper",All Beauty,,4.7,22,GETNOIVAS,
B07V3WW6SV,[The Skin House] Wrinkle Snail System Cream (1.69 fl.oz / 50ml),All Beauty,,3.9,37,THE SKIN HOUSE since 1979,
B0BHW7CPBL,"Premier Loose Curly Human Hair Lace Front Wigs, Brazilian Remy Human Hair Wigs with Baby Hair 18 Inches #1 Jet Black Small Cap Size",All Beauty,99.99,4.6,15,premier,
B08BFGHMW7,[Abib] Hydration cushion compact (+refill) skin shield SPF50+ PA+++ 12g (21),All Beauty,,4.6,6,Abib,
B09766LY1D,"5pcs Silicone Face Mask Brush Applicator Makeup Brushes, Silicone Facial Mask Brush Face Mask Applicator Brush Facial Brushes set,Makeup Tools for Apply Mask Cream Lotion",All Beauty,,4.5,156,SPOVE,
B092Z6B3GR,"Fiber Lash Mascara 2pcs Waterproof Dense Extra High Lash Blast Voluminous Lengthening Mascara Black, 0.54 Fl Oz",All Beauty,,3.7,374,Marine Forest,
B0875YT39N,"Woman to Woman Naturals Chic Collection Organic Hair Shampoo - Made with Certified NaturalGrape Extract - Paraben and Sulfate Free Shampoo - Suitable for Damaged & Colored Hair - 8.45 fl.oz, 250 ml",All Beauty,,4.4,19,Woman To Woman Naturals,
B098KHM22M,NewLife Naturals Intimate Feminine Spray Combo Pack: All Natural Vaginal Sprays with Natural Oils - PH Balance - BV Symptoms - Made in USA,All Beauty,,4.3,13,NewLife Naturals,
B071JMGPTH,Royal Locks Curl Rescue Leave in Conditioner | Curly Hair Therapy | Keravis Ultra Conditioning Formula | 4 Oz,All Beauty,,4.3,122,Royal Locks,
B095MX115C,"Ctpeng Pet Brush for Shampoo Massaging for Detangling Loose Undercoat or Shed Fur,Paw Cleaner for doggy and Kittens",All Beauty,,4.2,20,Ctpeng,
B07SV4HTMC,"Cancun Collection Cacao Body Bronzer – Superfood Infused Sunless Tanning Lotion with Cacao 5.1 fl.oz, For Instant Tan in 1 minute.",All Beauty,,3.8,39,Cancun Collection,
B08P4YQ3K5,"Facial Steamer with Portable Mini Cold Facial Mister, Face Steamer for Facial Deep Cleaning, Nano Ionic Face Hot Steaming Machine for Home Facials Personal Moisturizing Skincare Beauty",All Beauty,,4.1,66,ROSEFEAST,
B0865TTSM6,"Facial Hair Removal for Women, Painless Hair Remover Gifts for Women, Mom, Girlfriend, Hair Trimmer for Peach Fuzz, Chin Cheek Hair, Upper Lip, Sideburns, Waterproof, USB Rechargeable",All Beauty,,4.1,369,EGANT,
B08R2SBKXM,"SHINSIAVIEW Vita Plus Moisturizing Pure Essence 1.05 Oz (30g) l Lithgt and Portable Spout Pouch Style for Anytime(include Travel, Camping) (10 Pack(1Box))",All Beauty,,4.5,7,SHINSIAVIEW,
B097Y9L3J8,"[ 2 Pack] Eyebrow Pencil -Makeup Brow Stylist Definer Longlasting Waterproof Brow Pencil with Spoolie Brush, Shaper and Filler Auto Pencil For Women - All Hair Colors & Skin Tones (A-Brown)",All Beauty,,3.8,16,SZFLWA,
B08BFH35VX,SELF/ish Men's Face Scrub | Exfoliating Facial Cleanser | Deep Cleansing | Effective Shave Prep & Beard Exfoliator for Men | Natural Ingredients | 3.4fl oz,All Beauty,,4.4,266,MELARQT,
B08GH6RYTR,Aokiya Afro Wigs for Black Women Short Afro Kinky Curly Wig with Bangs Synthetic Daily Full Wigs,All Beauty,,3.3,35,Aokiya,
B08FTC49Q1,Onkessy Lip Gloss Base Primer for DIY Lip Gloss Make Your Own Lip Gloss DIY Handmade Lip Gloss Glaze Gel Waterproof Non-Stick Cup 50/80ML,All Beauty,,3.5,13,Onkessy,
B08Q3F3L7S,"Microfiber Hair Towels - 5 Towel Set – 5 Beautiful Colors - Great for all Hair Types - Size (10 x 26 inches) Lightweight, Absorbent, and Ultra Soft. Colors Rose, Pink, Gray, Blue, and Lilac.",All Beauty,,4.6,27,AViBNiUM,
B09FDZTZ8Q,"Silicone Scar Roll, Professional Sheets for Scars Caused by C-Section, Surgery, Burn, Keloid, Acne, and More, Drug-Free,[1.5M]",All Beauty,,4.5,7,PEPHUCA,
B08GWT454V,"Transparent Flexible Silicon Wig Grip Headband, 2Pcs Wig Bands for Making Wigs, Soft Drop-Shaped Wig Hair Bands Scarf, Elastic Grip Band For Wigs Running Sport Headband (Light Brown+Transparent)",All Beauty,,3.3,69,YMSGIRL,
B08S3VFJ22,ENTRANCED STYLES Ombre Blonde Long Wavy Wigs for Women Blonde Wavy Wig Middle Part Heat Resistant Synthetic Wig Natural Looking Daily Party Use 26 Inch,All Beauty,,3.7,45,ENTRANCED STYLES,
B07Z77JSGR,"talever Brazilian Body Wave Human Hair Weave 1 Bundle, 100% Virgin Unprocessed Human Hair Weft Natural Color 100g/pc (20)",All Beauty,,5.0,2,talever,
B08WF29DM9,"TULA Probiotic Skin Care Supersize 24-7 Moisture Hydrating Day & Night Cream | Holiday 2020, Ageless is the New Anti-Aging, Face Cream, Contains Watermelon Fruit and Blueberry Extract | 3.4 oz",All Beauty,,4.7,149,TULA,
B08NPP82X9,"Ceephouge Luxury Bath Pillow, Upgraded 5D Super Soft Air Mesh Bathtub Pillows with Waterproof Shower Cap, Extra Strong Suction Bathtub Pillow Neck Head Support, Bath SPA Pillow for Women Men",All Beauty,,4.6,26,Ceephouge,
B09BN5KT7S,Short Bob Wig 13x4 Lace Frontal Wigs Straight Hair 10 Inch Lace Frontal Wig Human Hair Wig For Black Women Brazilian Virgin Hair Natural Color,All Beauty,,3.5,17,Sinlenhin,
B08HT3K164,"MSLAM Hair Removal Cream for Women Men, Unisex Premium Painless Depilatory Cream, Effective in 10 Minutes for Underarm, Arms, Legs and Bikini Area, 2.1oz",All Beauty,,3.3,8,MSLAM,
B0977LVHF8,"YERMA Makeup Face Primer with Brush - Instant Brightening and Whitening, Minimize Pores and Fine Lines, Natural Ingredients Moisturizing Primer for All Skin Types, Illuminate and smooth skin surface",All Beauty,,3.8,19,Yerma,
B08BLX72TP,LeiCare Tweezers Precision 2-Pack - Stainless Steel Slant Tweezers for Ingrown Hair – Professional Tweezer Set with Slanted Tips for Eyebrows and Splinter Removal - Eyebrow Plucker Kit,All Beauty,,4.3,128,LeiCare,
B08KGVBW41,Kneipp Shower Foam Goodbye Stress Water Mint & Rosemary 6.81 Oz,All Beauty,16.0,4.3,91,Kneipp,
B07JLDL5RN,"Velvet Satin Hair Scrunchies Ties - 12 Pack Large Durable Hair Elastics High Elasticity Scrunchy Ties Multicolor Scrunchies for Ponytails, Top Knots, Braids and Buns, Women Hair Accessories 12 Count",All Beauty,,4.4,31,INCOK,
B0823WPN5Q,"Hibeauty IPL Permanent Light Hair Removal System Based Face and Body IPL Hair Removal Beauty device for Women, Home Use, Whole Body Home Use (H2)",All Beauty,,3.3,21,Hibeauty,
B083PV1NRN,Newcally False Eyelashes 3D Thick Volume Faux Mink Lashes 5 Pairs Multipack,All Beauty,,4.5,25,Newcally,
B082VS3W6R,"Nail Files and Buffers, TsMADDTs Professional Manicure Tools Kit 8pcs Nail File Set, Sanding Buffer and 100 Grit File Double Surfaces 2 in 1 Nail Tools",All Beauty,,4.3,285,TsMADDTs,
B07MMW5654,"Grinding Away Skin Polishing Scrub, 3 fl. oz., Polishing Scrub Works to Improve Skin's Texture and Tone by Buffing Away Dead Skin Cells by Higher Education Skincare",All Beauty,,3.9,25,Higher Education,
B08PQMJRZZ,Spa Headband –Cute Headband for Washing Face Facial Makeup Skincare Yoga Sports Headbands Soft Coral Fleece Hair Band for Shower Washing Face (4 pcs),All Beauty,,4.6,58,Tereshar,
B07KXM94BT,Makeup Blender Sponge Set - 4 Pack Latex Free Q-Soft Makeup Beauty Foundation Blending Sponge Flawless Smooth Brush for Liquid Foundation BB Creams Powders Concealer (4 Pack),All Beauty,,3.9,106,FRESHME,
B01DD1NOZU,"Carol’s Daughter Almond Milk Leave In Conditioner with Almond Milk, Aloe Butter and Shea Oil for Extremely Damaged Hair, 8 fl oz",All Beauty,,4.4,3267,Carol's Daughter,
B089NJG212,AMOREPACIFIC Color Control Cushion Compact Broad Spectrum SPF 50+,Premium Beauty,75.0,4.4,581,,
B095NZ5TLV,"Makeup Brush Cleaning Mat, Make Up Brush Cleaner Silicone Portable Washing Tool Cosmetic Scrubber Cleaner Pad with Suction Cup and 10pcs Makeup Brush Protector (Pink)",All Beauty,5.99,4.4,256,TBNEVG,
B07MZT83KK,"EASYDEW Starter Soft Conditioning Face Wash 6.76 fl oz - Soothing and Moisturizing Face Wash with Ceramides, Hydrogen Water & DW-EGF I Deep Pore Cleanser & Hypoallergenic Gentle Makeup Remover",All Beauty,,3.2,27,EASYDEW,
B000BO4ZL0,Komenuka Bijin All-Natural Eye Moist Jell with Rice Bran - Instant all natural eyelift - 40ml,All Beauty,,3.8,30,Komenuka Bijin,
B017146858,"Piero Lorenzo NT-01 Heavy Duty Metal Garden Hose Nozzle Sprayer / Car Wash Gun- 7 Spraying Patterns - High Pressure - For Car / Pet Washing, Garden/Lawn Watering,Deck/Floor Cleaning7 Spraying Patterns",All Beauty,,3.7,17,Piero Lorenzo,
B08XJWLLKQ,"John Frieda Detox and Repair Shampoo and Conditioner Set with Nourishing Avocado Oil and Green Tea, 8.45 Fl Oz (Pack of 2)",All Beauty,,4.5,242,John Frieda,
B08Q7NBBSC,"M-BOX Hair 12 Inch Wavy Bob Wig with Bangs Short Curly Bob Wigs Shoulder Length Synthetic Wigs for Women Brown Color Fluffy Pastel Colored Wigs for Girls (12"",#30)",All Beauty,,3.8,8,M-BOX,
B08TMPZDST,LuLu Haireate Highlight Wig for Women Long Straight Synthetic Wigs Brown Mix Blonde 28 Inch Wig for Daily Wear,All Beauty,,3.2,31,LuLu haireate,
B06Y44MMT6,Segbeauty empty bottle 082,All Beauty,,4.7,4251,Segbeauty,
B09XX4VR4Y,"SOTICA Rotary Machine Pen Kit, Complete Makeup Pen Kit Professional Machine Pen Kit with 2Pcs Power Supply Machine Pen 40Pcs Cartridges Ink Caps Practice Skin and Machine Parts for Artist",All Beauty,149.99,4.6,32,Sotica,
B08MQM39Y9,"Jade Roller - Jade Roller for Face - Face Roller: 100% Natural Rose Quartz Green Aventurine- Face Massager, Facial Roller for Skin, Eyes, Nec (Rose Quartz)",All Beauty,,4.7,24,Plumiss,
B07SLFWZKN,Keratin Secrets Do It Yourself Home Keratin System,All Beauty,49.95,3.3,25,Keratin Secrets,
B087D1YQ2H,Hyaluronic Acid Serum for face - 11% Low molecules Anti-aging Hydrating Booster Serum 100% Pure Hyaluronic Acid,All Beauty,,4.4,32,MEAROSA DESIGN,
B0B4JPGX8P,"Elli K Essential Sincerity From AZ Time Reverse Double Ampoule – Made in USA - Double Layering Serum – Repairing & Deep Hydrating – Oil and Cream Formula for Healthy and Smooth Skin, (2.02 fl.oz.)",All Beauty,,3.7,28,ELLI K,
B08FMGWGYW,"Guteauto 7 Pack Boho Headbands for Women, Meartchy Vintage Women's Headbands, Girl Vintage Turban, Twisted Head Women Wrap Hair Band for Women and Girls Wash Face Makeup Workout Gym Yoga Running",All Beauty,,4.3,68,Guteauto,
B091MKTSXS,"Specific Beauty Skin Brightening Pads, Skin Smoothing for more Even Texture & Tone- Dark Spot Fading Kojic Acid & Licorice 90 X 2 180 Pads",All Beauty,,3.7,15,Specific Beauty,
B07RGZNDV4,"DROP THE BOMB Bbosong Sun Stick SPF50+ PA++++ 15g - Oil Free UVA/UVB Protection Sebum Control Skin Smooth Moisturizing Sunblock Stick Balm without Sticky, Primer before Makeup",All Beauty,,3.2,13,DROP THE BOMB,
B07KDYT8XY,"SheCotton Premium Cotton Rounds for Face, Lint-Free Turkish Cotton Pads, Makeup-Nail Polish Remover, (3 Pack 350 Count with Extra Travel Pack)",All Beauty,,4.3,265,She Cotton,
B07ZS3DKL5,"Higher Education Skincare: Goal Digger - Silky Moisturizing Cucumber Creme; formulated for dry and sensitive skin; cucumber extract; natural extract: melon, kale, cabbage, ginger, turmeric - 1.7 fl oz",All Beauty,,4.7,33,Higher Education,
B0BDFKFWQF,Halloween Mouth Tattoos Temporary for Clown Cosplay(10pcs)Tattoos Face stickers Prank Props for Cosplay Party Halloween Decorations Favor Supplies,All Beauty,,3.4,42,HCNOCNB,
B0BR4GL7Q6,"Vegan Mia - USDA Organic Radiance Superfruit Cleansing Oil and Make-up Remover, Oil Cleanser and Makeup Remover Oil for Dry Skin and Other Skin Types, Loaded with Moisturizer Essential Fatty Acids, Rich in Antioxidants, Truly Natural Skincare, (With No Added Fragrance) 3.4 fl oz",All Beauty,31.0,4.3,82,Vegan Mia,
B00FQD0LNW,AGPtEK Handmade Natural Fashion Long False Eyelashes For Makeup (10 Pairs),All Beauty,,3.5,640,AGPTEK,
B086M7FJ8G,"Pretty Frank Natural Deodorant - No Aluminum Deodorant for Women, Men, Teens, & Kids – Paraben Sulfate Free Solid Deodorant Featuring Shea Butter, Coconut Oil, Vitamin E & Baking Soda (Unscented)",All Beauty,,4.0,68,PRETTY FRANK,
B0BM35X1LF,FERYES Makeup Sponge Holder with Makeup Sponge– Eco-Friendly Silicone Beauty Make Up Blender Case and Dry & Wet Use Foundation Sponge for Travel - Khaki (MS Khaki),All Beauty,11.99,4.7,3064,FERYES,
B08N5NDVGH,"ForPro Expert Therapy Massage Lotion, Fragrance-Free, Relax Sore Muscles & Repair Dry Skin, Lightweight, Non-Greasy Formula, Paraben & Sulfate-Free, 1 Gallon (128 Ounces)",All Beauty,,4.5,28,ForPro Professional Collection,
B08SQ31H8P,"5-Pack Hair Scalp scrubber Massager Shampoo Brush for Straight Curly Long Short Thick Thin Wet Dry Hair, Men Women Kids Scalp Care Hair Cleaning Shower, Scalp Care Brush,100% comfortable",All Beauty,,4.3,40,Teqifu,
B08J2GS1DN,4 Packs Omber Marley Twists Hair 18 Inches Kinky Hair for Braiding Synthetic Fiber Marley Braiding Hair Extension(Brown/T1B/27#),All Beauty,,3.6,6,DAZLUTE,
B07FQ93GYV,"Post Procedure Skin Care, OxygenCeuticals SOS PP Kit, Post Laser Restorative Gel + Serum + Cream, Designed to Moisturize, Soothe and Repair Skin After Lasers, Microneedling, Chemical Peels, Plastic Surgeries.",All Beauty,87.0,3.6,11,OxygenCeuticals,
B07P4LLZS6,"Easydew 2-Step Face Contour Sheet Mask - Tightening & Anti-Aging & Hydrating Korean Face Mask with DW-EGF, Hyaluronic Acid for Anti-Winkle, Reducing Fine Line & Producing Collagen (Qty 5)",All Beauty,,4.4,103,EASYDEW,
B08BZ1RHPS,"MD Complete Bright & Healthy Vitamin C+ Vitalizing Face Serum| with Vitamin C, Vitamin E and Herbal Extracts | Potent Antioxidant Protection, Nourishes, Brightens and Evens Skin 0.5 fl oz",All Beauty,,4.2,53,MD Complete by Dr. Brian Zelickson,
B093724Y1Z,"Fitrace Bath Pillow, Soft Spa Bath Pillows for Tub, 17x17in Large Luxury Bathtub Pillow with 7 Strong Grip Suction Cups for Hot Tub, Jacuzzi, Spas (White)",All Beauty,,3.7,22,Fitrace,
B01N5SHGS0,"Somaluxe Collagen Moisturizer with 3 Types of Collagen Peptides and Hyaluronic Acid, 2 oz",All Beauty,24.99,4.3,51,Somaluxe,
B08GFLMGN2,"LUVCIRCUS 001 Professional Hair Brush-This luxury boar and nylon bristle hair brush is a meticulously crafted, premium, flat hair brush. An exceptional hairbrush for women who love gorgeous hair.",All Beauty,,3.7,19,LUVCIRCUS,
B081ZF4F9R,GERMAINE DE CAPUCCINI - Timexpert SRNS Repair Night Progress Serum - Advanced Anti-Ageing Booster with an Innovative Active Ingredient That Increases 8 Times the Power of Absorption - 1.7 oz,Premium Beauty,177.0,3.7,20,,
B088X67C26,"HAYEJIN Korea Blessing of Sprout Vitality Cream - Vegan, Curelty free(All Skin Type) , 50ml/1.69 fl.oz",All Beauty,28.0,3.2,11,HAYEJIN,
B0919SX5DN,"Jade Roller, Face Roller, Facial Beauty Roller Skin Care Tools, Natural Jade Stone, Face Massager, GUA SHA Set",All Beauty,,4.4,12,B013,
B09JNRPRKT,"Multi-Purpose Electric Massage Gel & Oil Warmer, Wax Melter, Includes Aluminum Warming Pot (16.9 fl oz), Knob Dial To Adjust Temperature (95F to 257F), With LCD Screen",All Beauty,44.0,3.7,27,EROTICGEL,
B0BYB7XYL1,"YOUNG KING HAIR CARE Kids Leave-In Conditioner For Boys | Detangle, Hydrate and Soften Natural Curls | Plant-Based and Harm-Free | 8 oz",All Beauty,9.48,4.4,151,YOUNG KING HAIR CARE,
B08SQXBZ5W,"Makeup Brushes with Bag, 8 Pieces Makeup Brush Set, Travel Size Cosmetic Brushes Kit for Face Foundation Blush Eye Shadow Lip and Eye brow (Pink)",All Beauty,,4.5,20,DOYIZZ,
B07HCR8QDN,"Indigo Wild: Zum Bar All Natural Goat's Milk Soap Bar - Seaweed, 3 Ounce - 3 pack",All Beauty,,4.6,4,Indigo Wild,
B07WVVXZG9,"Safenorth Ionic Beard Straightener Brush for Men, Vintage Beard Straightening Comb with Ceramic coated bristles Auto Safety Shut-Off and LED Screen. Compact and lightweight for travel",All Beauty,,4.4,399,Safenorth,
B09JZXY4YR,"INIKA - Organic Lip Glaze | Vegan, Non-Toxic Beauty (Blossom)",All Beauty,30.62,3.6,11,INIKA,
B089KCZJ4Y,"OLEWELL Valentine's Day Mini Rubber Bands Soft Elastic Bands for Kids Hair Non-slip Rubber Hair Bands Soft Hair Elastics Ties Bands Braids Hair for Girls - STRONG - REUSEABLE (Total 1 Pack, Pack of 1000, BlackColorful1000)",All Beauty,,3.7,10,OLEWELL,
B08CVTNQP1,"Disney Frozen - Townley Girl Mega Nail Set with Nail Dryer Foldable Gift Set for Parties, Sleepovers and Makeovers",All Beauty,,4.4,178,Townley Girl,
B09473GGM4,Tirtyl Hand Soap Sheet Variety Pack - 240 Pack with Portable Storage Tin - Camping/Outdoor/Travel/Handbag - Lavender & Aloe - Bergamot & Ylang Ylang - Jasmine & Patchouli,All Beauty,,4.4,115,Tirtyl,
B08LPJT4MT,"Spanature Lavender Hand & Body Lotion Travel Size Selection 4 Pack, Relaxing and Revitalizing Moisturizer for Rough and Dry Skin, Nourishing and Gentle for All Skin Types, Made In Korea - 75 ml/2.53oz",All Beauty,,4.1,42,Spanature,
B07PCSRSND,Strixaderm Lash Advance Eyelash Conditioner - Hypo Allergenic Eyebrow Enhancer Serum & Primer Mascara For Natural Eye Brow Growth & Thick Long Lashes,All Beauty,,3.1,40,STRIXADERM-MD,
B095WPDG8H,"Yokilly Nail Charms,60Pcs Dangle Nail Rings Nail Jewelry Rings with Nail Piercing Tool Hand Drill Gold and Silver Art Dangle Charms for Tips,Acrylic,Gels and Decorations",All Beauty,,4.0,9,Yokilly,
B08KG48M5L,Organic Self Tanner for Face and Body - Streak Free Sunless Tanner - Self Tanning Lotion with Manuka Honey and Aloe Vera - Fake Tan for Fair to Medium Skin - Indoor Tanning Lotion with Bronzer (8oz),All Beauty,,3.4,57,DermaChange,
B0046BPTI2,"Hylunia Facial Day Lotion - 1.7 fl oz - Anti-Aging for Wrinkles - with Shea Butter, Hyaluronic Acid Serum, Zinc - Natural Vegan Moisturizer - Rapid Skin Repair",All Beauty,,4.3,70,Hylunia,
B08ZS61SWK,Liquid Foundation Makeup Sunscreen 2 Pcs 35ml Waterproof Oil Control Moisturizing Lightweight Non Stick Concealer Foundation for Face and Body in Glass Bottle with 2 Pcs Black Makeup Sponge,All Beauty,,3.6,20,Marine Forest,
B07QF63H2M,Charme Princesse Rotary Permanent Makeup Tattoo Machine Professional Pen for Eyeliner Lips Eyebrow MTS EM508,All Beauty,,3.4,15,Charme Princesse,
B08M8Z51F1,"Fascy Facial Mask Beauty Treatment 5 Packs 3 Step Mask, Korean Facial Skincare Mask, All Natural Moisturizing Facial Mask Skin Beauty Treatment with Eye Cream, Skin Rejuvenation Facial Mask",All Beauty,17.9,4.1,29,Fascy,
B07K8WFJLH,"Professional Makeup Brush Set: 4 Concealer Brushes, Bag, Synthetic, Vegan, Cruelty Free, 6 pieces",All Beauty,,3.5,4,Dermaflage,
B075SRQWZN,"Brazilian Natural Wave Lace Closure 100% Virgin Human Hair Lace Closure Free Part Natural Color (18"" closure)",All Beauty,,4.0,3,BuLaDou,
B088GMVYQX,"Leuxe Facial Cleansing Brush, IPX6 Waterproof Rotating Face Brush for Deep Cleansing, 3 Modes and Smart Timer",All Beauty,,3.9,66,leuxe,
B081632HX6,"Livordo Moroccan Argan Oil Essential Organic Cold Pressed Skin Moisturizer Rich in Vitamin E Powerful Antioxidants For Skin, Hair, Body, and Face 4 Oz",All Beauty,,4.3,82,Livordo,
B08K2NG4KX,"WIOR Peacock Headband for Women, Fashion Peacock Hair Clip, 3 Pcs Peacock Feathers Hair Clip Peacock Flapper Headband with Pearls & Diamonds Hair Accessory for Girls Ladies Wedding Party Festival Prom",All Beauty,,3.7,14,WIOR,
B084GF14TQ,Unny Club Black Square Lipstick (Libidream) | matte lipstick,All Beauty,,4.2,9,UNNY CLUB,
B081J2ZT7J,"Makeup Bag for Women and Girls, Cosmetic Bag with 3 Pcs Makeup Sponges and 5 Pcs Makeup Brushes, Blue",All Beauty,,4.7,6,Madenia,
B0857H7SCD,"YARELI Organic Castor Oil for Eyelashes, Eyebrows, Hair, Skin and Body - Cold Pressed and Unrefined, 12oz",All Beauty,,4.4,193,YARELI,
B07ZSRTCH8,"MIZON Real Vitamin C Ampoule, Pure Vitamin C, No Water Added,10 Ingredients, Tone correction treatment, Nutrition, Face Moisturizer (1.01 fl oz)",All Beauty,30.0,4.2,101,MIZON,
B0948NMZ1F,Hallmark 3 Film Collection (Harvest Love/Pumpkin Pie Wars/Truly Madly Sweetly),All Beauty,,4.9,165,Zeronic,
B095SHWTG6,"Professional Nail Drill Machine, Gugusure Anti-Drop 35000 RPM Rechargeable Nail Drill Machine for Acrylic Nails, Gel, Manicure, Portable Electric Cordless Efile Nail Drill Kit for Salon and Home DIY",All Beauty,,4.2,191,Gugusure,
B077YR3333,"Anti-Aging Hydrating Serum with Natural Mango Micro-beads, Vitamins E and C, Natural and Organic Plant Extracts, Paraben-Free, 30 ml, Made in France, Phytema",All Beauty,,3.5,28,PHYTEMA,
B0891M9C1W,Dermaclara Claratone Serum Applicator Electric Face Massager - Anti Aging Skin Tightening Facial Massager for Facial Toning - Promotes Circulation and Reduces Inflammation - Aids in Product Absorption,All Beauty,43.0,3.2,33,Dermaclara,
B00N6WHTRG,"Pure Rosehip Seed Oil Certified Organic Large 4 Ounce Bottle (120 Ml) By Jarosa Beauty - Cold Pressed, Virgin & Unrefined, Carrier, Face & Hair Oil - No Fillers or Fragrance",All Beauty,,3.9,130,Jarosa Beauty,
B09MF28WCD,"Unaone Makeup Sponge Beauty Blender, 60 Pieces Makeup Wedges Sponges, Perfect for Blending Foundation and Concealer, Latex-Free Cosmetic Sponges Rhombus, Triangle, Square and Round",All Beauty,,2.8,3,Unaone,
B079FNX99P,"24 inch Black Long Wavy Wig With Bangs, Milky Lavender Purple Silky Full Heat Resistant Synthetic Curly Wig for Women Natural Looking Machine Made Mixed Purple Pink Hair Replacement Wig for Women",All Beauty,,3.4,11,ALIPOP,
B092HT1FPC,IPL Hair Removal with FDA Certification of US for Women and Men Permanent Hair Removal Painless Hair Remover & Upgrade Ice Compress - Armpits Back Legs Arms Armpits Face Bikini line Using at Home,All Beauty,,4.2,6,BRIDGEGEN,
B084GFGPJ8,Unny Club Black Square Lipstick (Burning) | matte lipstick,All Beauty,,4.8,3,UNNY CLUB,
B0895XRT9S,"Disposable Shower Cap, Elastic Bath Cap,Waterproof Hair Head Cover Shower Cap For Home Use,Hotel and Beauty Salon,Pack of 120 （Blue)",All Beauty,,3.2,25,KarlunKoy,
B0916ZRQDG,HEXZE-emoji the iconic brand Moisturizing Lip gloss Long Lasting Kissproof pigmented matte liquid Lightweight-S08,All Beauty,,3.5,8,HEXZE,
B08LZLBXYT,"Hair Drying Towels, METLUCK 3 Pack Hair Wrap Towels Super Absorbent Microfiber Hair Towel with Button Design to Dry Hair Quickly (Gray/Brown/Stripe)",All Beauty,,4.3,27,METLUCK,
B08QFGV5ZQ,Brazilian Straight Bundles Human Hair 3 Bundles 10A Straight Weave Hair Bundles 100% Unprocessed Virgin Hair Extensions Natural Black (22 24 26),All Beauty,,3.8,24,ALIANNA,
