user_id,parent_asin,rating,title,text,timestamp,verified_purchase,helpful_vote
AG73BVBKUOH22USSFJA5ZWL7AKXA,B09KT4RJG6,5.0,smells good,I just put this on and it was creamy and a small amount can go a long way. I even put some on the outer eye wrinkles and the labial lines. I can feel the tightening as I type.,1640218597848,False,0
AG73BVBKUOH22USSFJA5ZWL7AKXA,B098KHM22M,3.0,the oils are fine,"they are not fragrance free though. As know, essential oils have fragrances to them and you can smell the oils in these two bottles. What is bad, is that they both leaked, even though they had plastic covering the tops and on the upper parts of the bottle. They were shipped in a shipper bag with the poly bubble interior and that was not enough protection.",1636319871302,False,0
AG73BVBKUOH22USSFJA5ZWL7AKXA,B07FQ93GYV,5.0,You need this set after you have a laser treatment,"This will help your skin heal quicker and better than just using regular facial products. OxygenCeuticals makes a fine product that is designed to moisturize, calm and repair skin. You will love it after you start using it.",1634177678777,False,0
AG73BVBKUOH22USSFJA5ZWL7AKXA,B083PXJBVY,4.0,I am liking the scalp cleaners,"You don't have to use conditioners afterwards. And your scalp feels better. If you have dandruff or eczema, this will most likely help both of those issues. The smell is sweet but tolerable and doesn't last all day. This one you use after you have shampooed your hair and you leave it in 5 minutes. My hair still had tangles though.",1632523710648,False,1
AG73BVBKUOH22USSFJA5ZWL7AKXA,B099NQM7MF,5.0,My skin likes this better than the other kinds that are rough,"I have decided silk is a wonderful thing. It keeps your hair nice as you sleep and it makes a great, gentle exfoliator that I can use without scratching up my dry legs and arms. I would recommend everyone try this.",1629320164054,False,0
AG73BVBKUOH22USSFJA5ZWL7AKXA,B07KQ32Z8C,5.0,for those of use with dry skin,"and a nose that doesn't get over fragranced easily, this is your cream. It is thick, applies easily and gets absorbed quickly. The scent does dissipates in a fairly good time.<br /><br />Ingredients: Aqua/Water/Eau**, Aqua/Water/Eau, Glycerin, Glyceryl Stearate, Dodecane, Butyrospermum Parkii (Shea) Butter*, Propanediol, Butylene Glycol, Coco-Caprylate/Caprate, Candelilla/Jojoba/Rice Bran Polyglyceryl-3 Esters, Magnesium Aluminum Silicate, Olus Oil/Vegetable Oil/Huile Végétale, Silica, Mel Extract/Honey Extract/Extrait de miel*, Royal Jelly, Cera Alba/Beeswax/Cire d'abeille*, Propolis Extract, Rosa Canina Fruit* Extract, Zizyphus Jujuba Seed Extract, Cistus Incanus Flower/Leaf/Stem Extract, Commiphora Myrrha Oil, Olea Europaea (Olive) Fruit Oil*, Rosa Damascena Flower Oil*, Boswellia Carterii Oil*, Triticum Vulgare (Wheat) Germ Oil, Panthenol, Sodium Hyaluronate, Tocopherol, Tocopheryl Acetate, Sigesbeckia Orientalis Extract, Rabdosia Rubescens Extract, Gynostemma Pentaphyllum Leaf/Stem Extract, Helianthus Annuus (Sunflower) Seed Oil*, Glyceryl Linoleate, Glyceryl Linolenate, Sorbitan Palmitate, Cetyl Palmitate, Bisabolol, Lecithin, Glycine, Alanine, Serine, Valine, Threonine, Isoleucine, Proline, Phenylalanine, Histidine, Hydroxypropyl Cyclodextrin, Arginine, Allantoin, Disodium EDTA, Ethylhexylglycerin, Glutamine, Ascorbyl Tetraisopalmitate, PEG-100 Stearate, Citric Acid, Aspartic Acid, Sorbitan Olivate, Pullulan, Xanthan Gum, Decyl Glucoside, PCA, Phytoecdysteroids, Sodium PCA, Sodium Lactate, Sodium Stearoyl Lactylate, Citronellyl Methylcrotonate, Caprylyl Glycol, Cetearyl Alcohol, Phenethyl Alcohol, Phenoxyethanol, Parfum/Fragrance, Benzyl Salicylate, Linalool, Limonene, Citronellol, Geraniol, Alpha-Isomethyl Ionone, Hydroxycitronellal.<br /><br />*Organic cultivation<br />**Rosa Canina Fruit* Aqueous Infusion=Wild Rose Infusion<br /><br />The list of ingredients may be subject to change. We advise you to always check the ingredient list shown on the product purchased.",1627588419683,False,0
AG73BVBKUOH22USSFJA5ZWL7AKXA,B08ZS61SWK,4.0,I would have to say this is not a cover up,"Instead, I would say it is foundation. I like that it has sunscreen in it. It also comes with an extra bottle of foundation and two sponges for application. Last night, after this came in, I tried some of the color on my hand. I am old so I have age spots. None were covered. But that is okay. I also discovered I should have gone a shade darker.",1625958984581,False,0
AG73BVBKUOH22USSFJA5ZWL7AKXA,B0952KGBX4,5.0,beautiful colors,This type of halo is fashioned to be secured in place with the clips. You will most likely require someone to help you the first time. Make sure to follow all directions for care so that the hair will last longer and not tangle as easy.,1625333426244,False,0
AG73BVBKUOH22USSFJA5ZWL7AKXA,B095ND49ZW,5.0,the girl will love these party wigs,"The girl has gotten into wearing wigs. She even names them. She has a few and she makes tic toc videos to show them. Yes, she is a weird young teen. She also does up her face and nails and she does a great job. She is going to love the lavender one and the ombre one. Heck, she may even love the black one. I like that one.",1624730376501,False,2
AG73BVBKUOH22USSFJA5ZWL7AKXA,B094MQSRDL,5.0,Nice kit to have,"This kit has a foundation that is liquid, a wooden handled short brush, a bottle of pore invisible facial primer and tops it off with a container of CC cream.",1623454104051,False,0
AG73BVBKUOH22USSFJA5ZWL7AKXA,B0943P5CYB,5.0,nice kit for application of foundation,"This kit includes 7 sponges with different sizes, two bottles of foundation (that way you can custom blend the foundation color that will more closely match your skin). You also get a brush, if that is what you prefer to use to apply foundation. Finally, you get a small bottle of all matte pore invisible primer.",1623453827185,False,0
AG73BVBKUOH22USSFJA5ZWL7AKXA,B08SG2MBRY,5.0,I love the smell,"Cucumber and aloe gives you such a refreshing smell. That smell can also make you feel better, The body wash is easy to use and after you lather up, you rinse. It leaves your skin moisturized.",1621625191877,False,0
AG73BVBKUOH22USSFJA5ZWL7AKXA,B08BKWLHYP,5.0,I am good with balms,"I have been known to use them on my skin and on my hair. I am a woman, but I love this scent. I burn incense with a similar scent. For my hair, I let the balm sit in my palm until it melts it enough to be liquid. Then I put it on the ends of my hair and work it up to about my ears, because the top of my hair is never getting tangled like the rest.",1621560325042,False,0
AG73BVBKUOH22USSFJA5ZWL7AKXA,B085XZF8WQ,5.0,I got this for sagging skin,"As you age, your skin starts hanging, just like the girls do, and you will want to use products to prevent that sagging skin. This is a set that offers you anti-wrinkling and whitening in the ampoule serum, repair skin softener and repair lifting cream. This is a great starter size.",1620702080810,False,0
AG73BVBKUOH22USSFJA5ZWL7AKXA,B08XR17DPQ,5.0,these are good products by a good company,I have grandchildren who are all teens. Some have an occasional break out and others will have breakouts quite often. The set comes with a cleansing wash and a night repairing cream. These heal and clear your skin without drying your skin out.,1619907738705,False,0
AG73BVBKUOH22USSFJA5ZWL7AKXA,B08SVW5GZ2,5.0,Nice sized extensions,"Remy human hair is one of the most popular type and wanted type in the market. These extensions have a lace weft with seamless clip ins. You will most likely want help getting them in, especially if you are new at this. Instant hair length.",1619838822498,False,3
AG73BVBKUOH22USSFJA5ZWL7AKXA,B08VQY1Z1S,5.0,I have been pleased with Doctor Babor products,"and this is a seven day ampoule set that will give you those results at the end of seven days. In addition to four different advanced Hyaluronic Acids (low, medium and high) + Booster Tripeptides that work together, you will see results. I follow mine with the Doctor Babor Glow Cream, which I really like.",1618441921300,False,0
AG73BVBKUOH22USSFJA5ZWL7AKXA,B081ZF4F9R,5.0,It took me a while,"but I found the directions. When I was opening this, I noticed that the cellophane was covering a box that is in a sleeve. The outer sleeve is different in very small ways and looks more costly than the inner box. Anyway, the directions say to apply to clean skin before the night cream. I should see results in 8 days. It went on nicely and it is a nice sized bottle for drops.",1618182839180,False,0
AG73BVBKUOH22USSFJA5ZWL7AKXA,B07RBSLNFR,5.0,I have used a few of the products in the Ogana line,"I am impressed. If you have sensitive skin, this is a great product for you. I have dry skin that also has eczema and sometimes rosacea. This does not aggravate either of the conditions and I really like that it is a barrier cream. That helps my skin retain moisture.",1617751521927,False,0
AG73BVBKUOH22USSFJA5ZWL7AKXA,B08WF29DM9,5.0,Nice moisturizer,"This moisturizer, Tula Probiotic Skin Care, is the right consistency for day and/or night. It was nice applying the product and your face feels dewy moist.  This is much more preferable than feeling dry, oily or sticky. The scent is strongest when you open and apply. Then it softens and you can barely smell the scent. The ingredients list the scent as parfum/perfume, so you don't know exactly what it is.",1616100112692,False,1
AG73BVBKUOH22USSFJA5ZWL7AKXA,B08S1LWF9V,5.0,BeautyStat Mini Universal Essentials Skin Care Kit,"This is a 3 piece mini set that includes Universal C Skin Refiner, Universal Pro Bio Moisture Boost Cream, Universal Moisture Essence. When you use these products, you will have moisturized skin all day long and you will reap the benefits of rejuvenated, nourished skin.",1615341590709,False,0
AG73BVBKUOH22USSFJA5ZWL7AKXA,B07YNH56W5,4.0,I am going to have to use all of these,"before I can make a decision about how effective they are. As with most facial products, you don't see results immediately (unless it is one of those eye products that smooth and reduce puffiness under your eyes). I will use these daily until they are gone and change my review if necessary.",1614204350433,False,0
AG73BVBKUOH22USSFJA5ZWL7AKXA,B08GKVYS1Y,5.0,Pretty gel colors,"These are so pretty. The glittery look is great - especially for younger women. Personally, I like the marbled colors. So, the girl and I will split this set up and she can have the colors that are more age appropriate for her and I will have the colors more age appropriate for me.",1614112421789,False,0
AG73BVBKUOH22USSFJA5ZWL7AKXA,B083BCSQGN,2.0,Does a red LED light really make a difference,"So, to try this out, I followed the directions, opened the LED part and removed the blue battery saver paper. Then I reassembled, making sure that the batteries were in the correct position. Then, I could not get the thing to turn on. I tried in different parts of my face, holding it there and nothing happened.",1613970707505,False,0
AG73BVBKUOH22USSFJA5ZWL7AKXA,B08T96NYB9,5.0,Loving this mask,"Because of anti depressants I take, my eyes are typically dry and I have to use moisturizing drops. If a speck of dust or a piece of hair gets near my eyes, it feels like it is scratching my eyeball. So this is a blessing for my eyes. I spend a bit of time each evening wearing this. You do have to connect it to power, but that isn't an issue for me.",1613441842045,False,3
AG73BVBKUOH22USSFJA5ZWL7AKXA,B08RQZ3F3L,3.0,I am not quite sure if I like this,"To me, it smells like it isn't fresh. It might be the shea butter or one of the oils or some other mystery ingredient. When you use it and wipe it off, it makes your lips feel dry and you will definitely need a lip moisturizer or lip mask.",1612319398450,False,0
AG73BVBKUOH22USSFJA5ZWL7AKXA,B08N6CLJ6P,4.0,I found a place where this was needed,"In my guest bathroom, I have a nice mirror with lights, but it isn't movable and it doesn't have magnification or a change in the light to reflect white, warm and evening. This requires 4 AAA batteries. But it also comes with a charging cord, so you can put that in a USB outlet or charger and not use the batteries at all.",1611266583305,False,0
AG73BVBKUOH22USSFJA5ZWL7AKXA,B07W1WJZFG,5.0,I put this on tonight,"and am leaving it on overnight. With the other product I am wearing overnight, my face feels so dewy and so soft. I like it.",1610078466494,False,0
AG73BVBKUOH22USSFJA5ZWL7AKXA,B08HZ5Y8RY,5.0,The girl is going to love the colors,"I get the girl gel nails, poly nails, acrylic, you name it and all the bells and whistles. She got some last year, but they were only the gel nails and she has requested the other types and a more powerful LED/UL curing light to make things go faster. I have gotten her the sets like this, the decorative pieces and much more.",1608405634920,False,0
AG73BVBKUOH22USSFJA5ZWL7AKXA,B08HRNPNR5,5.0,I like this product,"I have used other Easydew products and most I like. I like this one. It goes on easy and is absorbed quickly. If it makes my skin look better, I am all in.",1608166175991,False,0
AG73BVBKUOH22USSFJA5ZWL7AKXA,B089NJG212,5.0,"I have to say, I love the cushioning color control compacts","When you use the cushioning color control, you get skin protection, color coverage, color correction and hydration. It feels nice going on your face and keeps your face hydrated. Good stuff.",1606595275721,False,0
AG73BVBKUOH22USSFJA5ZWL7AKXA,B08FR3QXYY,5.0,It took a while to pump some out,"But once it did prime, it let enough out to work on my eyes this morning. It felt cool thanks to metal eye roller. My eyes looked better and felt moisturized for hours.",1606262964393,False,1
AG73BVBKUOH22USSFJA5ZWL7AKXA,B08DHZW3LK,5.0,On the girl's Christmas wish list,"She will be happy to have several didn't colors to join the set I already have for her. The colors are pretty. Make sure you follow all directions. I have not used poly gels before, so I will have her read the directions carefully. She will love the additional colors.",1603490674366,False,0
AG73BVBKUOH22USSFJA5ZWL7AKXA,B08KGVBW41,5.0,I like the scent,"Just tried this out on my hands so that I could see how it works and smells. It smells good. The smell does dissipate after time. I am not so sure how I feel about a foam for my body, but I will adjust. When I wash, I prefer to use a pouf and this will work with gel or foam, so I won't even notice. I think I am going to be liking this and looking for more",1603308434863,False,0
AG73BVBKUOH22USSFJA5ZWL7AKXA,B08FHM855R,4.0,reminds me of the olden days,"These headbands remind me of the Baroque era. When you look at some of the paintings during that period, women had pieces like this in their hair. I find them a little much for me. Not sure if I like them or not. Because I wear glasses, the placement isn't correct.",1601586507793,False,0
AG73BVBKUOH22USSFJA5ZWL7AKXA,B08DX6B4QN,5.0,good ingredients that absorb well,"This oil is loaded with good stuff and it doesn't take but just a few drops to spread over your face and neck area. Best part, is that it doesn't feel like oil on your face. It gets absorbed immediately. I like it.",1601586140065,False,0
AG73BVBKUOH22USSFJA5ZWL7AKXA,B08DX9P6V1,5.0,I like the smell and the oil,This is a completely different product than the other oils by the same company. It isn't even the same color or consistency. This one requires two drops to cover your face and décolleté. A little goes a long way.,1601585823899,False,0
AG73BVBKUOH22USSFJA5ZWL7AKXA,B088GWCVVJ,5.0,feels good,"I applied this to my face and I have to say, it made my face feel good. I couldn't wait until night time to put this on. I have been on vacation and needed extra moisturizing now. This did it.",1600714485058,False,0
AG73BVBKUOH22USSFJA5ZWL7AKXA,B086W18W1W,5.0,Love the glittery black nail,"When you read the directions on this, you will see you need a base coat - that is not included in this set. So you will need to use your own base coat for gel nails. Not an issue. Then you apply your black polish, then the glitter. Make sure you use your UV/LED lamp between steps to cure.",1597862088892,False,0
AG73BVBKUOH22USSFJA5ZWL7AKXA,B07ZS3DKL5,5.0,I like this product,This is such a lightweight product and is very moisturizing on my dry skin. I even like the smell. It just smells like a sliced cucumber but not quite as obvious as cucumber. This goes on so softly. It is truly light and it easily glides across your skin. I am loving this.,1593977241351,False,0
AG73BVBKUOH22USSFJA5ZWL7AKXA,B07VSZYKCH,5.0,I like the Iryasa products,"I have used the day gel, the night gel and now this facial oil. I like how all of them make my face and neck feel. I also like the smell. I like all the natural oils that have been blended to create this facial oil. If you have dry skin, this is wonderful for your face.",1592512735265,False,1
AG73BVBKUOH22USSFJA5ZWL7AKXA,B07W397QG4,5.0,feels good on my face and neck,It doesn't take much of this product to cover your entire face (except eye area). I have older skin and need a product like this to help make my skin supple.,1592008463971,False,1
AG73BVBKUOH22USSFJA5ZWL7AKXA,B07GL44NGS,5.0,as soon as I finsh my Hairtamin gummies,"I am going to take the capsules to continue my nail and hair growth and overall good health with the vitamins and minerals. In the meantime, my husband is using the shampoo and conditioner to wash and condition his hair. He likes it.",1588461989083,False,0
AG73BVBKUOH22USSFJA5ZWL7AKXA,B01N5SHGS0,5.0,I like this moisturizer,"I have this sitting next to me so I can apply it in the morning or night, whichever I choose. I find it very moisturizing and it spreads easily. I like it and I can feel that my face feels nice",1588293501517,False,0
AG73BVBKUOH22USSFJA5ZWL7AKXA,B0914JBBTV,5.0,Cleansing oil has become the rage,This dissolves the most difficult makeup - including water resistant mascara and foundation. You just apply some to your palms and then massage all over your face and then rinse with cool water and pat dry. Your face won't feel tight.,1588283401183,False,0
AG73BVBKUOH22USSFJA5ZWL7AKXA,B07Z77JSGR,5.0,Nice bundle,"If you want a nice full head of hair, you will want at the minimum, 3 bundles. Four or five would be better if you want lots of fullness. The hair is nice and can be washed, conditioned, dyed and styled, like you would your own natural hair.",1587512527566,False,0
AG73BVBKUOH22USSFJA5ZWL7AKXA,B07RKSXTDP,3.0,gifted to the girl,"The girl and her friends love to use make up and all parts that extend from it, like lash extensions. I have given her lashes and the glue to practice with. She will end up practicing until she gets the look and then she will give a you tube presentation on how to apply them.",1586913623691,False,0
AG73BVBKUOH22USSFJA5ZWL7AKXA,B07RM722DH,5.0,I like the mascara,This mascara does give me volume and length. I love the wand. It is one I might just keep using after this is all gone. I  like how this mascara gives me nice looking lashes and enhance my eyes. Good stuff. This mascara even made the top 20 Best Mascaras of all Time.,1586545735259,False,0
AG73BVBKUOH22USSFJA5ZWL7AKXA,B07PCSRSND,4.0,I have tried a number of lash conditioners,"I haven't used this one long enough to determine if my lashes are growing. But they are getting darker. Of course, the growth is over a period of time, so it isn't always easy to see how much they may have grown when you look at them every day. When other people notice a difference, you know you are there.",1586311369381,False,0
AG73BVBKUOH22USSFJA5ZWL7AKXA,B07WR6F1VN,4.0,I like that it is curled already,"I will be using this human hair to fashion wigs for collectible bjd resin dolls. If you are familiar with these types of dolls, they wear wigs and most are either mohair or synthetic hair. So, it is a bonus to have real hair that you can wash and style as you want.",1586291290481,False,0
AG73BVBKUOH22USSFJA5ZWL7AKXA,B07T4JF9M7,5.0,A nice face wash,"This face wash is soap free, smells nice and it also deep cleans. It looks like cleansers are going to non suds and that is fine with me. I am heading the same way with my shampoo.",1585699450101,False,1
AG73BVBKUOH22USSFJA5ZWL7AKXA,B08343R798,4.0,A good way to hide thin parts of your hair,"As we get older, we lose hair and sometimes get thin spots. This is great. It is easy to use and works great. It is very easy to use. You just shake it out of the container. And then you don't see a bunch of skin with nothing on it. Works great and it is easy. And when you shower, it is going to wash out of your hair. And then you are ready for the next time you want to cover thinning areas. Follow all directions.",1585072105491,False,0
AG73BVBKUOH22USSFJA5ZWL7AKXA,B07SV4HTMC,4.0,wash off with soap and water,"when you want to go somewhere and look like you have a tan, you can use this. Follow directions for application. It dries within one minute. Fast and gives you that nice tan.",1584835696552,False,0
AG73BVBKUOH22USSFJA5ZWL7AKXA,B07S3DB2G6,5.0,I have been using this product,"I used it daily until I put it away and forgot where so that the puppy would not steal it. Too expensive to lose to Tucker. I don't have acne, but I do have dry skin. It works great on old, aged skin.",1584821100180,False,1
AG73BVBKUOH22USSFJA5ZWL7AKXA,B07QF63H2M,4.0,As a beginner,"I find this easy to learn the basic skills. I want to be able to do my lips and eyeliner. I don't want anything crazy, just a light touch and I am hoping I will learn enough to be able to do that with this machine,",1583711270872,False,1
AG73BVBKUOH22USSFJA5ZWL7AKXA,B07VGBBNTH,4.0,this shampoo and conditioner is made for my hair,"I have that thin strands of hair that can be enhanced with this product. My hair tends to get limp looking. In fact, most of the time it is in a hair clip or a scrunchy. This helps make my hair stronger, have more volume and styling is much nicer looking.",1583707886757,False,0
AG73BVBKUOH22USSFJA5ZWL7AKXA,B081ZN3TD5,3.0,"These are okay, but not for me","I have long, thin hair that tangles easily and the big comb felt like it was ripping my hair out. I decided to gift these to my husband and the boy. They both have short hair and it is better suited for them",1583643614703,False,0
AG73BVBKUOH22USSFJA5ZWL7AKXA,B0814TCLD8,4.0,I have used all kinds of electric foot devices,"This one worked okay. I like this one. But to be honest, my nail drill does a better and quicker job. This is okay for people who need a little smoothing here and there. I need a grinder. It works okay, just not powerful enough for my feet.",1583643475118,False,0
AG73BVBKUOH22USSFJA5ZWL7AKXA,B082VKPJV5,4.0,I wash my hands alot,"This is a perfect bundle for me. The barrier cream I have to apply several times a day, because I wash my hands all the time. I like the hand cleaner. Dirt and grime get cleaned off wonderfully and my hands get exfoliated. Then, I finish up with the salve. That helps relieve the cracks from dry skin.",1583635830987,False,0
AG73BVBKUOH22USSFJA5ZWL7AKXA,B081632HX6,5.0,Argan oil is great for skin and hair,My daughter takes every Argan oil I get from me. She needs it for her and the girl's hair. They love how Argan oil works on their hair and my daughter also likes how it makes her skin feel better and not as dry.,1582418978571,False,0
AG73BVBKUOH22USSFJA5ZWL7AKXA,B07K8WFJLH,3.0,The reviews would be better if all shown were included,"It seems that the brush cleaner is missing. The pouch is average, the brushes are okay, but if you are expecting to get that bottle of cleaner, hope it arrives in yours.",1582418352960,False,0
AG73BVBKUOH22USSFJA5ZWL7AKXA,B07WRF6KMW,5.0,This will be the last brush like this you will ever need,"I did not think they were still making them. But guess what? There is a web site where you can purchase Fuller Brush products and even Stanley brushes. I definitely remember the old style Stanley brush. That was what my mom used for her hair and for our bottoms. The Fuller Hair brush is nicely made out of wood and has boar's hairs, which leaves your hair shiny and your scalp well brushed.",1581976160937,False,0
AG73BVBKUOH22USSFJA5ZWL7AKXA,B07WFQMC18,4.0,My dermatologist recommended one of these ingredients,"Because I get cracks in my heels and very dry feet, my dermatologist recommended using a product with urea in it. This also have anti fungal ingredients. This will help your feet soften. I have eczema on some spots on my feet. The heels and two toes. This causes really dry, thick areas. This is helping.",1581722516946,False,1
AG73BVBKUOH22USSFJA5ZWL7AKXA,B07SFDCR4L,4.0,All of the grandkids have seen commercials,"So, naturally, they all wanted these. None have told me how they work but I am presuming okay. If I get something like this, they want it immediately. I am sure that all three have used everyone of these patches and probably want more.",1581297835009,False,0
AG73BVBKUOH22USSFJA5ZWL7AKXA,B07NPWK167,4.0,Nice facial wash,"The goat milk facial cleanser not only cleanses your face but it also moisturizes, hydrates and exfoliates. A nice way to take care of your face before you apply your day or night serum, lotion or creams. Good stuff.",1580931456931,False,0
AG73BVBKUOH22USSFJA5ZWL7AKXA,B081Q1R963,4.0,Old way of removing dead skin cells without water,"However, from the pictures, I have gleaned that you put some in your hands and rub it on your face and wait a few minutes for it to dry. Then you will roll and it will make little balls that are peeling the dead skin like a magnet. You don't need to rinse afterwards. you just roll off the product and it is all done and your face is smooth and silky soft.",1580344625404,False,1
AG73BVBKUOH22USSFJA5ZWL7AKXA,B01M4OQF8O,4.0,These should be able to work with all skins,"I am looking over the ingredients on the selling page and I see that snail jelly is one of the masks. I didn't see any of the snail mucin listed in the ingredients. Does it contain snail mucin or not? I don't know. But, the masks are nice and who doesn't like to use a facial mask to get that nice spa feeling? As long as my face is moistened, then I think I did well.",1580161047569,False,1
AG73BVBKUOH22USSFJA5ZWL7AKXA,B07X5233ZX,4.0,go back to the selling page for instructions,"Because there are ten items and 2 you leave on overnight, you need instructions on what to do with each one. What I did, was make a screen print of the instructions so I will know how to use each. When these came in, it was like trying to hold an open bag of potatoes. The packaging was not good and I had these pods falling all over the place. What is in each pod? Got me. Makes my face feel good though. The only ingredients on the selling page is honey, yogurt and sugar. I know there has to be different ingredients for each pod, so that is definitely not right for the ingredients,",1580151377666,False,8
AG73BVBKUOH22USSFJA5ZWL7AKXA,B07FH6WR58,5.0,I like to use this every day,"This is great foundation, sunscreen and moisturizer all in one. It is a totally different product than what we are accustomed to. It is a foundation and mask all in one that keeps your skin looking good all day long. This is good for anti aging, wrinkles, troubled skin and lightening of dark areas.",1580145422741,False,1
AG73BVBKUOH22USSFJA5ZWL7AKXA,B07NVTT4JS,4.0,I like to use a wrap,"It is much better suited for getting my hair to dry than using a huge bath sheet or large bath towel. It is much lighter and when I remove it, a lot of the water is already gone.",1579288994940,False,0
AG73BVBKUOH22USSFJA5ZWL7AKXA,B07YFQMY8L,5.0,This is phenomenal,I was able to get my eyebrows filled in and looking great in just seconds. One eyebrow had a little oops but I used a paper towel and my nail to smooth out the area and it looks great. I could use a lighter shade but this looks fine.,1579123051934,False,1
AG73BVBKUOH22USSFJA5ZWL7AKXA,B019O277A0,3.0,Top arrived broken,"I gave this to my daughter, who is going to be extra careful due to the broken top. If it goes on the side, it is going to leak and that was before I unwrapped the package. My daughter loves argan oil so she is going to use it rather than me throw it away.",1577926191503,False,0
AG73BVBKUOH22USSFJA5ZWL7AKXA,B07WTZP6WD,5.0,Pretty eyelashes,"These eyelashes are reusable. They are very long and give you a thick and long eyelash look. The lashes are made to last up to 25 times. I am going to be using them on ball jointed resin dolls that need new lashes. If they are too long, you can also trim them for the length of lashes or for the eyelid size.",1576824797063,False,0
AG73BVBKUOH22USSFJA5ZWL7AKXA,B07RP9FXLW,4.0,If you want to do your own gel nails,"You will need a nail gel lamp to cure the gel. From my experience with different lamps, leave your nails in the curing lamp for the maximum time. This is quite handy and easy to use. Follow all instructions and you should get great results. Hint: when you go to start your  nails, put a coat of Elmer's glue around your skin around the nail and it will keep the gel, base and top coat from sticking to your skin.",1561668869432,False,2
AG73BVBKUOH22USSFJA5ZWL7AKXA,B09J5TZ7HL,4.0,A new way to work your skin,"This is used on your body to break the cells in the epidermis and allow moisturizers to be absorbed more efficiently. I have this one, plus a lip and facial attachment head and I am very pleased with them all.",1556921363515,False,0
AG73BVBKUOH22USSFJA5ZWL7AKXA,B07FZ5HZLM,4.0,Helps you organize your business finances,"You can stay on top of invoices, manage expenses, get reliable reports for tax time and import your data from a spreadsheet. You can also download your banking data and manage your business more efficiently. You don't need to have an accounting background - tutorials will help you all the way.",1554430332613,False,0
AG73BVBKUOH22USSFJA5ZWL7AKXA,B07DPKZPRH,5.0,I am impressed!,"I am very careful with heat that I apply to my hair and I don't use it often, just to keep the hair free from split ends. This worked much better than I anticipated. The infrared didn't seem to hurt my hair and it doesn't have a bunch of frizzees from where it will fall off if the heat is too high. I have had beauticians use to much heat and have that happen. I am pleased with this iron.",1554424699585,False,0
AG73BVBKUOH22USSFJA5ZWL7AKXA,B07LCF4BK5,4.0,I am not so sure if this works or not,but it feels good when I rub it on my face. And the flat stone feels good too. The stones are nice and cool and very smooth.,1554422272882,False,0
AG73BVBKUOH22USSFJA5ZWL7AKXA,B07H53GCV2,4.0,Make sure to follow all instructions,"If you use this properly, you should get very good results. It comes with a net that you can put on your head first and then add the grip scarf. It is adjustable and it is also washable.",1554059057643,False,0
AG73BVBKUOH22USSFJA5ZWL7AKXA,B07FSKJKVN,5.0,Real human hair,"This 16 inch pack of human hair extensions are nice. This color is off black and has 20 pieces. I will be using these to make a wig for my collector doll, as human hair is a lot easier to work with than man made synthetic.",1553026980576,False,0
AG73BVBKUOH22USSFJA5ZWL7AKXA,B07N318SLJ,4.0,I love the cool feeling from the quartz,"I am wearing a facial mask right now and I used this tool to help get it all spread out and when I remove the mask, I will be using the tool again to get the product left on my face worked in. This roller isn't as well made as my other one. It seems flimsy but it still does the job.",1552947386135,False,0
AG73BVBKUOH22USSFJA5ZWL7AKXA,B079R2VWNX,4.0,These are going to be used to make doll wigs,I am using these braids to make doll wigs for collectible fashion dolls. These will work out great to give an updated look to some of my girls.,1552714443502,False,0
AG73BVBKUOH22USSFJA5ZWL7AKXA,B07K153R2B,5.0,Temperature is in Celsius,"Right now, I am loving this combo straightener and curling tool. It heats up to 430 degrees, but it is in Celsius, so look at the conversion for your hair. It heats up very fast. I straightened a piece of hair and then curled it. It did a good job. I am tempted to do my entire head. What I really like is the extra long grip that keeps you from burning your fingers",1547240639328,False,0
AG73BVBKUOH22USSFJA5ZWL7AKXA,B07FYG86VD,4.0,The razor works well,"Here is a product that you charge via USB, and have enough power to shave your legs if you want. I don't have the best eyesight and when I use a razor, I often miss areas. I used this today and I had a good amount of cleaning to do on the head and brushing out the hairs. This is the most hairs I have ever been able to remove with an electric or chargeable razor. You can also wash your face with the scrubber and trim your sideburns and more. This is also waterproof. The instructions are all in Chinese, but you can see from the pictures what to do and how to lift the rotaries to brush the hairs out.",1542863495531,False,0
AG73BVBKUOH22USSFJA5ZWL7AKXA,B01KJPFO9W,4.0,Nice colors,"This gel nail set comes with 6 different colors that they have themed as ""Love Spectrum"". The colors are quite nice. You will need to get a UV LED Lamp. You will also need to get the Lagunamoon Gel Nail Polish Soak Off UV LED Gel Base Coat and No Wipe Top Coat Gel Polish Set. All of these items can be purchased on Amazon. They recommend that you put on layers and each layer should be thin. Follow all instructions and you will have beautiful shiny nails.",1541364054761,False,0
AG73BVBKUOH22USSFJA5ZWL7AKXA,B07GDBN9LB,4.0,It takes two weeks to see a result,"I am on my second day of using this product. I have used other products - some work, some do nothing. I am hoping for the former on this. It has a very thin applicator brush so you can just line the upper part of your eyelashes and when dry, you can apply mascara. I haven't had any adverse reactions. I will know more as time goes on. It looks like my lashes are darker already, but that could be my wishful thinking.",1540664105861,False,0
AG73BVBKUOH22USSFJA5ZWL7AKXA,B09J5TZ7HL,5.0,Quality makes a big difference,"The needles in the eye microtip are not very long and they are very thin, so it is a breeze to go over your eye area and eyebrow area without pain and with ease. I want all of the needling attachment heads. These are the best I have used to date.",1536975760642,False,0
AG73BVBKUOH22USSFJA5ZWL7AKXA,B00OPEASFO,5.0,Swiss Botany Serum,Swiss Botany makes wonderful products and I have never been disappointed. The serum soaks in and your skin gets smooth. Anything that works on almost 60 year old skin is fantastic in my book,1429403205000,False,0
AG73BVBKUOH22USSFJA5ZWL7AKXA,B00KCTER3U,5.0,Instanatural anti-aging facial moisturizer,"This facial moisturizer is great. when you use hyaluronic acid products, you should follow with a good moisturizer. This fits the bill. Now, I have a complete set of this line that I am very pleased with. They also make a body moisturizer that is great on your heels.",1429402483000,False,0
AEZP6Z2C5AVQDZAJECQYZWQRNG3Q,B08WRMK4WG,3.0,Good moisturizer but didn't perform as promised,"We all know about this issue so I figured I would give it a shot, why not right? Well sadly I was not too impressed to be honest. My rear was nicely moisturized for sure but I didn't really see any improvement in regards to acne and blackheads to be honest. It was worth a shot though but it does work quite nicely as a moisturizer but there are other, cheaper products for that that I like better tbh. At least it wasn't greasy so you could go on your merry day right away.",1646151981492,False,0
AEZP6Z2C5AVQDZAJECQYZWQRNG3Q,B08RQZ3F3L,5.0,Great lip scrub,This is a nice lip scrub by Simply Dana. It tastes of coconut which I personally really like. It works very well helping to exfoliate the lips in a gentle manner.<br /><br />Especially in the winter my lips are rougher shape and need a little extra help and this gets the job done.,1641830467493,False,0
AEZP6Z2C5AVQDZAJECQYZWQRNG3Q,B08P7QWN1N,4.0,Dual component serum that hydrates nicely,"This face serum by Carla comes in a beautiful glass bottle that has a pump dispenser on the top. It is a dual serum so make sure you mix it well before you dispense it since it tends to separate.<br /><br />It has a gel like consistency almost and is lightweight. It absorbs quickly but the skin does feel a bit sticky after it is applied. That feeling fades after about 5 to 10 minutes or so. Once it is faded the skin feels soft, smooth and looks great. All in all a great product.",1641828975909,False,0
AEZP6Z2C5AVQDZAJECQYZWQRNG3Q,B07JC3GQQM,5.0,Amazing conditioner to add volume to your hair,"I admit it, I just love hair products by ikoo. For some reason these just really work for my hair.<br /><br />This one is a travel sized conditioner for fine, thin or flat hair and my hair really takes to it. I find it sad though that for this little one they are charging so much. You are much better of getting the regular size and putting that in a travel size container yourself.<br /><br />The conditioner itself smells amazing and I for one really love that. It is smooth and I let it usually work on my hair for like 3 to 5 minutes. The conditioner rinses out with ease and leaves my hair nice and soft. I find that my hair looks fantastic. It is nice and shiny, and it definitely gets a boost in volume, and just has a healthy look and feel to it.",1641828237060,False,0
AEZP6Z2C5AVQDZAJECQYZWQRNG3Q,B08LPJT4MT,5.0,Lovely lotion,This lotion is great. You get 4 smaller sized squeeze bottles of lavender fragranced hand and body lotion. It smells absolutely amazing first off which is one of the reasons these always come with me when I go somehwere. The second reason is they work. When I use them my skin feels fantastic. The lotion is creamy but lightweight and absorbs quickly into the skin making my skin feel soft and hydrated. Very happy and for that price there really are no complaints.,1638025425471,False,0
AEZP6Z2C5AVQDZAJECQYZWQRNG3Q,B07FPS2VFK,4.0,Works well if used correctly (sparingly),"This sugar body scrub is amazing. It has an amazing fragrance which is what you will notice first when you open the jar. The scrub is a gentle exfoliator and works very well. It moisturizes as you go along and makes your skin feel soft and smooth. It does have oil in it so that is what makes your skin feel moisturized and you may feel greasy, my recommendation, don't use a ton of it when you use it and start with just a little bit which goes a long way.",1638024173344,False,0
AEZP6Z2C5AVQDZAJECQYZWQRNG3Q,B08N57C9ZR,4.0,Lovely under eye cream,"This under eye cream comes in a cute little container that looks fantastic. It has retiniol in it that really is great for your skin as well as hyaluronic acid, both that should help with wrinkles. Just a reminder, products with retinol make you more sensitive to sun light so make sure you use sun blockers when using these kinds of products.<br /><br />The cream is lightweight and absorbs quickly into the skin. It leaves no residue behind and your skin just feels soft and smooth. The cream has a lovely fragrance that I really like.<br /><br />All in all this is a great find.",1638022875895,False,0
AEZP6Z2C5AVQDZAJECQYZWQRNG3Q,B01N1NULWQ,5.0,Fantastic sleeping mask that delivers results,"This is a lovely sleeping mask that comes in a stunning looking jar. As the name implies it is applied at night so it can do its magic. Inside this jar is a creamy mask that smells amazing and I for one really like this. The mask is on the medium weight side but still absorbs pretty quickly into the skin which is great.<br /><br />The skin definitely feels a bit sticky when you apply this mask to your skin but this is common with sleeping masks. I have a couple who don't but this one does and it is not a big deal since you apply it before you head to bed. The next morning you will love the results. The skin feels soft, smooth and looks radiant. I for one am a fan and happy with the results I can get.",1638020800673,False,0
AEZP6Z2C5AVQDZAJECQYZWQRNG3Q,B07ZHGNPZM,4.0,Not a bad feminine wash,"This is a nice intimate wash for women. It is free of alcohol, sulfate and parabens which is great since you don't want those ingredients in there. It is also vegan and plant based which is great. It produces a nice gentle lather that works well and I found I don't need much when I  use it. They made sure that it maintains the natural pH of the skin so you are not prone to infections.<br /><br />The fragrance is ok in my eyes and it works well overall. The price is a bit on the more expensive side considering how much product you get, however considering that it is vegan and all, I think it kind of makes up for it. I am not upset with this product and mine was not expired yet but close, but these types of products can be used at least 3 years past that date so I have no issues with that as well.",1628167981785,False,0
AEZP6Z2C5AVQDZAJECQYZWQRNG3Q,B083BCSQGN,5.0,Spa treatment at home,This is an interesting product for sure. You get a jar with cream that looks very cute in my eyes but that is not all. You also get a multi-care massage applicator that has red light to treat your skin.<br /><br />The cream itself has a lovely fragrance that I really like. It is creamy yet lightweight and absorbs pretty quickly into the skin. You can then use the multi-care massage applicator and use it to massage the cream into the skin as a special treat really but it also just works the cream better into the skin. Work the cream from the center to the outside and massage for about 3 minutes. Then make sure to clean the applicator.<br /><br />I have to say this is a special way to apply your cream and makes it more like a spa treatment than anything else and really works quite well. The cream has a lot of good ingredients and together this is fantastic. I for one love this and can only recommend it. When you are out of cream you can just get the refill pack without the massager which is great. The price for this was very reasonable as well. All in all very happy with this and it makes for a fantastic gift!,1627916483206,False,0
AEZP6Z2C5AVQDZAJECQYZWQRNG3Q,B08L4HTQ3R,5.0,Another great product by Huxley,"I really like products by Huxley. They tend to be not overpriced and the quality that I found to date is always very good. They always come in packaging that is stylish and looks good.<br />this clay mask is just along the lines and I for one even though clay masks tend to dry out my skin, really like this one.<br /><br />It looks great and this one smells fantastic, one of the things I really like about Huxley products. This clay mask really cleans my skin beautifully and does not dry it out too much. I have normal skin and it does dry it out a little bit but since I always use a good moisturizer afterwards it is not a big deal.<br /><br />Make sure you follow the instruction, clean your face, apply an even layer and let it sit for about 15 to 20 minutes. I let it get pretty dry before I rinsed it off with lukewarm water. My skin felt great and was nice and soft after I used this mask. I for one can only recommend this one.",1627907216622,False,0
AEZP6Z2C5AVQDZAJECQYZWQRNG3Q,B08LFYMGS5,5.0,Interesting cream,"This is an interesting kind of cream. The jar it comes in is very cute. It is a frosted glass jar with some cute print on it that just looks really cute to be honest and I like displaying it in my bathroom. Inside this jar you find a very interesting cream, a water gel cream that I haven't really come across yet and really have to say is neat and interesting. I love using this especially on a hot summer day because it is very refreshing. It is even better yet if you put the cream in the fridge to cool it down, because it feels even more refreshing.<br /><br />This cream absorbs really quickly into the skin. It has a fantastic fragrance of lavender that I am a huge fan of. It is fantastic especially in the evening because it just has a very calming effect on top of the refreshing feel of it. It leaves a slight tack residue on the skin but that goes away in about 5 to 10 minutes, so no big deal. I for one really like this one and it hits every aspect that it should. I use this in the evening and like how my skin looks and feels in the morning. All in all very happy and this is one of the ones I see myself reaching for more often than not.",1623933204043,False,0
AEZP6Z2C5AVQDZAJECQYZWQRNG3Q,B08HRNPNR5,4.0,"Nice product, seems to work well","This is a nice serum by Easydew that comes in a dropper bottle. In it is a DW-EGF protein. It is basically a youth protein that helps your skin with collagen and elastin, basically helps your skin stay soft, smooth, and just look great.<br /><br />This serum is a light to medium consistency that absorbs quickly into the skin. It doesn't leave any kind of residue on the skin, it is maybe a bit tacky at first but that goes away quickly. I am not prone to reactions to these kinds of products and didn't have any in this case either.<br /><br />I found this was a great moisturizer and my skin looked soft and smooth overall. This is a nice product and I am satisfied overall. It is also reasonably priced at just $30.",1623762919013,False,0
AEZP6Z2C5AVQDZAJECQYZWQRNG3Q,B08LDGRY6Q,5.0,Works as promised,"I have another blackhead remover but that one did not have the camera adapter. I wanted to actually see the details so this one seemed cool so why not? It is very easy to use and I have to say seeing on the phone what was happening was neat. The blackhead remove is very easy to use, similar to the one I already have really. It has different sized heads that allow you to change the pressure that you are applying. The power button turns it on and off but also changes the modes from soft to normal to strong.<br /><br />Make sure you keep it moving or the vacuum can actually cause damage, meaning break some capillaries which will cause a bruise. This will obviously heal but who wants a bruise in the face?<br /><br />I really like this because you can really see what is going on up close. It is easy to use and works well. The price is reasonable and the pairing with the phone (Samsung S20+) worked well.",1618756795750,False,0
AEZP6Z2C5AVQDZAJECQYZWQRNG3Q,B08LPC1G23,4.0,Works very well,This is a neat little curling iron that does the work for you really. I have tried some different types of curling irons over the year and wanted something easy and simple to use. My hair is quite long these days and when you have longer hair it gets a little bit more complicated I found. So I wanted to give this one a chance and see how it goes. There is definitely a slight learning curve but watch the video and off you go.<br /><br />The temperature adjustment is at the handle and is very easy to use by rotating it. The tip is insulated so you can actually touch it which is a nice added touch in my eyes. There is also an adjustment that lets you switch if it turns left or right when making the curls so you can switch that as well depending on which way you want your curls to go. It comes with 3 different barrels that lets you change the type of curls you get.<br /><br />I found it works quite well and is easy to use. I had no issues with my long hair because it has the long barrel to accommodate all my hair and actually curl it all. All in all I am quite happy with this.,1618753807681,False,1
AEZP6Z2C5AVQDZAJECQYZWQRNG3Q,B07W1WJZFG,4.0,Nice lightweight cream,This is a nice cream by Simply Dana. It comes in a simple yet elegant glass jar. The cream itself has a pleasant but mild fragrance. The cream itself is very creamy and lightweight. It absorbs quickly into the skin without leaving behind any residue.<br /><br />The skin feels soft and smooth when you use this cream. I for one like how my skin feels when I use this. It looks nice and just feels moisturized. All in all for a lower priced cream this is not a bad choice.,1615144871993,False,0
AEZP6Z2C5AVQDZAJECQYZWQRNG3Q,B08BS3WDPJ,5.0,Great sheet masks that works wonders for your face,"In this pack you get 3 masks for $18, so this is one on the more expensive face sheet masks that I have tried. I like that it is biodegradable since we really should do more for our environment so I find this to me a big plus. This mask has some very nice ingredients in it like Vitamin C that is from pineapple and others. It is free of parabens, phthalates, mineral oil, gluten, formaldehyde and vegan friendly.<br /><br />You use this mask like you use most. Clean your face and apply it to the cleaned face. Then leave it on for about 15 to 20 minutes and after you removed it gently massage In the remaining serum. This mask has a good amount of serum on it so you can easily leave it on for 20 minutes without having to worry that it will dry out, you could probably go longer yet. My face was a bit sticky afterwards but that feeling did go away after about  minutes or so. The serum in the mask had a pleasant smell that I did like a lot. My face felt nicely moisturized when I used this mask and looked great. All in all this is a great mask I just wish it was not as expensive to be honest since it is not on the cheap sice to be used weekly.",1611410267342,False,0
AEZP6Z2C5AVQDZAJECQYZWQRNG3Q,B08HMLXW65,5.0,Beautiful for every occasion,"In this pack for just over $7 you get 3 different colored hair clips and 2 each color, and then 7 hair ties. The hair clips are gold, silver and black and just beautiful. The hair ties are a plain black. These hair clips are a different, new design and  I wasn’t sure if they would work for my hair, but fear not they did. I have long, but thin hair, thin in density and thin in thickness and this hair clip worked just fine. I had no issues gathering just a section or the entire hair together. Even though the clips are flat in the front I had no issues at all working with these, they are actually quite easy to work with and fit quite comfortably in the hair. The size is big enough to fit my entire hair or just parts of it. They are cute and lovely and the price is not excessive, they are actually inexpensive if you ask me.",1609093886864,False,0
AEZP6Z2C5AVQDZAJECQYZWQRNG3Q,B088X67C26,4.0,Interesting cream that starts of like a butter then liquifies with your body heat,"This facial cream comes in a beautiful frosted glass jar. When you open the jar, the cream inside of it is not one of those lotion types but more a butter type of cream, very solid and almost waxy. Don’t be alarmed it did not go rancid or bad, that is just how this cream is. You will scoop some of it out and will notice it actually smells pretty good. With the heat of your skin it also starts to liquify somewhat and makes it easier to apply to your skin.<br /><br />At this point it absorbs pretty easily and quickly into the skin. There were no issues there at all. I for one really liked this cream and it absorbs fully without leaving any residue behind on the skin. The skin actually feels soft and smooth and smells great, sadly only for a few minutes though since the fragrance does fade fairly quickly, but the softness stays. My skin felt moisturized and was rather happy. All in all this is a great little find.",1609082618928,False,1
AEZP6Z2C5AVQDZAJECQYZWQRNG3Q,B08FR3QXYY,4.0,Very nice under eye cream,"Fountain of Truth has some interesting products, some I have liked and others that I was just not convinced of. I am happy to say that this one is definitely worth the money. It comes in a tall small applicator with little metal ball applicators. You have to push the top down to expel the product on the top, right by the little metal eye rollers. The under eye cream smells ok, somewhat medicinal, herbal, not bad but not the best either but I can handle it.<br /><br />You use those eye rollers to massage it into the skin which is neat and I personally like it since it does help firming the skin. I prefer to put it into the fridge prior to using it since the cooling helps even more, at least I found it does in my case. This cream absorbs quickly, I do use my fingers in the end to make sure everything is fully absorbed, but it does leave a slight greasy residue on the skin. This stays for some time so I would recommend using this in the evening because of that.<br /><br />All in all this is a very nice product. Yes it is not cheap but this should last you a very long time to be honest since you really don’t need much at all every time you use this.",1609081556099,False,0
AEZP6Z2C5AVQDZAJECQYZWQRNG3Q,B08LYT4Q2X,4.0,"Good basic oils, many uses","You get 2 massive bottles of oil, one with sweet almond oil and the other with coconut oil. For each bottle they supply you with a pump dispenser which is great. It makes it so much easier to dispense the oil without making a mess to be honest. Both oils are claimed to be organic which is nice. This will run you $25 which in my eyes is a good deal.<br /><br />These oils can be used direct for skin care and as carrier oils, meaning you can add some essential oils to them to make your own custom oil blends. The oils themselves were pretty much fragrance-free which was a bit disappointing to me, but makes sense since these are often used as carrier oils. When you use this they are pretty lightweight and absorb quickly. I found they do leave the skin a bit greasy, but that is not a surprise since these are oils. That feeling does go away within about 15 minutes or so, so not too bad. All in all a good deal",1608657012284,False,0
AEZP6Z2C5AVQDZAJECQYZWQRNG3Q,B08JPK6MKD,4.0,"Cute set of lipsticks, makes a great gift too","This set of lipsticks is such a gimmick but man I really like them. They are meant to look like a box of cigarettes and the 4 lipsticks are actually pretty small, also meant to look like little cigarettes. This set of 4 will run you about $10 which is not a bad deal to be honest.<br /><br />The little bullet style lipsticks all have very similar tones to be honest but are just different enough that you can distinguish them. They are very easy to apply and you can get a nice pointy application with them which is great. They are surprisingly smooth and creamy and have a good taste to them. They have a pretty good staying power, again it was a bit surprising to be honest. They wear not bad in the waterproof department but did wear off a bit on cups and mugs.<br /><br />All in all I was impressed by these and think these would make for a great little gag gift, especially for young adults dabbling into makeup but also for others as well that are looking for a lipstick that goes well into the purse and gives them options.",1608652151919,False,0
AEZP6Z2C5AVQDZAJECQYZWQRNG3Q,B08JH8NGKN,2.0,Hair looked and felt bad,"When I received this leave-in conditioner I was a bit confused. I expected to receive a pump dispenser but when I got the product it was in a jar. I have to admit I was a bit disappointed since I do prefer the pump dispenser but oh well, just wish they would actually show the real product to be honest. The leave-in conditioner itself smells fantastic so that is a huge plus.<br /><br />When you then dip into the jar to get some of the conditioner out, it is actually pretty thin and runny, which was quite a surprise to me to be honest. Taking a leave-in conditioner out of a jar is a bit of a challenge to be honest. Doing a pump or two is just so much easier. I found that this conditioner left a residue on my hair that I did not care for. It also weighed my hair down that just was undesirable as well. I for one am not a huge fan of this one and can’t recommend this conditioner, I just don’t like it sadly because my hair just didn’t look good, nor felt great. At least it is not expensive and it may work for others but this just didn’t work for me at all.",1607872522307,False,0
AEZP6Z2C5AVQDZAJECQYZWQRNG3Q,B08G837P9K,3.0,Sadly just an average product that doesn't do much for hair loss and hair growth,This shampoo by Mr. Zaranda was just average in my eyes. I had higher hopes for it but it is what it is. It comes in a generous large pump dispenser bottle that is beautiful. The shampoo is just an average smelling product but again that is not what determines the rating of my review.<br /><br />Inside of the bottle is a shampoo that produces an average lather. I let it sit in my hair for a while whenever I use it to make sure the working ingredients can do their job. It rinses out quite easily so no issues there. I felt my hair just looked ok when I use it and haven’t noticed any effects in regards to their promises. There hasn’t been an increase of hair loss. There is maybe a little bit less hair loss when it comes to when I am in the shower I notice maybe a little bit less hair in the drain. Other than that I really don’t see that much effect when I use it. But it is not expensive and it is not a bad shampoo. Because of all of that I rate this as an average shampoo.,1606659519095,False,0
AEZP6Z2C5AVQDZAJECQYZWQRNG3Q,B07MZT83KK,5.0,Favorite face wash,"I am quickly becoming a fan of products from EasyDew. This cleanser comes in a very nice pump dispenser. When you use it you will first notice that it has a lotion like consistency which is unusual for cleansers. Next you will notice the incredible fragrance it has that I absolutely love, especially for facial products fragrances are very important to me and this one is fantastic.<br /><br />This cleanser is super gentle I found. After I am done my skin feels soft and smooth and not dried out at all. It actually feels almost like I moisturized it. I do still follow up with a moisturizer but you could do without one if you were in a rush.",1606489523614,False,0
AEZP6Z2C5AVQDZAJECQYZWQRNG3Q,B07V1QTSQ1,5.0,Fantastic face mask,"This is a very nice sheet face mask. When you open the package the mask is loaded with the mask which is nice, but it is not dripping which you don’t want. You notice the fantastic fragrance of the mask, very strong of honey which I love. It is very smooth and smells incredible in my eyes.<br /><br />The material of the sheet is very nice and soft. I found it is a bit big however so it does take some adjustment to be honest to make it fit. I do prefer that over a mask being too small however. Make sure to clean your face prior to using it, just like the instructions say. You leave it on for 10 to 20 minutes and then remove it. Any residual serum is just gently massaged into the skin.<br /><br />I found that my skin loves this mask. It feels nice and soft, smooth and just looks nicely moisturized. It has a natural glow to it that says I did something good for it. It does feel a bit sticky for about 5 minutes right after, but that goes away and then you are left with soft and smooth skin. In this box, that btw is perfect as a gift as well, you get 10 masks for just $24, which I think is a very good price and allows you to do something good for your skin for some time.",1606485448234,False,0
AEZP6Z2C5AVQDZAJECQYZWQRNG3Q,B08YJV9YL2,4.0,Very nice body wash,"This is a nice inexpensive body wash. It comes in very nice packaging to be honest and makes for a great gift, especially with the holidays coming up. They also have the matching body lotion and all. The body wash comes in a generous bottle that has a pump dispenser on the top that makes it very easy to use especially when you are in the shower.<br /><br />The body wash has a nice fragrance that is very pleasant. It does linger while you are in the shower but once you are all rinsed off, sadly it doesn’t last too long after that. The body wash does produce a decent lather but sadly it is not too luxurious. All in all for the price that you are paying, which is less than $15, this is a pretty nice find.",1605117894655,False,0
AEZP6Z2C5AVQDZAJECQYZWQRNG3Q,B0848H7K2N,5.0,"Very nice, inexpensive retinol serum that makes my face look great","I really like this retinol serum by Simple Elegance. It comes in a classic looking pump dispenser. Keep in mind, when you use products containing retinol, your skin is more sensitive to sun light so make sure to use sun protection when you go outside.<br /><br />This serum smells amazing and I for one really like that a lot about this product. The serum itself is almost like a cream and very lightweight. It absorbs very quickly into the skin and leaves hardly any residue behind, and what it does pretty much disappears quickly. I found that my skin is soft and smooth when I use this. It looks great, moisturized and just overall great. It is also not very expensive at $30 so for me this one is a winner.",1605106460745,False,0
AEZP6Z2C5AVQDZAJECQYZWQRNG3Q,B08DD6BFFM,4.0,Very nice toner,"This is a nice toner. It comes in a nice tall bottle. It doesn’t have some kind of dispensation mode, just a little whole that you pour the toner out from. It is easiest to use cotton pads to use this toner with so that seems to work the best.<br /><br />The toner has a mild but pleasant fragrance. That scent does not linger though. It seems that this toner is very mild. I have had no reactions to it. It felt moisturizing and did not dry out my skin. I do find this to be maybe a bit overpriced though to be honest at $31.",1604246513586,False,0
AEZP6Z2C5AVQDZAJECQYZWQRNG3Q,B08YJV9YL2,4.0,"Very nice, perfect as a gift","This is a nice inexpensive body wash. It comes in very nice packaging to be honest and makes for a great gift, especially with the holidays coming up. They also have the matching body lotion and all. The body wash comes in a generous bottle that has a pump dispenser on the top that makes it very easy to use especially when you are in the shower.<br /><br />The body wash has a nice musky fragrance that is very pleasant. It does linger while you are in the shower but once you are all rinsed off, sadly it doesn’t last too long after that. The body wash does produce a decent lather but sadly it is not too luxurious. All in all for the price that you are paying, which is less than $15, this is a pretty nice find.",1604243621231,False,0
AEZP6Z2C5AVQDZAJECQYZWQRNG3Q,B08GMC5ZRY,3.0,Nice moisturizer,"This is an above average moisturizer by Black Wolf. You get a fairly small white squeeze bottle that contains the moisturizer. You don’t need a lot of the product when you use it. It has a very nice and lovely fragrance that I do like and is fairly gender neutral, but I think it is definitely more appropriate for men than women.<br /><br />The moisturizer is lightweight and absorbs quickly into the skin. It does leave a greasy feeling on the skin though that takes some time to dissipate. Because of that I would recommend this for evening use. It is very moisturizing though so I am happy with that. My skin did look and feel great once the product was completely absorbed into the skin and the sticky feeling was gone. It is fairly inexpensive at just below $20.",1602949942017,False,0
AEZP6Z2C5AVQDZAJECQYZWQRNG3Q,B08DXLRTSB,3.0,Underwhelmed - didn't work for me,"I have tried a few products by this line by Laloirelle. This Luminous Face oil comes in a dark glass dropper bottle like a lot of facial oils do. It is not cheap at almost $100 to be honest. When you use this you will need about a drop for each side of your face, so a little does go a long way, but this is still not an inexpensive product so handle this as such.<br /><br />This particular one is filled with pomegranate oil, cacao oil infused with white peony root, marigold flower and lotus leaf. This particular blend is supposed to be brightening, soothing, regenerating, purifying and reduce the appearance of dullness. When you use this you will notice this oil definitely has a fragrance to it that is reminiscent of an essential oil. They recommend to use it morning and night, however in my experience when you use this it does absorb fairly quickly. It does leave an oily residue on your skin though. If you wear makeup and especially right now with wearing masks, I would not recommend applying this facial oil in the morning. For a makeup application that could cause trouble and I found with facial oils I sweat heavily when wearing masks.<br /><br />It provided some moisture but I didn’t really see a brightening effect to be honest, however I did feel that my skin felt oily which is why I prefer using this in the evening. In the morning my skin felt nicely moisturized. Is this really worth the price? In my eyes not really since I have other brighteners that do the same thing and cost a fraction of this oil while not making my face greasy.",1602948560135,False,0
AEZP6Z2C5AVQDZAJECQYZWQRNG3Q,B08DX9P6V1,4.0,Lovely serum but very expensive,"I have tried a few products by this line by Laloirelle. This Age Renewal Serum comes in a dark glass dropper bottle like a lot of facial oils do. It is not cheap at almost $120 to be honest. When you use this you will need about a drop for each side of your face, so a little does go a long way, but this is still not an inexpensive product so handle this as such.<br /><br />This particular one is filled with phytobiotics stem cells, botanical hyaluronic acid, retinol, Vitamins and various herbs. Keep in mind, whenever you use retinol to use sun blocker since retinol makes your skin more sensitive to sun light. This particular blend is supposed to help protect your skin against environmental stressors and resulting in youthful looking skin while hydrating it. When you use this you will notice this serum it has the most pleasant fragrance of the 4 that I have and is actually pleasant and not as reminiscent of an essential oil as the others are.<br /><br />It is definitely moisturizing and does work for dry skin. When I use this my skin feels nice and soft, very smooth and definitely looks beautifully hydrated, thanks hyaluronic acid.  Is this really worth the price? In my eyes not really since I have other moisturizers that also have hyaluronic acid that do the same thing and cost a fraction of this serum. But I do like this one and it is a very high quality product.",1602948102535,False,0
AEZP6Z2C5AVQDZAJECQYZWQRNG3Q,B08DX6B4QN,3.0,"Sadly underwhelmed with this oil, makes my face greasy","I have tried a few products by this line by Laloirelle. This Age Defy Face oil comes in a dark glass dropper bottle like a lot of facial oils do. It is not cheap at almost $100 to be honest. When you use this you will need about a drop for each side of your face, so a little does go a long way, but this is still not an inexpensive product so handle this as such.<br /><br />This particular one is filled with marula oil, rosehip oil, reishi mushroom, ginseng and cordyceps mushroom. This particular blend is supposed to help with wrinkles, acne scars and dry skin. When you use this you will notice this oil definitely has a fragrance to it that is reminiscent of an essential oil. They recommend to use it morning and night, however in my experience when you use this it does absorb fairly quickly. It does leave an oily residue on your skin though. If you wear makeup and especially right now with wearing masks, I would not recommend applying this facial oil in the morning. For a makeup application that could cause trouble and I found with facial oils I sweat heavily when wearing masks.<br /><br />It is definitely moisturizing and does work for dry skin however I did feel that my skin felt oily which is why I prefer using this in the evening. In the morning my skin felt nicely moisturized. Is this really worth the price? In my eyes not really since I have other moisturizers that do the same thing and cost a fraction of this oil while not making my face greasy.",1602947663099,False,0
AEZP6Z2C5AVQDZAJECQYZWQRNG3Q,B07YTWPT2J,5.0,Lovely toner that moisturizes well and smells fantastic,"This toner is not inexpensive, but you do get a larger bottle when you receive this toner that is almost $40. The box that it comes in is rather beautiful and the bottle itself is also very classy looking. The bottle itself is a pump dispenser. I usually use a cotton pad when I apply a toner but for this one I just used my fingers instead. The toner is a liquid formula that is on the thicker side with a hint of gel in it almost.<br /><br />This toner contains polyphenols which are actually micro nutrients and good for you, I know it sounds bad so I had to look it up. It also contains sea buckthorn fruit oil that helps brighten the skin complexion and recover from skin fatigue. It contains lily flower extract that helps moisturize the skin and nourish the skin and cherry on top, it contains no parabens.<br /><br />So now when you use it, you notice it has an interesting consistency, somewhat between watery and gel like and it bubbles when you dispense it. It has a very pleasant scent that I really like a lot and this fragrance lingers quite a bit which I am all in favor of. I feel that it nicely moisturized my skin. It didn’t irritate my skin or anything and worked nicely for me. All in all I am very happy with this toner.",1601863357302,False,0
AEZP6Z2C5AVQDZAJECQYZWQRNG3Q,B086XH7BWW,3.0,"Tiny bottles, not a fan of the fragrance, overpriced","I have always been a fan of Taya hair products. I found though that this duo is not one of my favorites. In this pack you get a shampoo and conditioner that are basically travel size for $14. They are a bit bigger than you would get at a hotel for example so you get quite a few applications out of them, but for $14 I find this to be rather expensive to be honest.<br /><br />The bottles are pretty cute and look nice. When I used the shampoo I have to say I was disappointed by the fragrance. Usually this line has a fantastic fragrance but this one just wasn’t it. It produced a decent lather and rinsed out with ease. The conditioner had a similar fragrance in line with the shampoo. It was nice and soft and I did leave it in my hair for about 3 minutes I would say. It was easy to rinse out and left no residue on my hair. My hair overall looked ok once it was dry and was pretty soft but nothing impressive that would warrant spending $14 on this. I am sorry I just wasn’t impressed with this set, especially since you can get the full sized ones for a similar price really.",1601819843429,False,0
AEZP6Z2C5AVQDZAJECQYZWQRNG3Q,B08575Y9V3,4.0,Very rich and moisturizing - thick cream,"This is an interesting face mask. You get 5 masks for $20 so an ok price, maybe slightly more expensive than usual. You apply this mask to a clean face like you always do.  When you open the package you find 2 masks in it, they split the mask up into 2, the top and bottom.<br /><br />This mask is the first cream mask I have ever used. You will first notice the pleasant scent, the reason I ordered this in the first place. I have a serum by Abib that I love and has an incredible fragrance so I figured this one has to be a great product. This mask feels kind of weird on your face because of the cream. It reminds me a bit of nivea cream to be honest, fragrance wise and thickness / consistency wise. So after the 20 minutes are up you take it off and realize there is still a lot of cream on your face. So you gently massage it into your skin. My face felt a bit sticky from all that extra cream to be honest. After about 20 minutes or so that feeling did start to fade, that is just how long it took for all of it to absorb. This is one rich cream I tell you.  My face was nicely moisturized though and it definitely had a bit of a glow from all that cream to it to be honest.<br /><br />All in all this is a nice mask, but maybe a bit too rich for me. I think this would do wonders when your skin is super dry, like on a horrible winter day when you have been outside in the wind all day and your skin is almost peeling off from the cold dry wind. This would restore it back to health. Right now my skin is just a bit too healthy I would say and this one would just be so much better when my skin is in dire need.",1601006929046,False,0
AEZP6Z2C5AVQDZAJECQYZWQRNG3Q,B08GBZGRDQ,3.0,All considering not bad,"In this box you get a set of 12 lipsticks. These are supposed to be matte lipsticks but I found they are borderline matte to satin lipsticks really. These will only run you about $10 so definitely on the cheap side. Each lipstick comes in a little plastic container that has a Halloween themed print on it. They are fairly cheap but again, getting 12 lipsticks for $10 I don’t have high expectations.<br /><br />I found there is some range in colors but not a big one. There are some darker colors and some lighter colors and then the rest all was somewhat similar. I was a bit disappointed by the colors really, but then again, for the price can I really say anything about that? There weren’t really any nudes in there.<br /><br />The lipsticks were easy to apply but not that creamy. However they feel ok on the lips. They are not very sticky or anything but also don’t feel super smooth or creamy on the lips either. They feel just ok really. They don’t taste or smell of anything. Their staying power is ok, they wear off as you eat and drink like a lot of lipsticks do really. So considering these costs $10 for 12 of them, they are not horrible. They feel ok on the lips, the color range is limited in my eyes but they are not bad at all, all considering. Keeping everything in mind, I am rating them at 3 stars.",1600567115131,False,1
AEZP6Z2C5AVQDZAJECQYZWQRNG3Q,B08WCG4JCC,5.0,Amazing shampoo that smells great and leaves my hair nice and soft,"I really like this shampoo by Giovanni. I was not sure what to expect to be honest, but I was pleasantly surprised. A lot of time when these shampoos contain tea tree and hemp their fragrance is not the greatest, but this one was shockingly impressive and really good. The fragrance of this one was actually really good and you can barely smell the tea tree which is great. I only smelled hints of it while it was on my hair.<br /><br />This shampoo produces a nice lather that wasn’t too rich but plenty to get my hair nice and clean. I didn’t feel like I needed a lot of it to get my hair nice and clean. I did let it sit for a couple of minutes to let it do “its thing”.  It rinsed out very easily and left nothing behind in my hair. My hair felt nice and clean and looked great. I followed up with a leave-in conditioner afterward still but my hair could have handled not using one after this shampoo. All in all I am very happy with this one and can recommend it.",1600561023047,False,0
AEZP6Z2C5AVQDZAJECQYZWQRNG3Q,B07FP2C8N8,4.0,Great baby oil for young and old,"This is a nice baby bath oil by Emilia. I like that it has organic ingredients since babies tend to be more sensitive still. It is itch-free and hypoallergenic as well. It also has oatmeal extract in it which is known to be soothing.<br /><br />It has a pleasant scent reminiscent of clean baby in my eyes. When you use this the skin feels moisturized afterwards without having used a moisturizer. But the skin does not feel greasy or oily which is great since I am not a fan of that feeling.  You also don’t need to use a lot of this in order to get the benefits of the product. And yes I admit, I actually like using this on myself. It just makes my skin feel great and look fantastic.",1600554093512,False,0
AEZP6Z2C5AVQDZAJECQYZWQRNG3Q,B087ZQK2G8,4.0,Nice smelling shampoo with mediocre lather,This is a very nice shampoo. You get a huge bottle for just $16 containing argan oil which is great for your hair. I like that this bottle has a pump dispenser which makes it just so much easier to dispense the shampoo in the shower.<br /><br />The shampoo has a very pleasant scent that I like a lot. It produces only a medium lather but it still works quite well to clean your hair. I personally prefer a nice rich lather with my shampoos. It rinses out very easily and leaves you with squeaky clean hair. My hair looked good when I used this and I have no complaints there. All in all this is a very nice inexpensive shampoo containing argan oil which I do like for my hair.,1598750420635,False,0
AEZP6Z2C5AVQDZAJECQYZWQRNG3Q,B08B83GH77,4.0,Very nice facial massager,"This is a very nice facial massager that I really like. It comes with 2 different rollers for your face. This one actually can be battery powered if you are so inclined. The rose quartz rollers are very cooling on your face and you could actually remove the heads, since I wouldn't put the electric part in the fridge, you can put the heads alone in the fridge for extra cooling. This will amplify the effects of this massager and help massage away the puffiness in your face.<br /><br />This is one fantastic find and for just $21, you can find some for a little less than that but I really like the design of this one. This helps on those really tough mornings to massage away the puffiness and help your face shed of some years. Perfect for a gift as well.",1598747297036,False,0
AEZP6Z2C5AVQDZAJECQYZWQRNG3Q,B07THLR7RR,5.0,Fantastic detangler,"I really like products from L'ange. This leave in conditioner is no different. It is not cheap at $22 since the bottle is fairly small but the product in it is very good and you don't need a whole lot of it so that does make up for it.<br /><br />This leave in detantler comes in a nice mister bottle. The mister on it is actually very nice and pretty fine allowing you to distribute the product very nicely onto your hair, and therefore you don't need that much of it. It smells absolutely fantastic and does exactly what it promises. I have absolutely not tangles in my hair when I use this.<br /><br />My hair is nice and soft and looks just great. This is a great product to you use for your hair. When dry my hair is still very manageable and looks great. I really like this a lot and what it does to my hair.",1598742055944,False,0
AEZP6Z2C5AVQDZAJECQYZWQRNG3Q,B0844X4D53,4.0,Very nice shimmer,"This is a nice shimmer. You get a fairly generous container with this shimmer. It is best applied with your finger but will work with a brush as long as you wet it either with water or better with a setting spray to be honest. Make sure when you apply it that you put it in place where you want it. Going over it again tends to make a mess of it.<br /><br />The color is beautiful and I do really like that. It is very pigmented so that is good, just really load up and apply because if you go back and forth it just makes a mess and can flake off.",1597707056490,False,0
AEZP6Z2C5AVQDZAJECQYZWQRNG3Q,B08465489V,5.0,My face feels amazing when I use this!,"This facial serum by Dr. Denese is one of the best serums I have used in some time. It comes in a stunning looking dropper bottle. Sadly it does not have a scent but I will look past that. It is also not a cheap serum to be honest but I think this one is worth it.<br /><br />The serum has an oil like consistency and is clear. With the dropper you can apply just a few drops, which is all you need to each side of your face. The serum is very lightweight and it absorbs very quickly into your face and just literally disappears into your skin. It leaves absolutely no residue behind which is odd because it has a real oil like consistency so I expected an oily residue on my skin. Instead I was left with super soft and smooth skin that just felt and looked fantastic. And that is why I just really like this so much.",1596076665278,False,2
AEZP6Z2C5AVQDZAJECQYZWQRNG3Q,B0BTJ6SYKB,5.0,"Love it, oriental scent that is very similar to LouLou","This is a very nice perfume. It is not too expensive since it is less than $40 which is great. When I got it and sprayed it on I had instant flashbacks of another perfume that I really like. It is very reminiscent of LouLou and when I looked up the fragrance profile for both there is a lot of overlap of the similar top, heart and base notes.<br /><br />I found that this one in comparison is a bit less heavy though and not as overpowering. It has a very oriental kind of scent though and I do really like it, ask LouLou, since it is standing right next to it on my perfume shelf. I figured that was the proper space for it. This one does have a hint of lightness though that LouLou does not. It does last quite a bit and does not just disappear after a few hours which is nice.<br /><br />The bottle is very cute and oh so Shakira in my eyes. It is perfect for teens if you ask me but I have no problem putting that on my shelf either. So to keep the comparison going, at the same volume it is cheaper than LouLou but if you get the 2.7 Fl Oz you pay the same price as you would for the 1.7 Fl Oz for LouLou so you could get a better deal but even though they are similar there are just different enough that I can smell the difference if I do a blind test.",1596026312471,False,0
AEZP6Z2C5AVQDZAJECQYZWQRNG3Q,B0868XK2BV,4.0,"Nice facial cream, maybe a bit pricey",This is a nice facial creme. It does come in a jar which is not my favorite container for facial product because it is not the most hygienic but you can make it work.<br /><br />The cream itself has a nice scent to it that I do like but it does not linger at all. The cream is lightweight and absorbs quickly into your skin. I found that my face had a slight residue but after about 10 minutes that did fade away and I was left with nice and soft skin.<br /><br />As I said I like this facial skin overall and I had no reactions to it. I have normal skin and don't expect any issues in general though. It is a bit expensive and for that I would have expected a slightly better container than this cheap plastic it comes in.,1595710971398,False,0
AEZP6Z2C5AVQDZAJECQYZWQRNG3Q,B00O2FGBJS,3.0,"Overpriced, doesn't smell like argan oil and to me just about average",This Argan oil is just above around in my eyes. For the $13 you get a fairly small amount of this oil in my eyes. I know Argan oil is not cheap but this does seem a bit overpriced. I am used to argan oil having a pleasant scent but this one was a complete let down and was borderline not pleasant.<br /><br />When you use the oil and apply it to your skin it is pretty lightweight so that statement is correct. It does feel nice on your skin and absorbs pretty quickly but does leave a slight oily feel behind for a short time and that does disappear. At that point my skin felt nice but there are other products I have that make my skin feel a lot better to be honest and give it an amazing smell to boot. So keeping all this in mind I find this just around average.,1595710638513,False,0
AEZP6Z2C5AVQDZAJECQYZWQRNG3Q,B07ZQRX7FX,5.0,"Smells amazing, gentle and doesn't dry out your skin","This is a fantastic cleanser by Higher Education. It comes in a very nice squeeze tube that is nice and simple but has a very clean design in line with this product line. The cleanser smells fantastic very refreshing and really amazing, one of my favorites that I have.<br /><br />The cleanser does not produce a heavy lather but I don't really need that. It feels very nice on the face and cleanses gently away anything from your face. It then rinses of nice and easy and you don't have to keep going over it over and over again like some cleansers which is nice.<br /><br />When you are done your face doesn't feel like you have stripped it of all its moisture which is great. It actually still feels pretty moisturized. I still follow it up with my standard moisturizing routine but I didn't feel it was really necessary which was nice so if you forgot your face won't be hurting for it. This is a fantastic cleanser that feels great on the skin and smells amazing, everything I look for in a daily moisturizer especially since it didn't strip my face of its moisture.",1595077755650,False,0
AEZP6Z2C5AVQDZAJECQYZWQRNG3Q,B071LLTN9H,5.0,Very nice liquid eye liner,I really like this eye liner. It is not too expensive. It is a nice liquid eye liner that has a nice fine tip. It is easy to use and applies nice and evenly. You could get a wing done with this one without trouble if you have a steady hand because the tip is nice and fine.<br /><br />I have had no issue with smudging with this one which is nice. It is a very nice dark ebony color that looks great. I have gotten some compliments when I have used this because it just makes your eyes look great. It is easy to remove so no problems there.,1594393576680,False,0
AEZP6Z2C5AVQDZAJECQYZWQRNG3Q,B07ZS3DKL5,5.0,Love this one!,"Oh my, now this is a very nice moisturizer by Higher Education. Even though I am not a fan of skin products coming in jars, this jar is just plain beautiful. This gold digger moisturizer smells amazing and I can't really figure out what it is, but it is the mix of cucumber and melon which is always a winning combination. It contains collagen and hyaluronic acid which are fantastic ingredients for your skin.<br /><br />The cream is very lightweight and absorbs quickly into your skin. It leaves no residue behind, just soft and smooth skin that looks and feels great. You don't need a lot of this moisturizers so this jar should last you a good while. So even though it is not the cheapest cream around you still get your money's worth. I like this one, quite a bit and can only recommend it.",1593574484102,False,0
AEZP6Z2C5AVQDZAJECQYZWQRNG3Q,B07NZ4F82C,5.0,Very nice mattes and lots of beautiful shimmers/glitters,This is a nice little eye shadow palette that contains 16 eye shadows. The palette is actually pretty small but I have yet to use up a palette to be honest so this one will still take a while. You get 5 very nice mattes that are very pigmented and blend out nicely. With those you can create very nice base looks. Then you can use the 11 different shimmers to change the looks as you please. Anything from creamy lights to golds to purples. There is a very wide variety that allows you to really change up the look.<br /><br />I made some looks without eye primers and the look lasted all day without any issue. So for paying less than $10 this palette is well worth it in my eyes.,1593265593764,False,0
AEZP6Z2C5AVQDZAJECQYZWQRNG3Q,B07VSZYKCH,5.0,Fantastic oil but just not too crazy about that strong essential oil scent,"I am so torn about this oil. It comes in a glass dropper bottle like most oils come, mostly to protect the oil. Make sure you mix it well since the gold settles on the bottom of it, yes it has actual gold flecks in it. Besides the actual 24k gold it has all natural ingredients making this an actual edible oil. You can use this on its own or mix it with your moisturizer or foundation if you want.<br /><br />So this is a high quality product and worth every penny in my eyes. When you use it you will notice the strong essential oil scent and this is why I am torn. It is just a bi too almost medicinal to me. It is a scent that in my eyes should be in a massage parlor in the essential oil diffuser healing you of something. So for me it was just rather strong but thankfully it does not longer on your face too long.<br /><br />The oil is not too thick and absorbs into your skin pretty quickly. It leaves a slight oily residue on your face and I don't fault it for that since it is an oil. However, if you give it about 10 minutes or so, that oily residue disappears and you feel just soft and smooth skin. Absolutely amazing in my eyes. I love how my face felt when I used that to be honest and was a bit shocked.<br /><br />So I love how it makes my face feel and look, I just need to get over the scent but since you really don't smell it on your face for long I think I can handle it.",1592700605667,False,1
AEZP6Z2C5AVQDZAJECQYZWQRNG3Q,B07W397QG4,4.0,Leaves your skin a bit sticky and not huge on the scent but works,"The Iryasa Face Cream comes in a little jar, which is not my favorite container since you obviously dip into it all the time. So I tend to wash my hands before I do that so I don't introduce dirt and such into it because that can shorten the life span of these products.<br /><br />The cream itself is actually a little heavy which was surprising since it looked light and airy. It has some nice natural ingredients in it which is great. I wasn't too crazy about the smell of it though but that is because it used Geranium essential oil, which is probably one of my least favorite but I was hoping that the lemon would help cover it but it still powered through a lot.<br /><br />The cream absorbs fairly quickly into your skin and but leaves a sticky residue on your skin that doesn't seem to fade for quite some time. Thankfully by using this at night you won't know since you add this last thing before you go to bed and then just fall asleep. It does add moisture to your skin so in the morning your skin does feel pretty nice.",1592146223099,False,1
AEZP6Z2C5AVQDZAJECQYZWQRNG3Q,B07VQR3W3Z,5.0,Perfect to dress up longer hair,"This is a nice set of scrunchies. You get quite a variety of different scrunchies in this. You get some simple ring scrunchies I guess they call them that are my personal favorite, mostly because the colors are absolutely amazing in this trio. Then you get a trio of bunny ear style scrunchies that is also very cute and decorative and lastly a trio of scarf scrunchies that is very decorative as well.<br /><br />In addition you get 7 hair pins to dress up your hair that are very cute. I still have to learn how to use this the right way and make them work in my hair. I have finer hair so these tend to slide out but I know there is a trick to make them stay in place. This is definitely a cute set that is worth getting to dress up your hair.",1586525869655,False,0
AEZP6Z2C5AVQDZAJECQYZWQRNG3Q,B07CCN9JPX,4.0,Nice moisturizing sheet mask that smells nice,"This is an pretty nice face sheet mask in my opinion. In the pack you get 4 masks for about $15, so almost $4 per mask, not the cheapest but also not the most expensive I have used to date.<br /><br />The masks are very easy to use. They come individually wrapped and are folded nicely. The material of these is not the softest I have used but they work. They smell REALLY nice however, a nice gentle floral with some other tones mixed in, very nice. You use these for about 15 to 20 minutes or so and gently rub the remainder of the mask into your skin.<br /><br />When I was done my skin felt pretty soft over. This mask is nice but it is not my favorite. My skin also had a nice residual scent left from the mask which I did enjoy. I would have expected a little better for the price since I have used cheaper masks that were nicer. All in all these are pretty nice though.",1586436789328,False,0
AEZP6Z2C5AVQDZAJECQYZWQRNG3Q,B0814YYV4X,2.0,Not a fan of this soap,"Sadly I do not care for this True-Aloe cleansing bar. It is a fairly large soap bar I give it that, however I don't care for how it smells at all. The scent of this soap bar is actually sort of off putting to be honest, which is odd considering the ingredients that it has. Also it is kind of weird that it has these weird little bumbs in it, not sure what they are. My skin felt pretty dry when I used it as well so all in all I am not a fan of this.",1585416985180,False,0
AEZP6Z2C5AVQDZAJECQYZWQRNG3Q,B084D86YL8,4.0,Very nice moisturizer,"I like this moisturizer from MD Complete. It comes in a very nice little pump dispenser that allows you to dispense the small quantities you need from this product.<br /><br />The product smells very nicely of citrus and is very lightweight. This moisturizer absorbs quickly into your skin and feels just fantastic. I really feel like it does a fantastic job in the department of moisturizing your skin. Your skin looks and feels fantastic when you use this product, well at least mine does. I have had no negative reactions when I use this moisturizer.<br /><br />It is reasonably priced and works well in my opinion. Personally I can recommend this.",1585058980078,False,0
AEZP6Z2C5AVQDZAJECQYZWQRNG3Q,B083TLNBJJ,3.0,Serum leaves your face pretty tacky but is scentless for those looking for one,"This Vitamin Brightening Ampoule by BE PLAIN is just ok in my eyes. It is pretty much scentless so that is boring but it does come in a beautiful frosted little dropper bottle. The serum is however just ok.<br /><br />The serum is fairly lightweight and absorbs quickly into your skin. The downside with it however is it leaves your skin tacky and that feeling fades but never really fully goes away. There is always a bit of that tacky residue on your skin. I did not notice any significant brightening effects either so it did not come through on that promise either.<br /><br />All in all this is just ok to be honest. I didn't really like how my face felt and it didn't really brighten it either. It does have some ingredients that are good for my face so at least it does some good things for my face even if I don't necessarily like how it feels when it is on, but you can always put another moisturizer on.",1584971784304,False,0
AEZP6Z2C5AVQDZAJECQYZWQRNG3Q,B07PCSRSND,5.0,Haev seen some improvement with eyelashes and eyebrows,"This is a nice, inexpensive conditioner for your eyelashes and eyebrows. It is very gentle and you can comfortable use it around the eyes. I have had no negative reactions not even teary eyes at any time. This product is very easy to use which is good. So far I noticed a mild increase in regards to eye lashes and my eye brows do look a little fuller. Considering the price point of this product I think it is worth the investment to see if it works for you as well.",1584828792482,False,0
AEZP6Z2C5AVQDZAJECQYZWQRNG3Q,B07SJ98G6Z,3.0,Not a bad set but also not fantastic,"In this set you get a keratin shampoo and keratin conditioner. Both of them are sulfate free which is great, however when I read the ingredients it turns out that the shampoo actually has silicone in it, not a fan of that. Thankfully the conditioner does not seem to have any in it.<br /><br />So the shampoo is not bad. The scent is decent, nothing spectacular though just ok in my eyes. It produces a nice lather that rinses out easily. What I do not like is the fact that it has silicone in it.<br /><br />The conditioner in my eyes is much nicer. The big problem is, the pump dispenser does not work. The conditioner is just too thick and can not be pumped up for some reason. So the suggestion of another reviewer to switch the lids is not a bad one. The conditioner smells much nicer than the shampoo and produces a very nice soft feel on your hair while still wet. It also rinses out nicely.<br /><br />When your hair is dry it does look and feel very nice. So in combination your hair does look nice when you use this combination, just not sure I am a huge fan of the shampoo in this set. All in all this gets a 3 star for me since the conditioner is pretty good, the shampoo is just below average in my eyes. As a set it may be just a tad overpriced though.",1584806666066,False,0
AEZP6Z2C5AVQDZAJECQYZWQRNG3Q,B07T92WSTX,3.0,Ok shampoo but no thickening of my hair,"This shampoo is just middle of the road for me. It comes in a bottle that has a little dispense opening on the top, personally I prefer pump dispensers that just make things a lot easier. The bottle itself is actually a bit small, thought it would be bigger especially for the $20 price tag.<br /><br />The smell of it was not bad but also not great. It produced a nice light lather that did a good job cleaning my hair I would say. It didn't feel like it was drying out my hair or anything. I can't say that I noticed any significant improvement on the appearance of my hair in regards of anti thinning. To me it was just a regular shampoo to be honest and for that it was overpriced and the scent not up to par.",1584636803950,False,0
AEZP6Z2C5AVQDZAJECQYZWQRNG3Q,B07T81T74H,3.0,Not a bad shampoo but did not notice any thickening of my hair,"This shampoo is just middle of the road for me. It comes in a bottle that has a little dispense opening on the top, personally I prefer pump dispensers that just make things a lot easier. The bottle itself is actually a bit small, thought it would be bigger especially for the $20 price tag.<br /><br />The smell of it was not bad but also not great. It produced a nice light lather that did a good job cleaning my hair I would say. It didn't feel like it was drying out my hair or anything. I can't say that I noticed any significant improvement on the appearance of my hair in regards of anti thinning. To me it was just a regular shampoo to be honest and for that it was overpriced and the scent not up to par.",1584636755894,False,0
AEZP6Z2C5AVQDZAJECQYZWQRNG3Q,B0832Z7KFJ,5.0,It works quite nicely but is this really a bit issue? Who knew,"This hair finishing stick works quite well. It comes in a similar tube as your eye mascara does and also has a similar wand to it. The gel is clear and very lightweight. It feels almost like water when you have it on your hair really. It is not sticky or greasy really.<br /><br />I was surprised that it works quite well and the staying power is pretty good as well. It is fairly cheap to so not a big investment there and definitely reasonable. I am not sure how big of an issue it really is though to get something like it. I guess if you are going to a big event and you want everything to be just perfect this is a product for it, but on a day to day basis I wouldn't really bother with it. But it works and it is pretty much scentless, so no issues there at all.",1584192758468,False,0
AEZP6Z2C5AVQDZAJECQYZWQRNG3Q,B0849YFB92,5.0,Very nice but a little bit more expensive then others,"I have pretty long hair and most people with long hair know the issue with split ends. The last time I was at the hair dresser I mentioned that and the hair dresser stated that the best scrunchie are these little spiral hair ties that are popping up recently. They supposedly don't cause split ends and hair breakage. I figured why not give them a shot.<br /><br />These hair ties will not get soaked if you go for a swim, obviously, which is great. I did notice however that when you just pull it out of your hair you will end up pulling out some hair. I suggest you pull it out gently, preferably by either untangling it once first or by holding your pony tail at the base firmly and then pulling it out.<br /><br />These spirals are fairly large and I like these a lot. They are blue but with a tie dye kind of effect in them, super cute. After using them for a while they can stretch out a bit, but fear not, you can just put them in warm/hot water and they shrink right back to what they used to be and your have your spiral hair tie back. Or if you just don't use them for a bit they will shrink back on their own. In this pack you only get 3 for $10 so these are bit more on the expensive side to some others I have seen and gotten.",1584023431001,False,0
AEZP6Z2C5AVQDZAJECQYZWQRNG3Q,B0046BPTI2,2.0,"Can't say I am a fan, overpriced and not very moisturizing","This is an ok face day lotion. It comes in a beautiful pump dispenser however which I personally prefer. It does have some nice ingredients like shea butter and hyaluronic acid.<br /><br />Where it lacks is its scent. It doesn't have a scent that is worth writing home about. I didn't care for it at all and thankfully it doesn't linger on your skin either.<br /><br />When you use this moisturizer it is pretty light but is sticky on your skin when you use it. It does absorb fairly quickly though. My skin just felt ok when I used this. It didn't feel super soft or anything nor did it look anything spectacular. This to me was just a middle of the road kind of moisturizer. Now considering all this and the cost of $63, I just can't recommend this product. I think it is overpriced and for what you get I am just not a fan at all.",1583678629264,False,0
AEZP6Z2C5AVQDZAJECQYZWQRNG3Q,B0833F2HHN,5.0,Work as promised,"These reusable makeup remover pads environmentally friendly since you can wash them and reuse them which I prefer, which is awesome. Plus they are just so much nicer on your skin. It comes with 16 bamboo/cotton pads and 5x bamboo/cotton/charcoal pads. These are super soft and for sensitive areas. You also get a little mesh pouch where you can store these pads in and also wash them in the washer. This way you won't loose them. It seems they really thought of everything you could possible need! I have been looking for something like these for some time and this is the perfect set. I wish they would have just made all in darker colors so they don't show the makeup stains at all but it is ok the way it is and I can work with it. Fantastic buy of a high quality product!",1583499904241,False,0
AEZP6Z2C5AVQDZAJECQYZWQRNG3Q,B06XBS6MHQ,3.0,"Just ok in my eyes, did dry out my skin somewhat","This is a gentle facial cleanser that works very well. It doesn't have a pleasant scent I enjoy but it is not horrible. My skin did feel a bit dry after I used this though and I would have wished it would be more hydrating as they promised. I had to follow it up with a nice moisturizer to make sure my skin didn't dry out too much when I use this cleanser. In my eyes this cleanser is just ok. I was a bit disappointed by the entire line to be honest. It is a bit on the more expensive side with all their products being at least $34 and up. Some of them are on the even more expensive side in my eyes for what you get. They do tend to fall short on the fragrance side across the board.<br /><br />This line is just not for me and did not perform well for me overall. This cleanser did not hydrate but it did cleanse well and was gentle, so at least it performed along those lines. So for that I gave it a 3 star rating.",1583496960605,False,0
AEZP6Z2C5AVQDZAJECQYZWQRNG3Q,B07RM722DH,4.0,Very nice mascara but a little bit overpriced,"This is a very nice mascara. It does come however in a cheaper looking container I think, at least to me the cartoonish container looks cheaper. I didn't think it really added that much volume to my lashes as much as it actually lengthened them which is fine. It added a good amount of length to be honest and did add a little bit of volume though. I do believe you can build this up to more thickness but then you would get that spidery look that I do not care for.<br /><br />The wand is a nice thin wand that helps not making a mess all over. The bristles are shorter and make it very easy to use. The mascara is smudge proof. I had it on for a solid 16 hours and it did not budge until I used a makeup remover and it came off very easy at that point.<br /><br />This is a nice mascara and it will cost you $18. I have some others that perform similarly that are cheaper than this one though so it is a bit overpriced in my eyes.",1583326586217,False,0
AEZP6Z2C5AVQDZAJECQYZWQRNG3Q,B082VKPJV5,4.0,Help those poor abused hands,"This is a very nice hand care bundle for very hands on people. First you get a very nice hand cleaner that contains activated charcoal. This detoxes and cleans very nicely of the toughest dirt, eliminating strong odor but doesn't damage your hands like some strong cleaners might do.<br /><br />Next you get a moisturizing and healing cream. This is great for those who have done some damage to their hands in some physical hand jobs where they hand up with dry and cracked hands. This gives back some moisture and heals those hands.<br /><br />Last but not least is a nice protect and moisturizer. This adds a nice barrier to your hands but also adds much needed hydration to much abused hands that are dry, cracked and scaly. When you have this on your hands it is much easy to wash and wipe away stubborn dirt.<br /><br />This is a nice little set that can also be gifted, especially for people who work with their hands like mechanics or wood workers but many others. This works really well and will help restore some of those much abused hands.",1583068556518,False,0
AEZP6Z2C5AVQDZAJECQYZWQRNG3Q,B0844X21MJ,3.0,"I don't like menthol, but if you do this is not bad","I really wanted to like this but I am just not a fan. It has a very strong menthol scent to it that I just am not big on. I am very sensitive to menthol smells and can't stand it. This one is very strong and overpowering.<br /><br />It does have a refreshing feel to it but the smell of menthol just overpowers everything. My skin was soft when I used it and did not dry out so that is great. So for those who like menthol this is great, but for me this just doesn't work.",1583003727078,False,0
AEZP6Z2C5AVQDZAJECQYZWQRNG3Q,B07D6KYSJH,5.0,Bargain face mask that feels great,"This is a very nice face mask. It is very easy to use, basically a sheet mask that you put over your face and let sit for about 15 to 20 minutes. So just have a good show on tv or a book handy to read.<br /><br />This mask smells beautifully of roses. It feeds your skin it feels like with the serum it contains and leaves your skin soft and healthy. Your face will look and feel great. This is a nice little treat for yourself. You will get 10 masks in this pack which is actually a really nice deal.",1582939447501,False,0
AEZP6Z2C5AVQDZAJECQYZWQRNG3Q,B07VGBBNTH,5.0,Beautifully scent duo that performs nicely,"This is now the third product from Taya I have tried out, and I have to say this line does not dissappoint. This is probably the most fancy dispenser I have had to date and the most fancy looking bottle. The shampoo is this super creamy, beautiful creamy shampoo. It does not produce a massive lather but to cleanse your hair that is not necessary. You will also notice the incredible smell it has. The conditioner smells the same. I have a body spray that it reminds me off and it is just incredible.<br /><br />This set is a bit on the more expensive side but my hair does look, feel and smell amazing when I use it, so I use this on my splurge and pamper days. They do make some claims for anti breakage and some ingredients that supposedly help with that. I can't really confirm those claims but I do really like this set a lot. It also comes in this unique bottle with an interesting dispensing mechanism and unlike some I had no issues with it whatsoever.",1582257771798,False,0
AEZP6Z2C5AVQDZAJECQYZWQRNG3Q,B081RBRCMJ,5.0,Very nice moisturizine cream,"This hydrating cream by Sustainable Youth is one of their better products in my eyes. It is a pretty heavy cream but it does absorb fairly quickly and fully into your skin. It smells heavily of citrus, so finally one of their products actually smells good. Most of their products I have tried to date either don't have a scent or smell kind of bad. Considering how expensive they are in general that is just not acceptable in my eyes. Thankfully this one actually smells pretty good since it is also pretty expensive.<br /><br />This heavier cream actually leaves behind very soft skin that looks good. I liked how my skin felt. The scent of it does dissipate fairly quickly though but that is ok. All in all this is probably my favorite product in their line. Would I repurchase, probably not because their are products out there as good and better for a similar price or cheaper. But from this line this is their best product in my opinion.",1581866733406,False,0
AEZP6Z2C5AVQDZAJECQYZWQRNG3Q,B081J2ZT7J,5.0,The bag is gorgeous but don't bother with the brushes,"This is a very cute makeup bag. The coloring of it is just gorgeous and the main reason I got it really. The material is super soft. It comes with a hand strap that allows you to quickly grab it. On the inside it has a mash pocket on the side that allows you to keep smaller items secured. It is a pretty decent size that allows you to bring all your makeup on your travels.<br /><br />It came with some beauty blenders that are pretty good. The makeup brushes that came with it however are just plain cheap and in my opinion crap. You can make them work but I personally don't care for them and have better ones, so there is just no time I will really use them. Plus the weird handle they have really doesn't make them very user friendly either. These are just a waste in my eyes and not sure why they even bothered with them.<br /><br />The bag itself however is gorgeous and a win. I actually had a tough time deciding which color to get because they are all so cute!",1581732680450,False,0
AEZP6Z2C5AVQDZAJECQYZWQRNG3Q,B07X8W7GJZ,5.0,Sturdy and easy to assemble,"This is a nice makeup holder with some ""bling"". Apparently I have accumulated too many products over the last few months and was in need of additional storage. This one is similar to another one I have. Just like with other ones with a lazy Susan the shelves are adjustable which is great since you have products of different size. On the top it has different sections so you can put some items like small bottles, eye liners, brushes, mascara and so on in there to keep those organized as well, which my other two lazy Susan organizers do not have, so this is kind of neat in my eyes. All my organizers are just a tad different so I keep them for different purposes, this one is great for lotions, dropper bottles and mascaras and such. It is very sturdy and a great addition to keep my things organized.",1581724386204,False,0
AEZP6Z2C5AVQDZAJECQYZWQRNG3Q,B07SW7D6ZR,5.0,Perfectly moisturized skin that smells heavenly of coconut,"Now this is a body lotion I can only recommend. It is in very classy blue bottle and packed with some very good ingredients like almond oil, Vitamin C, E and K, and Kale, and you will feel that.<br /><br />First when you use it, you will notice this heavenly smell of coconut! I love coconut so when a lotion smells of coconut and makes me smell of it, well I am 100% in favor of it. But it gets better. Once you use this on your skin, it leaves you with super soft, beautiful looking skin that smells of coconut. You don't need a lot of this lotion and it quickly and fully absorbs into your skin.<br /><br />This for me is a perfect body lotion.",1581119592888,False,0
AEZP6Z2C5AVQDZAJECQYZWQRNG3Q,B083G2PVX3,5.0,Gives you BEAUTIFUL eyelashes and is smudge proof!,"Now this is quite the mascara. First of it comes in this beautiful container, full of bling, so this is for the girly girl of girls. I have to say I was a bit oh my when I saw that since I am not your girly girl. BUT when I used this I was rather impressed. I didn't think it really thickened my lashes as much as it actually lengthened them which is fine. I didn't apply a ton since I used it during the day and not for a night out in town. It added a good amount of length to be honest and it didn't look fake, it was a ""wet eyelashes"" kind of look that I really liked. I do believe you can build this up to more thickness.<br /><br />The wand is a nice thin wand that helps not making a mess all over. The bristles are shorter and make it very easy to use. The mascara is waterproof and definitely smudge proof. I had it on for a solid 16 hours and it did not budge until I used a makeup remover and it came off very easy at that point.<br /><br />I was very impressed with this and can only recommend this.",1580827908784,False,0
AEZP6Z2C5AVQDZAJECQYZWQRNG3Q,B07YYW1913,5.0,Love this one!,This is a fantastic wig! I love the length on this and how the hair curls in on the front. The hair is just plain beautiful. The red color is a beautiful burgundy color which I am a huge fan of. This a great find for anyone looking for a great wig! The hair is nice and soft and just falls like a beautiful little waterfall in the front. I love how it frames my face when I wear this. The ombre effect on it is done to perfection! Fantastic find.,1580320082693,False,0
AEZP6Z2C5AVQDZAJECQYZWQRNG3Q,B07NPWK167,3.0,Just ok in my book,"This goat milk cleanser is very gentle. It almost felt like a lotion when I used it. So the description that it does NOT lather is 100% accurate. I was a bit confused by that to be honest so yes read the description. It works very well that is true. It was almost completely without scent, it may have had some very mild scent but I couldn't describe what it smelled like.<br /><br />To me it was weird to wash your face with something that felt more like a lotion than anything else. So this only gets an ok since it wasn't outstanding in any category really. I had no negative reactions to it and it is super gentle but that is about it.",1579807307028,False,0
AEZP6Z2C5AVQDZAJECQYZWQRNG3Q,B07SD7GP25,5.0,Great brushes!,"These wooden brushes are just plain fantastic. The bristles are nice and stiff but not too stiff to hurt you. Stiff enough however to stimulate to provide a good scrub, wet or dry for that matter. You get 2 brushes in this set and one handle that you can put on either brush.<br />One is a nice round brush with nylon bristles that are good for scrubbing your feet that cleanses, softens and smooths the skin. The second brush is an oval brush that just has the stiff boar bristles that helps to exfoliate and smooths the skin.<br /><br />Using these brushes dry helps cleanse your skin but also stimulates your lymphatic system. It promotes blood circulation, helps excrete toxins and relaxes your muscles. Plus it just feels great! You can switch the handle between these two brushes for the one you need it for which is convenient in my eyes. I really like using these and they are just good for you and feel fantastic.",1579711950718,False,0
AEZP6Z2C5AVQDZAJECQYZWQRNG3Q,B07K8WFJLH,2.0,Overprized and missing brush cleaner,"This is a decent makeup brush set. Would I pay $40 for this, NEVER. First the bag is very nice. The 4 brushes that come with it are also very nice, but are they basically worth $10 a brush, no. For that kind of money you are better of buying a Sigma brush. I was also supposed to get a makeup brush cleaner in this, but that was missing.<br /><br />In this set you get a powder brush that was nice and fluffy and worked well. You also get a foundation brush that was also very nice. The flat cream concealer brush worked well and you also get a concealer detail brush that again worked really well. None of these are outstanding and any better than you can find in the beginner sets you can get for like $10 to $20 depending on the set size. So getting the bag and supposed brush cleaner that I did not get does not warrent the $40 in my eyes.",1579535031290,False,0
AEZP6Z2C5AVQDZAJECQYZWQRNG3Q,B07Q4B545P,3.0,Just ok in my book,This is a nice little concealer. I used it on some scars as well as skin blemishes and it worked alright for the most part. It was true to skin color. It covered the skin blemishes beautifully but not the scars. I had no issues blending it as long as you blend it right away and it look good after you were done. I would not use it as an eye shadow primer however because of its properties.,1579532884789,False,0
AEZP6Z2C5AVQDZAJECQYZWQRNG3Q,B07YDLYYP3,3.0,Beautiful but pricey,"This is a very nice, well made scrunchie, but what I do not understand is, why one scrunchie is $17? I have gotten a 52 pack for $8 before and they are all very nice scrunchies. Yes I understand that the silk does not damage the hair and therefore doesn't cause split ends, but at this price it better blow dry my hair for me while I am still sleeping.<br /><br />It is beautiful, the color is a very nice deep emerald green, it is very well made, the silk has no pulled threads or anything, but I don't think I would be willing to spend that kind of money on just one. If this was a 5 pack or so I would be ok with it even for silk.",1575470785705,False,0
AFXF3EGQTQDXMRLDWFU7UBFQZB7Q,B0B8F6MWFJ,3.0,This fragrance is neither offensive nor enticing; it is very subtle & lasts a few hours,I wish I loved this. This is a nicely packaged perfume in an attractive bottle with a gold-colored tassel hanging from the side. The scent is neither offensive nor enticing. I can't even describe what it smells like. It is so very subtle but it lasts a few hours.<br /><br />The current price of $44.99 ($49.99 minus $5) is competitively priced for perfume like this but it is not one I would order again as I have to really love it to pay that much.,1666268588427,False,1
AFXF3EGQTQDXMRLDWFU7UBFQZB7Q,B09ZKWV5MK,4.0,Typical thin and slinky silk scrunchies,"There are six silk scrunchies in this package in different basic colors. They are thin and slinky and are typical of what I expect of silk holders.<br /><br />These hold my hair well but as is expected of silk, can easily slide out. These are best on long hair because the potential to slide off is not as great. I personally prefer velvet scrunchies to these silk ones because they are ""beefier"" looking. However, for those who want the elegance of silk, then this delivers.<br /><br />The current price of $20.79 ($25.99 minus 20%) comes to $3.47 per band which is competitively priced for 100% Mulberry silk items like these.",1654314287951,False,1
AFXF3EGQTQDXMRLDWFU7UBFQZB7Q,B08HVRP54L,3.0,The cream is blue but goes on clear; it is very hydrating; looks like ½ a jar,"The photo on Amazon must be wrong. This cream is blue and not white. I hate colored creams. However, this goes on clear and was so super hydrating to my face, that I did not mark it down for the color. Note that the box it came in was all smashed and it was almost double the size of the jar. They could have fit almost two jars of this in the box. In addition, the cream in the jar looks half full.<br /><br />I love the results but not the packaging or the color or the jar being half full.<br /><br />The current price of $15.99 for 1.69 fluid ounces is competitive. NOTE THE SIZING (.05 fluid ounces) SPECIFIED ON AMAZON is wrong too.",1653607216628,False,1
AFXF3EGQTQDXMRLDWFU7UBFQZB7Q,B08WPXVK2P,4.0,"Thick, fragrance-free diaper cream; absorbs in about 30 seconds","The flip top cap has a tab on it that has to be pulled before dispensing this. The cream is very thick and reminds me of Elmer's glue. It is scentless and takes about 30 seconds to absorb. After that the skin is fully hydrated and protected. For the current price of $11.99, this is decent diaper rash cream.",1653519351455,False,1
AFXF3EGQTQDXMRLDWFU7UBFQZB7Q,B0B5X48DZR,3.0,Good detangling comb for the right pet; handle could be thicker; my cats hate this - 2.5 stars,"I love the tines on this long and short detangling comb.The only thing I do not like is the thin handle. I would have preferred a thick silicone handle so that I could get a better grip. The tines are strong and the spacing allows it to work very well BUT there are issues. <br /><br />I have three long-haired cats and unfortunately, my cats do no like this as it really pulls at their hair. Therefore, I have mixed feelings about this comb. On one hand, it detangles and gets out a lot of hair but on the other, my cats want to bite me when using it. I love how it works but not their response.",1650921998863,False,1
AFXF3EGQTQDXMRLDWFU7UBFQZB7Q,B08N5NDVGH,3.0,Light-weight cream that is a bit tacky to start; slightly moisturizing once absorbed; scentless,"This comes in a one gallon jug. There are two negatives to me. First, the biggest negative is that it takes work to dispense the lotion. Second, this lightweight lotion goes on tacky and takes a few minutes to absorb. Once absorbed, however, it is lightly moisturizing and it leaves my skin soft.<br /><br />This is vegan per the bottle and the lotion is scentless. My favorite lotion is [[ASIN:B09HYPWMKG Ginger Lily Farms Pure Morocco Argan Oil Butter Lotion]]. That is perfect for a massage as well. It has a fragrance and is cruelty-free but not vegan.<br /><br />This is decent but the initial tackiness I dislike. The current price of $54.99 for 128 ounces comes to $.43 per ounce, which is almost double the price of the lotion I love.",1647381362768,False,1
AFXF3EGQTQDXMRLDWFU7UBFQZB7Q,B09P144WHW,2.0,Not totally easy clean brush & tines do not pull through all the way,"I used this on my three long-haired cats and it picked up some hair. Since the surface area of the brush is small, there is not much hair that is picked up compared to other brushes. Also, I tried several of these types of brushes and this one is not as easy to clean as the others. The way this is supposed to work is to retract the bristles with the button and the hair that remains on top can be slid off. Since the tines do not retract fully on the top part of the brush, the hair does not slide off easily. Instead, I have to pick it off.<br /><br />Note that this is for long-haired pets only; I would not use this with a pet with short hair. I have three long-haired cats and even though this works some, I am not impressed for the two reasons I mentioned above. My favorite brush like this is [[ASIN:B09RH8FMMS this one]].<br /><br />The current price of $20.99 is outrageous for this as it is about $10 to $12 more than others of better or similar quality.",1647216897957,False,1
AFXF3EGQTQDXMRLDWFU7UBFQZB7Q,B092M5K59T,4.0,Beautiful compact mirror w/high-gloss shine; nice tray; okay case all w/an inspirational verse,"This is a nice set. It contains a beautiful compact mirror with regular and close-up mirrors on the inside. Both mirrors are small but functional. It is fashioned like a pocket watch. The clasp is solid and the finish is high-gloss like the interior mirror itself.<br /><br />The saying (see below) on the outside of both sides of the mirror is inspirational. It says ""Beautiful girl you can do amazing things.""<br /><br />There is also a small dish for jewelry and a very cheap make-up case all with the same inspirational verse.<br /><br />In summary, this is a nice gift set. The current price of $20.89 ($21.99 minus 5%) is competitive.",1638840554514,False,1
AFXF3EGQTQDXMRLDWFU7UBFQZB7Q,B09XX4VR4Y,5.0,These bandages have many uses; sticks to itself and not to skin or fur; not only tattoo grip tape,"These bandages have many uses. There are 16 black rolls that are individually wrapped and each roll is 5 yards apiece and 2 inches tall. These self-adhere as the bandage is wrapped around a hand, leg, arm, etc. These stick well. The stretch allows this to be used like kinesiology tape with the exception that one cannot shower with this successfully and each wrap is for one-time use.<br /><br />The entire roll does not have to be used at once as it depends on the amount needed. When used where joints open and close, such as a knee or elbow, the wrap may bunch up in the crease as expected. However, this is perfect to use as a lightweight version of a carpal tunnel brace by wrapping it around a bad wrist, hand, and thumb. It does not stick to my skin nor to a pet's fur, which is wonderful.<br /><br />This is versatile enough to wrap around the handle of a tennis racquet to get a good grip or an umbrella or cane handle. There are just so many useful possibilities besides medical reasons.<br /><br />In summary, because the wraps are two inches wide and are not designed to stick to the skin, it does have a tendency to bunch up if wrapped around a knee or elbow, so it is not perfect for everything. I feel these are great bandages to have in one's medicine cabinet. At the current price of $15.19 ($15.99 minus 5%) it comes to $.95 cents per roll which is on the high side of competitively priced. These are self-adhesive bandages rebranded as tattoo grip tape.",1634341134612,False,2
AFXF3EGQTQDXMRLDWFU7UBFQZB7Q,B09C1S6LSV,5.0,I love these dense blenders & their flat angle which is perfect for smooth applications,"This is a nice set of 10 colored blending sponges all with an angled side. I love the sponges as they are dense.<br /><br />The flat / angled side is great for smooth applications. They feel good in my hands, blend well, and feel soft against my skin. Since these are dense, they do not soak up as much foundation as others that are more airy.<br /><br />These blenders make a great gift for the make-up obsessed. These are also perfect as gifts for the Easter Basket or as a stocking stuffer. I love that the sponges do not smell. I tried other colored sponges and they smell like pencil shavings or other chemicals and these do not.<br /><br />At the current price of $8.49 ($9.99 minus 15%) these are a reasonable $.85 per sponge.",1634340599912,False,3
AFXF3EGQTQDXMRLDWFU7UBFQZB7Q,B097YYB2GV,4.0,Love the angles on this blender sponge; since it is dense liquid foundation does not absorb easily,"This is a lovely blender sponge. I love that this is dense because it does not absorb liquid foundation as some other less dense sponges I tried previously<br /><br />What attracted me to this the most are the angles.The two flat sides are great for smooth applications. The tip is great for more precision, such as around the eye. The round ends are good for blending or any large make-up application.<br /><br />This feels good to hold, blends well, and feels soft against my skin.  Also, the sponge does not smell.<br /><br />In summary, this blender makes a great gift for the make-up obsessed. The only reason I rated this 4 stars instead of 5 is because of the price. The current price of $7.50 is on the pricey side. I tried other blenders of this quality that sell for less than half this price when purchased in a pack of three or more. For instance this [[ASIN:B08QCJ3DF7 set]] currently sells for $2.50 per sponge as there are 4 sponges for $9.99. Even though all the angles are not in one sponge, the functionality is still there and they are dense, which I like.",1633643242306,False,1
AFXF3EGQTQDXMRLDWFU7UBFQZB7Q,B095CG2ZV1,3.0,Cute MOM gift but not as fragrant or impressive as I expected,"[[VIDEOID:f77804a8088c40dfbef6fdcfacf8b15a]] There are three individually wrapped bath bombs in this set along with one bar of hand soap and a package of dried rose petals. In total there are five items. The bath bombs spell MOM with the heart substituting for the letter O.<br /><br />The outside packaging looks giftable but the inside is just an ordinary uninspiring throw-away box. The fragrance of the bombs and soap is hardly noticeable. It has a whisper of rose aroma and I detect no lavender at all. I did try the letter M bomb in a hand bath and it dissolved in 5 minutes in lukewarm water and a nice foam of suds lasted about 10 minutes. The results initially felt moisturizing because my hands felt a little oily after the hand bath; however, eventually I needed to moisturize my hands with lotion.<br /><br />With regard to the dried petals, one has to like something like that in their bath because it requires straining the water so that they don't go down the drain. For me, I would never use petals in a bath, so keep the recipient in mind when ordering this.<br /><br />The bar of soap is the only item that would be used by most people.<br /><br />One thing I love is that the color of the dissolved bomb did not adhere to my skin, my hand bath, or my towel. That is not always the case with bath bombs today.<br /><br />The current price of $9.74 ($12.99 minus 25%) comes to $1.95 per item which is reasonable.",1631367075148,False,1
AFXF3EGQTQDXMRLDWFU7UBFQZB7Q,B096XDXNY5,3.0,"Gorgeous, heavy, and also fragile but must be for those w/thick long hair","This is a work of art. It is absolutely gorgeous. It is also a bit heavy and it is fragile. The white flowers appear like they are made of clay. The design is lovely. However, I have short to medium-length fine curly hair and no matter what I do I cannot get this to stay. It immediately wants to fall out. I feel this is best applied by someone who is a stylist and perhaps can affix this with some pins. It is also probably best for someone who has thick long hair than someone with fine hair like me.<br /><br />I love this but am disappointed it does not work for me. Also, this can be used for any elegant occasion and not just by a bride. <br /><br />The current price of $19.99 is competitively priced for this. Note that I ordered the style called ""Silver 1."" However, what is pictured is a lot longer than what I received. Mine is more tightly compacted and half the size and there were no wires I could stretch out. I actually prefer the shorter version but the product shown really should be the one sent even though this is handmade. Therefore, my recommendation is to return the comb if you are not satisfied and if it is not close to the one pictured.",1627688833474,False,0
AFXF3EGQTQDXMRLDWFU7UBFQZB7Q,B083GCHL8R,5.0,Love the colors in this sponge set; sponge texture is dense; metal holder is great,"This is a lovely set of three sponges in Easter colors of green, pink, and lilac. It also comes with a great metal sponge holder. The sponges are dense unlike most sponges like this on the market. As a result, make-up does not soak in as easily.<br /><br />The one lilac sponge with a flat side is great for smooth applications. The typical egg-shaped (pink) and the hour-glass (green) sponges are good for blending or any large make-up application. The hour-glass one is easy to hold in the center.<br /><br />These feel good in the hands, blend reasonably well, and feel soft against my skin. These blenders make a great gift for the make-up obsessed. I love that the sponges do not smell. I tried other colored sponges and they smell like pencil shavings or other chemicals and these do not.<br /><br />The sponges themselves are similar in style to all of the others that I tried before this with the exception that the sponges are on the dense side instead of airy. To me what set of sponges to buy all comes down to the price and the angles one wants on the sponges as well as whether it is for gifting or not. The colors are important too - at least to me. These colors also make it perfect for the Easter Basket.<br /><br />At the current price of $6.99 it is a reasonable $1.75 per piece if I count the holder.",1626976613839,False,1
AFXF3EGQTQDXMRLDWFU7UBFQZB7Q,B092M1WFTR,2.0,Pretty headband but it is too slinky to stay put in my hair,I thought I would love this headband. It is gorgeous and feels great but the material it is made of is so slippery that it keeps sliding off my hair. It is only for this reason I rated this 2 stars as it is not for me.,1626477225322,False,1
AFXF3EGQTQDXMRLDWFU7UBFQZB7Q,B0919R1CYT,4.0,Very functional basic brush set; wish handles were longer; love the bristle color,"There are 9  soft non-shedding make-up brushes in this set. This is a gorgeous set that contains a brush for most uses. There is no fan, eyebrow, or lip brush, however.<br /><br />Each brush comes individually packaged. In fact it is over packaged. The bristles are velvety soft and they do not fall out, which is great. Their soft bristles feel good against my skin and work like many other brushes I tried previously. I particularly LOVE the large blush/foundation brush. I do wish the handles were a tad longer. Nevertheless, the current price of $8.99 is an super reasonable for this set as it comes to $1 per brush.<br /><br />This is a perfect set for the young teenager starting out on her make-up journey.",1624659702420,False,1
AFXF3EGQTQDXMRLDWFU7UBFQZB7Q,B09473GGM4,4.0,Wafer-thin portable soap; dissolves instantly; good lather; fragrance does not come thru on hands,"There are three packages of wafer thin sheets of soap in 80 sheets each pack. The wafers are attached in the center but pull apart easily. There is also a sliding top tin supplied that will hole 80 sheets. Be careful not to get them wet as even a drop of water causes them to dissolve. When I washed my hands with one sheet, it created a nice lather and left my hands clean. I do not feel that it was moisturizing as claimed. Also, even though there are three wonderful fragrances (lavender & aloe, bergamot & ylang ylang, and jasmine & patchouli) that smell great as a whole 80 sheets, that fragrance does not come through on the hands because the soap is too thin to leave any fragrance behind.<br /><br />The current price of $13.95 comes to $.06 cents per sheet. I consider these perfect for when using a public restroom that has water but no soap. It is also great for camping or any place where portability is paramount without carrying a full wet bar of soap in a container.",1624274497670,False,1
AFXF3EGQTQDXMRLDWFU7UBFQZB7Q,B08T5LG5FT,5.0,12 supremely soft non-shedding make-up brushes with cleaner/holder,"There are 12  supremely soft non-shedding make-up brushes in this set with a silicone brush head cleanerbrush that doubles as a mini-brush holder. This is a gorgeous set that contains a brush for most uses. There is no fan, eyebrow, or lip brush, however.<br /><br />This is an attractive brush set in matte black. Unfortunately, the color of the silicone cleaner cannot be chosen. I thought I was going to get purple to match with my purple bathroom and I received a pink one.  <br /><br />The bristles are velvety soft and they do not fall out, which is great. Their soft bristles feel fantastic against my skin and work like many other brushes I tried previously. I particularly LOVE the large blush/foundation brush. The only thing to note is that because the bristles are super soft, these brushes are more suited for powder applications than cream or liquid.<br /><br />The current price of $19.99 is reasonable for this quality set as it comes to $1.67 per brush or $1.54 per item if counting the silicone cleaner.",1623796829059,False,1
AFXF3EGQTQDXMRLDWFU7UBFQZB7Q,B08Z3THTQT,3.0,Four extra large shower caps with adjustable cinch strap; best for those with lots of hair,"There are four typical no-frills extra large shower caps (red, tan, purple, and black). They fit me but have lots of room to spare. They are waterproof as the water just runs right off the exterior. There is an elasticized strap in the cap that can be adjusted. I adjusted one of them and it looked very lopsided on my head as a result of the adjustment.<br /><br />Unfortunately, these are not my favorite caps. They are too big and the adjustment throws the elastic out of whack. The current price of $11.99 comes to $4 per cap.",1623707102432,False,2
AFXF3EGQTQDXMRLDWFU7UBFQZB7Q,B08ZVJP6D3,4.0,Beautiful clip but has loose applique that causes it to rattle,"This clip is gorgeous. If one looks at it quickly, it can easily be mistaken for a tarantula due to the black claws and sort of fuzzy looking applique.<br /><br />I have short to medium fine curly hair and my hair is long enough in the back to use this clip. It holds on to my hair well and looks great. The only negative is that a couple of the beads are loose on the applique. This not only makes noise (i.e. rattles) but creates a situation where they can accidentally be pulled off if the ""plastic"" thread holding it loosely hooks onto something.<br /><br />The current price of $11.99 is pricey for this but typical for a $1.50 clip that is all dressed up.",1623704536971,False,1
AFXF3EGQTQDXMRLDWFU7UBFQZB7Q,B08LPGZMQK,4.0,Lightweight moisturizer that mildly moisturized my body; good for the summer - 3.5 stars,"There are four individually packaged 2.53 fluid ounce tubes of moisturizer in this set. They are all the same tubes. This moisturizer is lightweight and is mildly hydrating. It absorbs quickly and is a good product to use in the summer. I also like the fresh cucumber-like aroma.  I did, however, expect this to be more hydrating than it is. It is a decent cream but not excellent.<br /><br />The current price of $15.00 comes to a reasonably priced $3.75 per tube.",1623116811042,False,1
AFXF3EGQTQDXMRLDWFU7UBFQZB7Q,B0925975B7,4.0,12 very pretty double banded headbands that fit well,"The colors and design of these 12 headbands are super attractive. They are all double banded and most have a ""knot"" in the middle that can be worn in the center of the head or at the base of the neck. I personally do not like knots in my headbands but these are versatile enough to position the knot away from the forehead  without losing the good look of the band.<br /><br />The colors are great and there is a design for almost every outfit.<br /><br />Also, the current price of $18.99  comes to a reasonable $1.58 per band. These are definitely pretty and functional and they fit well. There was only one where the material was a hair looser on one side than the other for the top part of the double band. All the others were sewn perfectly.",1622753896821,False,1
AFXF3EGQTQDXMRLDWFU7UBFQZB7Q,B0929H24R1,2.0,Smells wonderful but suds sting my eyes & bar size is a joke and $$$$$$$$$$,"This bar of facial soap smells wonderful, lathers well, and feels great using EXCEPT the suds sting my eyes. Also, the bar size is like those hotel travel bars. At the current price of $8, that is absolutely insane. I would not expect to purchase this for more than $2 a bar and that is even expensive for this tiny size. In addition to the price, the fact that it stings if one accidentally gets suds in their eye is also a negative.",1622389389771,False,2
AFXF3EGQTQDXMRLDWFU7UBFQZB7Q,B08MCDB52J,4.0,Supposedly has UVA/UVB sun filter but doesn’t list SPF; it’s lightly hydrating,I love the results of this lotion. It is creamy and not too thin or thick and absorbs easily. I applied this to my face and neck and felt lightly hydrated. It does say there is a UVA/UVB sun filter in this but it does not say what SPF it is. The only other negative is that it took me about one minute to get the product to dispense from the pump bottle on initial use only. Also note the box is four times the width of the product. <br /><br />The current price of $38.40 is pricey for this but it's from France and expected.,1622303084098,False,1
AFXF3EGQTQDXMRLDWFU7UBFQZB7Q,B08GFLMGN2,2.0,Beautiful brush but it stinks like rubber tires; YUCK; price is INSANE,"At the current price of $48, this is insanely expensive. Yes the brush is a beautiful blue, with a fantastic gloss, and looks great, feels nice in my hands, and brushes my fine short to medium curly hair well. However, the brush stinks to high heaven and reminds me of the smell of burning rubber tires. Unfortunately, I cannot use this in this condition because I am extremely sensitive to offensive odors.",1621202702614,False,1
AFXF3EGQTQDXMRLDWFU7UBFQZB7Q,B08QRSNJW9,4.0,Love the colors in this sponge set; sponge texture is light; metal holder is great,"This is a lovely set of three sponges in nice colors of  pink, burgundy, and teal. It also comes with a great metal sponge holder, a silicone brush cleaner, and some cleaning solution. The sponges are light and airy like most sponges like this on the market. <br /><br />The burgundy sponge with the flat side is great for smooth applications. The typical egg-shaped (teal) and the hour-glass (pink) sponges are good for blending or any large make-up application. The hour-glass one is easy to hold in the center.<br /><br />These feel good in the hands, blend reasonably well, and feel soft against my skin. These blenders make a great gift for the make-up obsessed. I love that the sponges do not smell. I tried other colored sponges and they smell like pencil shavings or other chemicals and these do not.<br /><br />I personally do not use a silicone sponge cleaner. I prefer to use my hands and soap and water but having the silicone cleaner with cleaning solution provided is a nice touch.<br /><br />The sponges themselves are similar in style to all of the others that I tried before this. To me what set of sponges to buy all comes down to the price and the angles one wants on the sponges as well as whether it is for gifting or not. The colors are important too--at least to me. <br /><br />The current price of $7.99 is a great deal for this.",1621138223667,False,1
AFXF3EGQTQDXMRLDWFU7UBFQZB7Q,B08YNR839W,3.0,Nice set of 7 iridescent scrunchies; material can be slippery on hair,"There are six blush-colored scrunchies and one white scrunchie. The material is a bit slick so there is a chance these will slip out of the hair. I have medium length hair in the back and they did slip out easily if I pulled on them. I do feel these are elegant and super attractive. If the bride and bridesmaids all have long hair, then these are a good option. I have no idea what these will be priced at but anything more than $10.50 (which would be 1.50 each) is too much.",1620424267961,False,1
AFXF3EGQTQDXMRLDWFU7UBFQZB7Q,B09GNXK3N1,4.0,Beautiful shower cap that fits perfectly on my head but bow doesn’t look good on me,"I love this shower cap. It is very attractive and the black and white colors just pop. I have short to medium-length fine curly hair and take a size small in a cap. This fits me perfectly and there is a little more room for more hair if I had it. This is comfortable and does keep my hair dry in the shower. Unfortunately, I hate the way the bow looks on me.<br /><br />The current price of $15.99 is on the high side of competitively priced.",1618184630323,False,0
AFXF3EGQTQDXMRLDWFU7UBFQZB7Q,B08RS762Z7,5.0,"Gorgeous, soft quality headbands that feel great on– LOVE THEM",There are two quality headbands in this set. The headbands are SUPER SOFT that I just want to feel them all day. They look great on and I love the design.<br /><br />I have short to medium-length fine curly hair and these work for me and are even better for someone with long hair. I actually put them over my ears so that they stay put. I have to do that with every headband I use.<br /><br />The current price of $3.99 is a reasonable $2 per band.,1617844602299,False,0
AFXF3EGQTQDXMRLDWFU7UBFQZB7Q,B08R8JQ7NF,5.0,Large oval brush that is good for apply blush; comes w/a cinch pouch,"This is a large oval brush that comes with a cinch pouch. The handle has a good grip due to the silicone ""sleeve."" <br /><br />The bristles are soft and feel great against my face. Initially, there were just a few bristles that fell out but that seems to have stabilized. I use brushes like these to apply blush. The brush head is quite large and usable only for larger jobs.<br /><br />The current price of $4.99 is excellent for this in my opinion and one of the reasons I rated this 5 stars instead of 4 stars.",1617487527934,False,0
AFXF3EGQTQDXMRLDWFU7UBFQZB7Q,B08NGXBJ4X,3.0,Roll-on fragrances are strong; comes with carry case that will hold six oils,"This set of two roll-on fragrances comes with a PU leather carry case that will hold up to six roll-on fragrances or essential oils. The lemongrass smells as it should and the protector blend smells spicy. Both of the fragrances are strong. The current price of $19.99 ($24.99 minus $5) is competitively priced for this set. Unfortunately, these scents are way too strong for me.",1616718655307,False,1
AFXF3EGQTQDXMRLDWFU7UBFQZB7Q,B0881WZVM5,2.0,Pale orange color turns to light pink w/body heat but this is like expensive lip balm,"I ordered the orange color. It is very pale and looks attractive in the tube. However, once worn it changed to a light pink on my lips. The moisturizing effects lasted a couple of hours but I personally did not like the look of the resulting color on my lips. Also, at the current price of $18.98, this is very expensive lip balm. Nivea makes colored lip balm that does not change color--so one knows what color they are getting. That lip balm works just as well and is a lot cheaper than this.",1614896960702,False,0
AFXF3EGQTQDXMRLDWFU7UBFQZB7Q,B08QHP717Z,4.0,Simple headbands that loosely grip my head;wish there were more color variety,"There are 12 headbands in this set and practically all of them look a similar shade of pastel pink, purple, and yellow. Only one headband is bold with an emerald green. I would have liked a red, black, and brown in this set. However, this appears to be designed for young girls or ballerinas who would love these colors.<br /><br />I tried these on and the headbands are comfortable and do not squeeze my head. They also stay put. I have a small head so these would probably feed a youngster just fine.<br /><br />The current price of $15.99 comes to a reasonable $1.33 per headband.",1614292707452,False,0
AFXF3EGQTQDXMRLDWFU7UBFQZB7Q,B08JTNQFZY,5.0,Exceptionally well-made and beautiful pocket sized brush,"This is an exceptionally well-made and beautiful brush in a travel size. The brush and handle are small, so this brush is not as easy to grasp as one that is full sized. However, It detangles and brushes through my curls with ease. I also did not experience the typical loss of bristles I usually do with a boar bristle brush. Most animal hair brushes seem to shed for a while and then stop shedding. So far I have not had that problem.<br /><br />I actually cannot believe this is priced at $7.29 because most boar bristles brushes of this size are in the $28 to $30 range. The price, coupled with the style, finish, and functionality of this hairbrush is outstanding in my opinion.",1614036953464,False,0
AFXF3EGQTQDXMRLDWFU7UBFQZB7Q,B08HGZXLP6,5.0,"Excellent empty glass bottle set perfect for hair coloring, essential oil sprays, etc.","There are two amber glass spray bottles in this set. In addition, four black labels, one stainless steel funnel, one glass eye dropper, one white marker, and two standard black caps are included. It is important to go through all the packaging in order to find these items as I almost missed a few. Note that these are packaged exceptionally well in double bubble wrap sleeves for each bottle.<br /><br />These are perfect for hair solutions, water, window cleaner, vinegar, etc., etc., etc. The spray nozzles, with a turn of the front dial, dispense a wonderful mist spray or a fine stream just like many store bought spray products. Each bottle holds 16 ounces of liquid. The amber color of the glass helps protect light sensitive products. <br /><br />The current price of $18.98 is competitive but somewhat pricey for this set as it comes to $9.50 per bottle not counting the added incidentals.  Their [[ASIN:B08HGZXLP6 four-pack of bottles]] is about $1 cheaper per bottle.",1611360452090,False,0
AFXF3EGQTQDXMRLDWFU7UBFQZB7Q,B08HGZXLP6,5.0,"Excellent empty glass bottle set perfect for hair coloring, essential oil sprays, etc.","There are four amber glass spray bottles in this set. In addition, six black labels, one stainless steel funnel, one glass eye dropper, one white marker, and four standard black caps are included. It is important to go through all the packaging in order to find these items as I almost missed a few. Note that these are packaged exceptionally well in double bubble wrap sleeves for each bottle.<br /><br />These are perfect for hair solutions, water, window cleaner, vinegar, etc., etc., etc. The spray nozzles, with a turn of the front dial, dispense a wonderful mist spray or a fine stream just like many store bought spray products. Each bottle holds 16 ounces of liquid. The amber color of the glass helps protect light sensitive products. <br /><br />The current price of $33.99 is competitive but somewhat pricey for this set as it comes to $8.50 per bottle not counting the added incidentals. ",1611102853719,False,0
AFXF3EGQTQDXMRLDWFU7UBFQZB7Q,B08HX5J4P5,3.0,Shower caps are a bit large but they are still functional and are very attractive,"These shower caps are really attractive in the style I ordered them in. The only issue I have is that I would have preferred them to be a bit snugger. I have a small head and short to medium-length hair, so I need a smaller cap. I am still able to use this in the shower but I have to be careful it does not move around too much.<br /><br />If the elastics were snugger, I would have rated this set of three caps 5 stars.  The current price of $10.99 comes to a reasonable $3.66 each.",1611101505456,False,0
AFXF3EGQTQDXMRLDWFU7UBFQZB7Q,B08PPB3W6H,2.0,Narrow headbands that are not sturdy enough to keep the masks tight to the face,"There are six (6) velvet headbands with buttons in this set. Each headband is narrow at only 8-3/4"" wide and certainly not as wide as pictured on the Amazon site. Also, there are buttons on each side of the ear area. When I attach my mask to these buttons, my face mask is no longer tight to my face because the slinky velvet material moves and does not stay in place.<br /><br />Overall, I do not like these at all. They will suffice as headbands only and not for mask attachment. The current price of $11.99 comes to $2 per band but I do not feel they are worth that price at all.",1610417575774,False,0
AFXF3EGQTQDXMRLDWFU7UBFQZB7Q,B08KT7FCYY,2.0,"Vegetal, messy flower balls; not sure why anyone would use this for anything but tea","I thought these were bath bombs when I ordered them. However, that is not what this is at all. There are 10 tiny balls of compressed flowers wrapped in various colored foils. They can be used as a tea, which is what I use them for, or they can be put in a bath. I have no idea how anyone would use this for baking as per the Amazon title.<br /><br />Nevertheless, all but the purple and red balls have a purely vegetal scent. The purple and red smell flowery. I have used tea balls before and never cared for them but did like how most stayed together. However, these balls expand into many little flower particles that float in the water. If one were to put this in a bath, it would clog the drain unless the flower debris was scooped out with a skimmer.  I used the blue ball to brew into a tea and it was tasteless. I also had to use a strainer and remove the lid on my pot to keep the spout from clogging.<br /><br />Besides the mess and lackluster flavor, there are absolutely no brewing instructions, no information on what tea ball is what flower.  The Amazon site has a list of the flower and the balls but does not show the foil color. It is almost impossible to reconcile that list with what is in front of me.<br /><br />Shame on the vendor for not creating an insert or package label that says what is inside and which tea ball is what flower. I personally do not care for this at all and will probably throw this in the garbage.<br /><br />This is not worth it to me at any price. It is certainly not a bath bomb, I can't see how it can be used for baking, and as a tea it is tasteless and messy. There is no fragrance, so its use as a bath bomb would be for romantic or ambiance purposes only.<br /><br />At the current price of $9.88 for 10 balls it comes to almost $1 per tea ball.",1609804845102,False,2
AFXF3EGQTQDXMRLDWFU7UBFQZB7Q,B08HMLXW65,3.0,Very nice clip & hair tie set but clipswill break easily,"This is a very nice set of 6 clips, 10 hair ties, and a case. The clips are strong and do hold a generous amount of hair. I like the non-slippery feeling of the clip itself. The ties are ordinary but still functional. The reason I rated this 3 stars is because I also ordered this same set with the blue clips and tan ties. One of the clips in that order broke immediately which tells me these won't last.<br /><br />The current price of $7.19 is reasonable for this set but just be aware that the clips will break easily because the plastic is not that strong. ",1608329596770,False,0
AFXF3EGQTQDXMRLDWFU7UBFQZB7Q,B08DKK7KXV,3.0,"Tiny keychain bottles good for hand lotion, sunscreen, hand sanitizer, etc.; too $$$","There are four tiny colorful squeeze bottles in this package that are easy to fill and easy to dispense. I like that they are portable and can hang on a keychain. These can be used for hand lotion, sunscreen, hand sanitizer, etc. However, the caps do open easily so it is possible the contents will be squeezed out inside a purse if there is a lot of movement. Secondly, the current price of $12.99 is way too expensive for what this is. I would not expect this to be priced at more than $6.",1606592309440,False,0
AFXF3EGQTQDXMRLDWFU7UBFQZB7Q,B08G8B2CQH,5.0,Excellent keychain carriers; 2 spray bottles dispense fine mist; flip top ones only okay – 4.5 stars,"I am highly impressed with this set, particularly the keychain carriers. The carriers are larger than I expected and the tie-dye colors are vibrant and attractive. The pocket in the carrier stretches to accept either the spray bottle or flip top ones.<br /><br />There are six keychains with carabiners and what feels like neoprene carriers. Also included are six flip-top bottles and two pump spray bottles. The pump spray bottles dispense a fine mist depending on what I put into them (perfume, hand sanitizer, etc.). The flip-top bottles can dispense hand sanitizer, hand cream, etc. However, since they are hard, I have to hit the bottle against my hand to dispense any cream as it is not conducive to squeezing.<br /><br />Nevertheless, I can put my own travel bottle (if similarly sized) into these keychain carriers. In addition, I can put in a chapstick, nail clipper, etc.<br /><br />The current price of $9.99 is very reasonable for this set.",1606592038866,False,0
AFXF3EGQTQDXMRLDWFU7UBFQZB7Q,B087B5RJ2P,4.0,Lightweight moisturizer; absorbs rapidly; leaves skin moderately hydrated; smells lemony,"Even though this is baby lotion, I got this for me. This moisturizer is lightweight, slightly creamy, absorbs rapidly, and leaves my skin moderately hydrated. Since it is lightweight, it is a perfect summer lotion. To my senses, it has a mild lemony fragrance even though that is not listed in the ingredients. This is made of all plant-based ingredients (see photo). The current price of $16 is competitive but pricey for this 6.7 ounce tube.",1606524744605,False,0
AFXF3EGQTQDXMRLDWFU7UBFQZB7Q,B086XH7BWW,2.0,Has a spicy aroma; leaves my hair nourished and enhanced my curls (see update),"This shampoo and conditioner travel-size duo (2 ounces each bottle) has a spicy aroma that is neither pleasant nor offensive but not my favorite smell.  The shampoo produces a medium lather and cleans well. The conditioner is creamy and conditions well. When my hair dried, it had a sheen to it and was well nourished and my curls were enhanced.<br /><br />The current price of $14 for this set is expensive. If this had an intoxicating fragrance I liked and was more reasonably priced, I would have loved it. However, this is not a set I would buy at this price.<br /><br />Note that I get about four uses to this set for my short to medium hair.<br /><br />UPDATE 9/22/20 - This only lasted me three uses. However, I had such trouble getting both the remaining shampoo and conditioner (particularly the conditioner) out of the bottle. They need to change this to a squeeze tube. I actually had to fill the bottle with water several times to dislodge the remaining ingredients. Also, the conditioner makes the floor of the shower or tub very slippery (almost as if I put Pledge on a floor).  Based on this, I lowered my ranking from 4 to 2 stars.",1599882609367,False,0
AFXF3EGQTQDXMRLDWFU7UBFQZB7Q,B0895XRT9S,3.0,Kid-sized shower caps; best used to cover small serving bowls,"This single layer thin blue shower disposable shower caps are tiny. They are really for a kids head. I can barely get my hair into this. There are 120 (I did not count them) tiny blue slivers that have to be unraveled. Since they are so small,  these would work best to cover the tops of small serving bowls during a picnic to keep the flies away. These are functional but I am not impressed.",1598818621900,False,0
AFXF3EGQTQDXMRLDWFU7UBFQZB7Q,B08C72C56Z,3.0,Too big & too thick for my purpose; emery surface does not last long - 2.5 stars,"I do not care for these emery boards. There are 16 to the package and the boards are triple thickness compared to the standard personal-sized ones I am use to. However, the gritty surface on mine started to wear off after a few swipes of my nails over the board. Emery boards in general do not last long; however, the size and thickness coupled with the limited longevity makes me not like these. They do file the nails but they do not last.",1598665451686,False,0
AFXF3EGQTQDXMRLDWFU7UBFQZB7Q,B07D6KYSJH,4.0,Lightly moisturizing; has a wonderful rose fragrance; left my face silky,"Surprisingly, I really like this mask. I already tried their [[ASIN:B07VQY9ZP2 WeeklyPoint Cosmetic Saffron mask sheet]] and found it to be very messy and just okay. This one is less messy.<br /><br />There are ten individually wrapped masks in this package. The instructions are in broken English but still easy to understand. I applied this mask to my clean face -- there are holes for eyes, nose, and mouth. It was somewhat wet but not dripping wet as their other mask. I prefer less solution, so this was perfect. I let it stay on for exactly 20 minutes and then removed the mask and wiped off the excess. My face felt moisturized and silky. I reveled in the soft rose fragrance the entire time.  However, the claims that it brightens the skin and protects them from wrinkles is unfounded in my opinion. On the other hand, the rose fragrance is calming and wonderful and the moisturizing effect is silky and these are my two favorite traits of this moisturizing sheet.<br /><br /> ",1584497096251,False,0
AFXF3EGQTQDXMRLDWFU7UBFQZB7Q,B07VGBBNTH,1.0,I'm FURIOUS - shampoo bottle DOES NOT OPEN; conditioner is nice,"This comes as a set and no matter what I do, the shampoo bottle will not open. This absolutely infuriates me. I was able to open the conditioner.  I removed plastic seal on the top of both bottles and turned as specified on the bottle. I spent 10 minutes trying to open the shampoo. Unless I take a hammer and chisel to it or an exacto knife, I can't use the shampoo.<br /><br />The conditioner is nice and has a subtle fresh aroma but without the pair, this is zero stars to me when I cannot get to the product.",1581997877865,False,0
AFXF3EGQTQDXMRLDWFU7UBFQZB7Q,B081ZN3TD5,4.0,Versatile set of four combs that look and feel like plastic,"This is a nice set of combs--one wide-tooth and one sort of fine-tooth with two regularly-spaced ones. I know others mentioned that they found the combs to be sharp on the edges when combing. The one wide-tooth comb has blunted tines but the other three have pointed tines. However, those pointed tine ones were not sharp on my scalp. I have short to medium fine curly hair and these passed through my hair easily (wet or dry) and I did not feel scratched. I actually like the points massaging my scalp because on the combs I received, they were not super sharp.<br /><br />Unfortunately, I cannot tell if this set is wooden as it claims. It is possible they are wooden but because they are highly polished, they feel and look like plastic. I attend craft shows and it is possible to get a plastic feel and look to wood, so unless I broke one of the combs in half (which I am unwilling to do), I cannot tell. I still think the current price of $9.99 is reasonable even they are plastic.",1581257263753,False,0
AFXF3EGQTQDXMRLDWFU7UBFQZB7Q,B0837K9W6P,4.0,Nine cloth-covered headbands in muted 60’s type colors/styles,"These headbands remind of Woodstock and the 60's. They are headbands the flower children would wear. The colors are muted but are perfect for casual wear. The black bands (one beaded and one not) are suitable for both business and casual attire.<br /><br />These are about two inches wide and do feel relatively comfortable on. Note that the beaded bands are a bit bouffanty due to the thickness of the cloth with the extra height of the beads. Unfortunately, these are not my style. If one is in the market for this type of accessory, they are fully functional with a little bit of statement. The cloth is wrapped securely around the outer edge of the band and appears they will last a while. The current price of $16.99 is reasonable for this set.",1580949934338,False,0
AFXF3EGQTQDXMRLDWFU7UBFQZB7Q,B07LCHCD6Q,4.0,Relatively strong water flosser but reservoir is attached which makes drying it nearly impossible,"I have used various countertop water flossers in the past such as the countertop WaterPik and the [[ASIN:B07HRNGS3Q Truwell Handheld Water Flosser]].  I love the idea of a hand held irrigator and this does work to remove most stuck debris from between the teeth. What is nice about this one over the other handheld I tried, is that there is very little splash back. However, I personally do not like that the reservoir is not removable for drying.<br /><br />IN THE PACKAGE<br />- One reservoir attached to handheld flosser unit<br />- One USB cable (wall adapter NOT included)<br />- One instruction manual<br />- One standard jet nozzle<br />- One orthodontic nozzle (larger brush)<br />- One pocket nozzle (smaller brush)<br />- One tong scraping nozzle (what looks like a spoon)<br /><br />I charged the unit fully before use. The white light on the side blinks when charging and remains steady when it is fully charged. Note the charging port is hidden behind a silicone nub below the grip dots on the top of the unit. Be careful to cover the charging port with this nub when the flosser is in use.<br /><br />There is an on/off switch and a mode switch. The three water pressure modes are soft, standard, and massage can be cycled through using the mode switch prior to turning the unit on. The jet tip (or any of the other three tips) gets inserted into the top. Be careful to make sure it is seated with the notch in the groove as the first time I put it in the hole, I did not have it seated all the way. To eject, press the release button to the left side.<br /><br />The reservoir IS NOT removable. Instead water enters through the small opening on bottom through which one has to fill the unit. I do not like that the reservoir is attached as I have to drain the remaining water out of that hole and leave the door open for drying. Also, the little button through which the water enters can easily break after lots of use. I personally would prefer not to have to use that hole.<br /><br />I held my mouth almost totally closed during use and tried all three modes. I did not have splash back, which was very nice. Splash back is usually typical of almost any type of water flosser so to some extent I was surprised. This flosser does work to dislodge most debris between teeth but not everything because it is not super powerful but is powerful enough. I am also impressed that the manual is relatively well written; kudos to the manufacturer on this. Normally, I feel as if I am reading Pig Latin when I receive products from China or other countries.<br /><br />In summary, my biggest disappointment with this unit is the attached reservoir that prevents me from drying this out easily.",1556243557316,False,1
AFXF3EGQTQDXMRLDWFU7UBFQZB7Q,B07KXM94BT,5.0,"These sponges are great for blending & highlighting, particularly with creams","I purchased these type sponges before and I find them great to work with. I like to use the flat end to blend and the pointed end to highlight around the eyes or cheeks. I do find liquid foundation sink in a bit so I use these mostly with creams and some powders. Overall, these are just as good as the sponges from several other vendors I have tried in the past and these are competitively priced at the current price of $10.99 for four. I also love the four color variety.",1548208863985,False,8
AFXF3EGQTQDXMRLDWFU7UBFQZB7Q,B07DSC4X3K,4.0,Vibrant mostly shimmery colors more for women with a darker complexion,"I wish I could wear these colors but most of them are too deeply hued for my fair complexion. I tried several of the colors and many make my eyes look swollen and puffy as if I had an eye infection. If I had olive or brown skin, I think these colors would look awesome. The only colors I was able to wear in this pallet are the pearl, volcano, bronze, sunset, 24k, and ash. I absolutely love the shimmer on many of these. I like that the ""compact pallet holder"" has a magnetic closure. Eye applicators have to be purchased separately.  Despite this, I think $7.88 is a great price for this selection. The colors that I did apply stayed put all day.<br /><br />The 15 colors starting from top row left to right and working down are:<br />- copper<br />- cinnamond<br />- pearl<br />- golden<br />- bronze<br />- volcano<br />- sunset<br />- pumpkin<br />- 24k<br />- moch<br />- fleshy<br />- mermaid<br />- rose<br />- ash<br />- ginger",1545955740686,False,0
AFXF3EGQTQDXMRLDWFU7UBFQZB7Q,B07DPKZPRH,3.0,This flat iron gave me mild straightening results; plates have too much space between them,"[[VIDEOID:e487d57bdd82c5405085efb372c8fecd]]<br />This straightener is a nice metallic black and comes with a thin storage sleeve. There is a tiny instruction pamphlet included.<br /><br />The flat iron feels good in my hands. I like that the cord swivels at the base so that it does not tangle.<br /><br />This did an okay job on my hair. I have fine medium length hair and this mostly relaxed my curls so that my hair was more wavy that fully flat. I set the temperature to 300 for fine hair. I also tried 350.<br /><br />There are several things that make this iron just okay for me. First, it is weird to have the temperature controls between the flat iron blades. There is a constant temperature key and also temperature plus and minus keys, in case the constant temperature key is not set.<br /><br />The power button should be pressed to start setting the temperature and then when the LCD stops flashing, it has reached that temperature. Then the power button has to be pressed again so that the light in the middle of the plate lights up.<br /><br />The plates have some space between them and they are offset a bit from each other which is the biggest annoyance to me. I guess this is why it straightened my hair only so much. This is not a bad flat iron but it is not perfect either.",1545265199508,False,0
AFXF3EGQTQDXMRLDWFU7UBFQZB7Q,B071NBFSLY,5.0,One of best volumizing shampoos for my fine wavy hair; leaves my hair fuller and curly,I purchased the shampoo at CVS several months ago and I absolutely love it. I have fine wavy hair and this shampoo really brings out those curls. I would definitely purchase again. I have not tried their conditioner yet but will some day soon.,1525225458858,False,0
AFXF3EGQTQDXMRLDWFU7UBFQZB7Q,B01BEYRHBA,4.0,LumaRx facial cleaning brush is like a Sonicare ElectricToothbrush for the face,"After moistening my face and the brush heads with water, I tested the sensitive and normal heads with both soap and [[ASIN:B01648QDS4 L'Oreal Paris Age Perfect Facial Cream Cleanser, 5 Fluid Ounce]] and the massaging head with water alone. After a one-minute &#34;application&#34; with any one of the brushes, I love how smooth and clean this makes my face feel.<br /><br />The packages includes:<br /><br />- three brush heads (sensitive, normal, and massage) and their covers which have air vents to hasten drying<br />- one charging base with power cord<br />- one brush wand that operates at 3 speed levels<br />- one white plastic zippered travel case<br />- one instruction pamphlet<br /><br />PROS:<br /><br />- The wand contains a rechargeable battery that last for 30 uses. The first charge takes up to six hours.  It also has a 30 minute fast-charge feature that will provide 4-5 uses. By the way, I love the charging light on the base; it has a &#34;cool&#34; factor to it.<br /><br />- There's a one minute timer that has what I call a &#34;tripacer&#34; (like Sonicare's quadpacer) timer built in for each of the three zones of the face. These zones are the T zone, left side, and right side. What this means is that the unit pauses ever so slightly ever twenty seconds to let the user know when it's time to move on to the next zone so that the cleaning time can be distributed evenly among zones.<br /><br />- None of the three brushes were rough or extremely abrasive. The rotating and vibrating brush heads were as gentle as could be and I have sensitive skin.<br /><br />- The wand with brush can be used in the shower as long as it's not fully submerged in water.<br /><br />- This can be used to remove cosmetics.<br /><br />- The unit comes with a 2-year limited warranty.<br /><br />CONS:<br /><br />- Although these brushes remove make-up effectively, I personally only like to use this on the days I do not wear makeup. The reason is that the eye area has to be avoided. I use eye makeup so I wind up washing my entire face with my hands instead as it does not make sense to me to use a brush on only part of my face.<br /><br />- There are a lot of don'ts in the manual like don't submerge in water, don't use around the eyes, don't use if you are taking steroid-based medication, don't operate outdoors or where there are aerosol products or oxygen being administered, etc.<br /><br />- If used daily at no more than the maximum two times per day, the brush heads need to be replaced  every three months. The Massaging head (since it doesn't not have bristles) can be replaced every six months. This can get expensive. I contacted the company for the replacement price and they said they would let me know when it's orderable on Amazon. I will update the comments section of this review with that information when I receive it.<br /><br />- The battery on this unit is NOT replaceable as per the email from them which I posted in the comments section of this review.<br /><br />At first I questioned why would I need such a facial cleansing tool. After using this, however, I realized that I love how it makes my face feel so clean and smooth. This is not a tool I would use more than twice per week since I really hate using this to remove makeup, however, it's so gentle on my skin that I look forward to the cleansing action, mildly exfoliating properties, and the light massage it provides me all without the use of a chemical masque.",1457053429000,False,1
AEAXAJACFMXIAAH4WOHRMXPSZWFA,B09FTF6T91,4.0,Lip applicators,"[[VIDEOID:5c532f5f5d94b55721fdf6748ddcc641]] I want you to try these for two reasons, first of all because I often make my own DIY cosmetics, including lip balms and glosses. These applicators are perfect to use with those.<br />Also, have you ever found that perfect shade of lipstick that you can't live without, only to find that it's been discontinued? These applicators help get every last bit of lipstick out of a tube so that you can enjoy it longer.<br />As you can see, the colors are pretty bright. I think that these would look more upscale in more muted colors, and if that's what you're going for, I would suggest getting the other color option in these. To be honest, what I would prefer, is if they were paper or wood instead of plastic. A little more environmentally friendly.<br />Still, they're good for what they are. The doe-foot tip Is slanted, just like with your favorite tubed liquid lip products. They are fuzzy, so they hold the lip product.<br />Makeup artists, as well as their clientele, will appreciate that these can be used once and then tossed. No spreading of germs and bacteria.",1650576787877,False,1
AEAXAJACFMXIAAH4WOHRMXPSZWFA,B09NXZJV2J,5.0,Great for DIY...,"Not only are these sheets good for do-it-yourself masks, but they're fabulous at making any good serum a high-end mask.<br />What I like to do is open one of the individual packets and pull out the tablet, which is a compressed mask. And then, I take very hot water in order to get it to open up. After cleansing my face, I will load it with serum, and then put the warm mask over my face. It's easy to pat it into your skin to make it stay.<br />Lean back and relax, I generally do it for half an hour.<br />Remove the mask and gently massage the remaining serum into your face, and continue with your facial routine of moisturizer, sunscreen, whatever you use next.<br />So, whether you dip them in pineapple juice, apple cider vinegar, or whatever your DIY routine is, or you use a prepared serum from your favorite brand, these are convenient, easy to use, and relatively inexpensive.<br />I especially like the individual packaging because they stay sanitary. I can pop a couple of them in my makeup bag and always be ready to go on any adventure that requires an overnight stay.<br />Thanks for reading.",1647542575282,False,0
AEAXAJACFMXIAAH4WOHRMXPSZWFA,B09G3KBK7Y,5.0,"Very light, very pleasant","Definitely a clean fragrance that's fine for anyone.<br />To me, the scent is pettigrain, orange blossoms.<br />As you would expect, it doesn't have a lot of longevity. But after application it's quite uplifting. Not overpowering.<br />Absolutely suitable for babies and toddlers, as well as teens and moms.",1647202368573,False,1
AEAXAJACFMXIAAH4WOHRMXPSZWFA,B005AL5H9S,5.0,Vintage GLAMOUR in RED,"From pin-up girls to starlets, from old Hollywood movie queen royalty to the girls at the automat, certain red lipsticks have dominated makeup counters for decades.<br />This is one of them.<br /><br />Everything about this lipstick, except for the modern wearability, is vintage glamour. The shape of the tube and the shape of the lipstick itself harkens to another era. Perfect for making the ultimate Cupid's bow pout. It even has that slight fragrance that will remind you of vintage lipsticks.<br /><br />I normally wear red that has a little more blue in it, so was surprised that this clear red was fine for me. To me that says that it will flatter a wide range of skin tones.<br />After swiping it on my wrist and then wiping it away, it left a nice stain. If you aren't interested in that drop dead gorgeous look and want something a little more subtle, it does double duty by leaving a pinky red stain when blotted. But go for the high voltage dramatic red if you want to be noticed.<br /><br />Very comfortable lipstick, but I didn't have a problem with it bleeding. Non-drying and non-cracking. Opaque coverage with one swipe.<br />Another plus, it makes your teeth look super white.<br />I hope that this review as well as the photographs can help you to make a decision about this lipstick. It's really hard buying such things online, especially when it comes to luxury brands like this.",1644020283932,False,5
AEAXAJACFMXIAAH4WOHRMXPSZWFA,B0977LVHF8,5.0,Couldn't be easier,"The built-in brush makes this product easy to apply. If you need to put your makeup on in a hurry, this stuff is really great.<br />You can control how much comes out onto the brush and then use the brush to apply it evenly. It works as well as most primers in that it hides some of the medium, if not the large, pores.<br />Easy to tuck in your makeup bag.",1630505770660,False,0
AEAXAJACFMXIAAH4WOHRMXPSZWFA,B093319X7G,3.0,Artificial looking,"Perhaps it's just me, but I found this product to be very artificial looking. Nothing natural about it including the color.<br />Please keep in mind that it might be just the right color for you, but this didn't make my salt and pepper brows look any better.",1628263677936,False,0
AEAXAJACFMXIAAH4WOHRMXPSZWFA,B08HJ3FRDK,5.0,No More Eyes Popping Out,"It's probably happened to just about every busty woman.<br />You're wearing a top, and are justn't even particularly revealing but it might be a little loose. You bend down, and when you look up you notice somebody's eyes popping out of their head because you've showed more than a little cleavage when you bent down. Especially if you weren't wearing a bra!<br />This helps not only to keep those situations in check, but it also helps when a button is at the wrong area and creates a gap.<br />Not just for movie stars wearing super revealing fashions!",1628262915190,False,1
AEAXAJACFMXIAAH4WOHRMXPSZWFA,B0793JDW3W,5.0,BEFORE AND AFTER,"I actually hadn't intended on doing a before and after photograph, but there was such a difference after I massaged this lotion into my hands, that I wanted to show you how much of a difference it made. With just one application.<br />Now I understand why this is used at hospitals. It is amazingly effective as well as being allergen-free. Steroid free. Fragrance free. There's a little bit of a natural aroma of the ingredients but it is not offensive. It smells like just about every other fragrance-free product The big difference is that this one is way more effective than most other products of this type that I've tried. This is one that makes me wish I had given the others lower ratings. It's that good.<br />Not high priced. No splashy logos. Just an extremely effective lotion for extremely dry skin.",1627070097021,False,2
AEAXAJACFMXIAAH4WOHRMXPSZWFA,B095MX115C,4.0,Does what it's supposed to do,"Although this is a pretty cheaply made set, it actually does the job reasonably well. Not just for puppies. I have a standard poodle that has a curly coat that is cropped for the summer. It works very well on his tight curls.",1626841583389,False,0
AEAXAJACFMXIAAH4WOHRMXPSZWFA,B0963P8FGS,5.0,Beautiful color,"For some reason, it's hard to find extensions in this color. It seems that anything with a mixed gray isn't very popular, or at least not popular enough to mass produce.<br />That's a shame because it's gorgeous. Not only if you have gray hair, but if you want a really interesting contrast color.<br />Clip-ins are easy to use if you are a novice.",1626801023700,False,3
AEAXAJACFMXIAAH4WOHRMXPSZWFA,B095LCPL8F,4.0,Soft color,"This goes on dark, but doesn't deposit enough color for me. If you like just a subtle look, it's fine. I confess that I use it without rinsing it out because otherwise the color isn't enough for me.",1626800198646,False,0
AEAXAJACFMXIAAH4WOHRMXPSZWFA,B08BTSF6MZ,5.0,Nourishing Mask,"This is a Place on, Pat on mask.<br />You remove the mask and carefully place it on your face and smooth it down, and leave it on for about half an hour. While it's on it feels just delightful. It contains hyaluronic acid on a biocellulose sheet that clings to your face. It's as if you can feel all that good stuff soaking into your skin. Also contains ceramides, another skin-loving component.<br />After removal there's no need to rinse. You simply pat any remaining solution into your skin.<br />A great way to pamper yourself as well as nourish your face.",1625151296959,False,0
AEAXAJACFMXIAAH4WOHRMXPSZWFA,B08DV6T69H,5.0,Pretty natural looking,"Although I had to trim the bangs a little bit as they were too long, this is a very pretty wig that has natural gray coloring.<br />The hair itself is soft. Other than trimming the bangs, it's ready to wear right out of the package.",1624857162375,False,1
AEAXAJACFMXIAAH4WOHRMXPSZWFA,B08LPGZMQK,5.0,Lovely Little Tubes,"Packaged perfectly for gift-giving, these hand lotion tubes are not the most hydrating when it is compared to long-lasting healing creams, but the light fragrance is delightful.<br />And don't get me wrong, these will leave your hands soft and moisturized. I just found I had to reapply a few times throughout the day to get the hydration I like.",1624289267108,False,0
AEAXAJACFMXIAAH4WOHRMXPSZWFA,B08R6R1LNP,5.0,Easy Extensions,"Clip-ins are so convenient. And I find that they're one of the easiest types of extensions if you're doing it yourself, without anyone else to help you.<br />For the money, you'd be hard pressed to find better extensions. The hair is very nice, the color is stunning.<br />The clips are nice and sturdy, I expect no problems with them in the future.<br />It's important to remember to wash them carefully. Dip in water that has a little mild shampoo, and gently squeeze. Carefully lift up and place in fresh water.",1622383692661,False,0
AEAXAJACFMXIAAH4WOHRMXPSZWFA,B08BKWLHYP,4.0,A Must for Date Night,"Love the way this balm and conditioner is fragranced. If you like oud, with it's mysteriously sensual scent of woodsy incense, this is for you.<br />The jar looks uniquely elegant.<br />Although it's a solid balm, it melts easily in your hands. In shipping, it looks like it seperated a bit, right down to staining the presentation box.<br />While that might be an issue if giving as a gift, it does not affect the quality or use.<br />A little goes a long way, and that amazing scent stays on a good while.",1621795168323,False,0
AEAXAJACFMXIAAH4WOHRMXPSZWFA,B07C64FR2F,5.0,Very Gentle,"I'm so glad but finally the United States is getting access to some of the top skincare in the world that originates in Korea.<br />As the listing states, these are gentle exfoliating pads that peel away and dissolve microscopic dead skin gradually and gently. Within a week you can see brighter healthier skin that was hiding under the surface.<br />And it does it all without irritation!<br />As with any acidic facial care product, it's important to remember sunscreen if you go out.",1620745744458,False,1
AEAXAJACFMXIAAH4WOHRMXPSZWFA,B08VQY1Z1S,5.0,Effective for Fine Lines,"I like these so much that I purchased more.<br />This German skin care line is one of my favorites because of the quality of ingredients and the effectiveness of the product.<br />No irritation, even around my sensitive eyes.<br />The serum preps your skin for the next step of skin care, such as moisturizer. Your day or night cream sinks into your skin better, creating a noticeable difference in fine lines.",1619017366842,False,0
AEAXAJACFMXIAAH4WOHRMXPSZWFA,B07F2RQX2Y,5.0,Hydrating and Healing,"Harnessing the power of olive, these are wonderfully skin soothing drops. Not only do they moisturize, but they seem to heal minor irritations such as the little red spots that I get.<br />Expensive, but definitely worth it, especially on little imperfections that you wish would heal faster",1618931068448,False,0
AEAXAJACFMXIAAH4WOHRMXPSZWFA,B08RRSPNWV,5.0,100% Pure Squalane,"You can pay a pretty penny for a skin care product that has a percentage of squalane in it, but this is 100% squalane.<br />I really like that this is plant based, as opposed to being derived from sharks, after all the result is the same.<br />A few drops and parched skin is instantly soft with just a touch of  glow. Or you can mix it with any other skincare product or even a foundation, in order to make it more hydrating.<br />No fragrance whatsoever, so scent sensitive people will love this.<br />Another thing to appreciate is that the bottle and dropper are both glass.<br /><br />Bottom line:<br />On its own or as an additive in a DIY creation, this may be clear, but it's liquid gold.",1618189050817,False,0
AEAXAJACFMXIAAH4WOHRMXPSZWFA,B07D8LWWDW,5.0,But is it right for YOU???,"It really IS like a mild Botox treatment!<br />Ummm, I may or may not know that from personal experience, haha!<br />Okay, yes, I know it from personal experience.<br />As a little background, paracress has been long used as an anti-inflammatory and numbing herb, it's even called the toothache herb.<br />It also 'numbs', as in relaxes, the skin.<br />Guess what, that's exactly how Botox works.<br />While it isn't going to have nearly the same dramatic effect, I found it to be enough of the difference to where this is always going to be in my makeup/skincare bag.<br />Clinical trials using it in this way have indicated that it works on all but about 25% of the participants, so there's a chance it might not work for you. I'm thrilled to be in the percent that it did.<br />It has some of the same chemical components as Szechuan pepper, which has got to be safer than the botulism in Botox, right?<br /><br />Paracress is almost unheard of outside of Brazil. This will be our little secret!<br />For reference, I'm in my early 60s. I've always taken care of my skin and stayed out of the sun, so I probably have fewer wrinkles than most people my age, but trust me, I've got them.<br /><br />Hopefully this review will help you to make a decision about whether or not you'd like to make the rather substantial investments in this product. It's definitely a risk since it doesn't work for everyone. And I can't stress enough that it's not going to be super dramatic change. But heck, I'm excited at even small changes.<br /><br />xxoo",1616954369480,False,0
AEAXAJACFMXIAAH4WOHRMXPSZWFA,B08WF29DM9,5.0,Good for Mature Skin,"Although I'm not thrilled that this didn't have a safety seal on it, the cream itself is very good. It's a heavy cream, despite the company identifying it as being light and whipped. It looks whipped in the jar, but it is not light on the face. I don't think it would be suitable for all ages. Because of the heaviness and intense moisturizing, I believe that mature skin is going to benefit most from using this.<br />For reference, I'm in my early 60s, in a dry climate, with combination skin (T Zone) and some wrinkles as a point of concern.<br />This cream works very well with all of the above. I don't put it on my nose, of course, but when I feel like a splurge I put it on my hands because it's so moisturizing.<br />The claim that it moisturizes 24/7 is indeed true. Even in this dry area, my face feels hydrated all day when I use this cream.<br />It contains milk protein, yogurt extract, blueberry extract, rice protein, and a host of other skin-loving ingredients.<br /><br />I hope this review has helped you to make a decision about whether or not you'd like to invest in this product. It is indeed generously sized at 3.4 oz, and it has a very high quality ingredients. But like I said, it's not going to be for everyone.<br /><br />xxoo",1616524159797,False,5
AEAXAJACFMXIAAH4WOHRMXPSZWFA,B07YNH56W5,4.0,There's a Difference,"Having never used a micro-needle patch before, but often using a derm roller, I expected some discomfort, but that wasn't the case.<br />Although there was not a huge difference, there was indeed a difference.<br />When you stop using them, you will be back at square one, but there is definitely a softening of lines for about a week after the treatments.",1616169603939,False,0
AEAXAJACFMXIAAH4WOHRMXPSZWFA,B083BCSQGN,5.0,Why this is a good value...,"This is pure genius.<br />After unscrewing the top of the cap, you'll see the film that protects the batteries. After you remove it, put the top back on and separate the light unit from the jar.<br />The red LED light will be activated by pressing against your skin. Does that light actually do anything, or is it a gimmick?<br />There are a number of high-priced red light units on the market. They were first used in dermatologist offices and med spas. When they first came out, I had a red Tanda unit. This is exactly the same concept, and yes, you will have a slight difference.<br />The amount of cream gone in the jar has been for about 10 applications. I do it at night so I can relax while holding the unit at various places on my face. The red light goes on when you press slightly on the metal ring, as you can see in the photographs. As you press it to the area of your face that you want treated, slide it from the middle of your face outward, for 3 minutes. Then go to the next area. This way you get a little bit of a lymphatic massage. If you suffer with sinus headaches, this action is very good at offering some relief.<br /> The cream is very lightly fragranced with a fresh scent. It's a gel or mousse type of cream.<br />After purchasing this, you can get the cream refill.<br /><br />So much cheaper than buying an LED light device like a Tanda.",1616003965064,False,0
AEAXAJACFMXIAAH4WOHRMXPSZWFA,B08G4VWFNS,5.0,"Similar Masks, but ALL are Delightful","This brand of mask is not off the chart expensive, but it's always helpful to try things out before making the big investment.<br />What a terrific way to try the various masks that this company offers! The quad pack includes skin resurrection for rejuvenating, chillax for calming, magic mushroom for moisturizing, and glow and go for brightening.<br />Perfect for a pajama parties with a spa theme!<br />The ingredients are similar in all of them. They all contain skin-loving aloe vera as well as cucumber extract, and even manuka honey. And all of them are pleasantly scented and very refreshing to use.",1614531388474,False,0
AEAXAJACFMXIAAH4WOHRMXPSZWFA,B07W1WJZFG,5.0,"Calms Stressed, Sensitive Skin","When skin is stressed, every little thing bothers it. Too much heat, too much cold, too much wind, too much dry air.<br />Those of us with sensitive skin know exactly what stressed out skin is. We need something that will soothe, without any irritation.<br />This particular cream hit that goal for me. I used it during a rosacea flare up, to help the redness and discomfort calm down. It worked very well. Not a miracle, but it worked well.<br />If you have skin like mine, I hope it works for you.",1614196826177,False,0
AEAXAJACFMXIAAH4WOHRMXPSZWFA,B08K2NG4KX,4.0,Damaged or do it yourself? Is it cruelty free....,"Feathers can be a little controversial. Rest assured that these are cruelty free! I used to have a peacock as a pet. He shed those beautiful tail feathers every year, and even though he is long gone I still have some of his gorgeous plumes. Peacock feathers are not harvested from the animal, you simply pick them up as they are naturally shed.<br />This set arrived in a plastic bag. When I pulled the pieces out, there were three peacock feather pieces and one headband. Each feather piece has a rhinestone accent at the bottom. One is all rhinestone, one is a pearl surrounded by rhinestones, and one is a London blue stone surrounded by rhinestones.<br />Of the two larger pieces, one has an alligator clip hot glued onto the felt backing, and one has a strip of grossgrain ribbon glued to the back. Although I'm not sure, I suspect that it was at one time glued to the headband, or they leave it to the consumer to glue it to the headband. I tried to push the end of the headband through the middle of the ribbon, thinking that perhaps it could slide on, but it is glued completely, you can't slide it onto the headband.<br />The smaller piece also has an alligator type clip of the same size as the larger clipped piece. They stay beautifully in your hair and are actually comfortable.<br /><br />I wouldn't call this a glamor or fashion accessory set, it's definitely a costume set that would be great for a roaring twenties party. Each one would also be a fun addition to a hat. I wear a lot of hats and love to adorn them with scarves and feathers.<br /><br />The following is not part of my review but it is a kind of funny peacock story. naturally, when guests came over they wanted to see him with his tail spread out in beautiful peacock glory. They only open up like that when they're trying to impress someone, and he certainly was never impressed by any of my guests. At the time I also had a miniature pig. That peacock was so in love with the pig that whenever she came near him he would spread out his feathers and shake them hoping she would notice and return his love. Of course that never happened, the pig could care less. But whenever we wanted to show him off to our friends, we would walk the pig over to him and he would immediately open his tail feathers with a great flourish! My friends and I were all impressed. Maggie the pig was not.",1608754852412,False,0
AEAXAJACFMXIAAH4WOHRMXPSZWFA,B0B2L218H2,5.0,Fragrance on the Go,"I love the concept of an individual towelette, not only for convenience, but because I can go from fragrance free to smelling delicious in a heartbeat. Lunch with someone sensitive to perfume and dinner with someone who isn't.<br />That being said, I believe that this delivery system lends itself better to lighter fragrances.<br />On unwrapping the packet, you smell a dark, bitter chocolatey, red wine kind of note. Definitely unique. Usually gourmand fragrances are geared for youth, but this is all grown up and adult.<br />Too intense for warm weather, ok for fall and winter.",1608461791964,False,0
AEAXAJACFMXIAAH4WOHRMXPSZWFA,B08JGL46K5,5.0,Something doesn't have to be expensive in order to be effective,"I'm in my early 60s, with slight rosacea under my eyes and a couple of red spidery veins around my nose. My spouse is on blood thinners, and bruises easily.<br />The small amount I show on my hand is the amount I need for my rosacea and around my nose. Not very much at all. It did not happen overnight but it did calm the rosacea down, and while they have not all disappeared, the tiniest of the tiny red lines are gone. Gone!<br />This cream has also helped those pesky bruises disappear more quickly.<br /><br />The product contains all of the wonderful herbal and botanical ingredients well-known for healing skin, such as arnica Montana flower, green tea, and chamomile extracts.<br />The flip cap opens easily, just in case you have any hand difficulties and are curious about that. You need to unscrew the flip cap and remove the safety seal, then screw the cap back on. I can't say this enough, I love a product with a safety seal!<br />I even like the packaging. Various plants and flowers on a celadon background.",1608154412167,False,0
AEAXAJACFMXIAAH4WOHRMXPSZWFA,B08F4ZDVZQ,5.0,Pore Care Dupe,"It's hereditary. Just like my mother, my nose is peppered with large pores. After makeup application, foundation sinks into them making them even more obvious at times.<br />These products work similarly to that very well-known brand that started the whole anti-pore primer craze.<br />They fill in the blanks, so to speak, so that makeup goes on more smoothly.<br />It works well on my nose, and even worked decently on the one pore I nicknamed 'The Pit'.<br /><br />Cute packaging that once again is similar to that popular brand.",1607900385965,False,0
AEAXAJACFMXIAAH4WOHRMXPSZWFA,B08GKV9NV3,5.0,Eco Friendly,"These are more environmentally friendly option for facial care. They can be used for cleansing or makeup application.<br />Packaged nicely in an eco-friendly box, so would make a suitable gift. At first I wondered why they included the bag, but of course, no one wants loose sponges tumbling around your washing machine. Simply put them in the bag and when you're ready to do laundry, toss the whole kitten caboodle in the washer. I let them air dry.",1605976249956,False,0
AEAXAJACFMXIAAH4WOHRMXPSZWFA,B08DK74M1P,5.0,Nicer Than the Drugstore Ones,"These are SO much nicer than the ones in the store.<br />This company really has the size and softness of the towelettes correct.<br />A little bit larger, and they cleanse better, as opposed to simply coating your hands with an antibacterial solution.<br />No irritation or dryness.<br />The first second or so there is a slight stickiness, but when it dries, no stickiness whatsoever.",1605726392447,False,0
AEAXAJACFMXIAAH4WOHRMXPSZWFA,B00FQD0LNW,3.0,Beginner lashes,"I love eyelashes. Actually, I love anything girly.<br />These would be terrific for someone that is experimenting with lashes for the first time.<br />The band is slightly thicker than most lashes, and you get quite a few for a low price.<br /><br />Some of the included lashes had some damage. It looks like they were curled under too high of a heat, and they fizzled a bit.<br /> They wouldn't be good enough for going out, but they would be perfect for practice putting on lashes. Application can be daunting for a beginner. Expect to ruin a few pair the first time you try false eyelashes. Use the damaged ones first just to get and idea of how to put them on, and toss them.<br /><br />Disclosure: Product received at a discount in order to test and review. I have no affiliation with the manufacturer other than agreeing to test their item. All views and opinions are my own.",1462973671000,False,1
AEAXAJACFMXIAAH4WOHRMXPSZWFA,B017146858,5.0,Hefty Nozzle,"We have been using this nozzle for a few weeks, and there are no leaks.<br />That's amusing because we aren't always as careful as we should be when we are finished spraying.<br />It has hit the cement sidewalk more than a few times, without any damage at all.<br />The feature that allows it to  stay on without pressing the lever is quite handy when we top off the pool or are doing a lot of spraying. It saves your hands from getting sore. Multiple settings for water sprays.<br />Nice quality, has a nice heavy feel in your hand.<br /><br />Product received to test with the option to review. No financial compensation is EVER accepted, and vendor may request that item be returned. Views and opinions are my own.",1447950183000,False,7
AEAXAJACFMXIAAH4WOHRMXPSZWFA,B00UVZ58GA,5.0,For your Best Friend...arf arf!,"I've had a couple of versions of this style of detangling brush.<br />Do they work? YES!<br />Do they last? NO!<br /><br />Except for this one. It has outperformed the others.<br />First, a bit about these brushes. They come in a number of shapes and paddles, but are similar in that they have the same kind of plastic bristles.<br />The bristles stagger in length, and painlessly smooth knots and tangles.<br />Most of the time the bristles start to bend and then the brush is useless. After months of hard use, this one is still good as new.<br /><br />These are a favorite with parents of kids with unruly hair, because they don't hurt.<br />I like it for myself, and it's also my 'secret weapon'.<br /><br />I have 2 Maltese dogs, one is in full coat. That means long, flowing hair to the ground. Most people with a Malt in full coat need to section off the coat and roll up the hair, otherwise it gets so tangled it needs to be cut.<br />This hairbrush is a silky coated dog's best friend. Maltese, Yorkies, Afghans, Havanese...they need this brush!",1439947373000,False,1
AEAXAJACFMXIAAH4WOHRMXPSZWFA,B00N6WHTRG,5.0,Super Soft Tootsies,"Used on it's own or as an ingredient in a DIY skin preparation, rosehip seed oil is a multi-use mini-miracle.<br /><br />It can be used on the skin or hair, it even works wonders on dry, ragged cuticles.<br />Rough cracked heels and/or scaly feet? I took equal parts of this oil and emu oil, and rubbed it on my feet after dry buffing. Socks go on, and like me, you will wake up to soft, silky feet.<br /><br />Any oil can go rancid, so keep it in the fridge.<br /><br />Very pleased with the quality of this rosehip seed oil I was given to test.",1413078369000,False,1
AEAXAJACFMXIAAH4WOHRMXPSZWFA,B0085BEQX8,5.0,Spa mask to refresh and brighten,"I bought into some hype and bought a set of Gold masks. You know the ones...expensive face shaped masks that are somewhere between gummi bear and un-gelled Jello. And while using it, you look somewhere between King Tut and C-3PO, the Star Wars robot. Afterward you feel like a Ghostbuster that got slimed.<br /><br />Forget all that and relax with nourishing botanicals. The ingredients soothe and help reduce splotchies and redness.<br />Spa quality facials at home.",1384490238000,False,0
AEHWKRPNWNMOAJSMO2F6O7RFRTNA,B0BTV2K819,5.0,Sticks well,I actually like the color so I don’t mind it being on my face plus it has its benefits so it’s good anyways,1641305918195,False,0
AEHWKRPNWNMOAJSMO2F6O7RFRTNA,B095CG2ZV1,5.0,Good quality,"It’s a cute gift, even the box smells good. I love the bathbombs and everything that came in it",1631799671368,False,0
AEHWKRPNWNMOAJSMO2F6O7RFRTNA,B09BR7QKQ6,5.0,Good quality,It doesn’t even look like a wig and it’s super easy to get on,1631561515969,False,23
AEHWKRPNWNMOAJSMO2F6O7RFRTNA,B097L88MZD,5.0,Good quality,It looks really good so I’m glad I found it since I didn’t wanted to make it obvious that I was wearing a wig. This one is perfect,1631031470582,False,0
AEHWKRPNWNMOAJSMO2F6O7RFRTNA,B0916ZRQDG,5.0,Super cute,The color is nice and it matches my skin tone perfectly. The container itself is really cute,1629318278583,False,0
AEHWKRPNWNMOAJSMO2F6O7RFRTNA,B0919SX5DN,5.0,Good quality material,"I like the color and texture, it works great to massage my face. The box it comes in is quite cute so it can even be given out",1627398148892,False,0
AEHWKRPNWNMOAJSMO2F6O7RFRTNA,B095LD7YJ3,5.0,Good quality,It came in a really cute container and the color is just perfect,1626138167298,False,0
AEHWKRPNWNMOAJSMO2F6O7RFRTNA,B0BYB7XYL1,5.0,Good quality ingredients,It is easy to use and leaves my hair looking and smelling good.,1625853752012,False,0
AEHWKRPNWNMOAJSMO2F6O7RFRTNA,B09473GGM4,5.0,Good quality ingredients,"It is perfect for me since it is travel friendly, cleanses well and it even has a nice scent.",1625793119008,False,0
AEHWKRPNWNMOAJSMO2F6O7RFRTNA,B08R2MJJV3,5.0,Good quality ingredients,"I like the scent and texture, it’s perfect for my sensitive skin and it leaves it really moisturized",1625227803269,False,0
AEHWKRPNWNMOAJSMO2F6O7RFRTNA,B093P6TCN7,5.0,Super cute,It is really cute and it works great as hair decoration for a fun time,1624214852511,False,1
AEHWKRPNWNMOAJSMO2F6O7RFRTNA,B0BQQ5L942,5.0,Love it,It’s perfect for me time or as a gift. Everything smells amazing and it’s gentle on my skin,1623934144436,False,0
AEHWKRPNWNMOAJSMO2F6O7RFRTNA,B08X3FRLVZ,5.0,They are cute,They stay in my hair without any problem. They are cute and perfect for casual hair styles,1623778339717,False,0
AEHWKRPNWNMOAJSMO2F6O7RFRTNA,B08FCTM1SP,5.0,Good quality ingredients,"Love the brand, works great on sensitive skin and cleanses well",1622071561630,False,0
AEHWKRPNWNMOAJSMO2F6O7RFRTNA,B07Q4YCBWD,5.0,Super fragrant,"Love the design on the packaging, the soap smells amazing",1621899697952,False,0
AEHWKRPNWNMOAJSMO2F6O7RFRTNA,B08Z32P2Q6,5.0,They are perfect for me,"Good quality, don’t tangle my hair or pulls which is great",1619742410757,False,0
AEHWKRPNWNMOAJSMO2F6O7RFRTNA,B08XQYZWCS,5.0,Good quality,"Definitely needed this to help get my skin feel and look better, it’s like moisturizing from the inside and it even helps with my joints",1619742362891,False,0
AEHWKRPNWNMOAJSMO2F6O7RFRTNA,B08P58XSTQ,5.0,They are cute,They are the perfect size and not too blingy which is perfect for me,1619738581910,False,1
AEHWKRPNWNMOAJSMO2F6O7RFRTNA,B08PLFZB89,5.0,Easy to use,"Has a nice scent and texture, it’s easy to use and it helps me get my hair look amazing",1619228810466,False,0
AEHWKRPNWNMOAJSMO2F6O7RFRTNA,B08LPJT4MT,5.0,Smells amazing,"The lavender scent is so relaxing, the lotion is quite moisturizing and it comes in super cute boxes which makes it perfect to give out",1618586530080,False,0
AEHWKRPNWNMOAJSMO2F6O7RFRTNA,B07FPS2VFK,5.0,Smells good,It has a good scent and texture. Definitely my new favorite scrub,1618338054190,False,0
AEHWKRPNWNMOAJSMO2F6O7RFRTNA,B07XNS942N,5.0,Good quality,Has a good scent and texture. Doesn’t bother my sensitive skin,1616530151881,False,0
AEHWKRPNWNMOAJSMO2F6O7RFRTNA,B08FTC49Q1,5.0,Easy to use,Great for my diy projects. It’s easy to use and it can even be used by itself,1615434900147,False,0
AEHWKRPNWNMOAJSMO2F6O7RFRTNA,B0B8SFDJN9,5.0,Easy to use,"Travel friendly, comes with a cute soft bag, good scent and it’s easy to use",1615433045454,False,0
AEHWKRPNWNMOAJSMO2F6O7RFRTNA,B08GMC48QF,5.0,Good quality,"Easy to use, helps my hair stay blonde since it gets brassy after a while. Definitely good to have around",1612984670118,False,0
AEHWKRPNWNMOAJSMO2F6O7RFRTNA,B08PCTPXY9,5.0,Nice color,Easy to use with a fun color combination. It looks really nice and it’s the perfect length,1610759411737,False,0
AEHWKRPNWNMOAJSMO2F6O7RFRTNA,B08KZD8G9Q,5.0,Works great,Keeps my wigs looking good and organized,1607113593233,False,0
AEHWKRPNWNMOAJSMO2F6O7RFRTNA,B08JP365LL,5.0,Cute,Keeps me from having to make the decision to dye my hair. I do love the way it looks though,1606501265628,False,0
AEHWKRPNWNMOAJSMO2F6O7RFRTNA,B08GNZBRCT,5.0,Great deal,Best way to get my nails done and it comes with everything I need to get started. Definitely recommend it,1604971633754,False,0
AEHWKRPNWNMOAJSMO2F6O7RFRTNA,B08BXVJMRY,5.0,It works,I like that it actually helps keep the wig in place,1600652415035,False,3
AEHWKRPNWNMOAJSMO2F6O7RFRTNA,B08693T3XR,5.0,Easy to refill,Can be use to DIY lotion or perfume. Good quality,1598908219801,False,0
AEHWKRPNWNMOAJSMO2F6O7RFRTNA,B0876YYL2H,5.0,Good product,They are useful and I can make my own essential oil perfumes. I recommend it,1598907292317,False,0
AEHWKRPNWNMOAJSMO2F6O7RFRTNA,B08FD2KP9R,5.0,Works good,I love this body scrubber. I am not going back to the original back scrubbers. This thing is great for sensitive skin and I use it all over. Even my toddler loves scrubbing himself with it,1598617977855,False,0
AEHWKRPNWNMOAJSMO2F6O7RFRTNA,B086YBQ8M7,5.0,Ear saver,"Great ear saver, keeps the hair back and the mask ear loops off my ears",1597110001800,False,0
AEHWKRPNWNMOAJSMO2F6O7RFRTNA,B07FP2C8N8,5.0,Great for dry skin,Makes my sons skin moisturized which will be great during the winter months. It helps me too when I use it,1597109864274,False,0
AEHWKRPNWNMOAJSMO2F6O7RFRTNA,B08BY9P4HR,5.0,Good brush,I love this hairbrush and comb set. Yes I can smack someone really hard on the head if they get too close and handy which is great in coed situations. The brush is good and it helps my hair look better,1596903966503,False,0
AH3BXW7KLIS2VAE56UXJS2NS7I5A,B0BXB4J297,4.0,"Good Product, Deluxe Travel Size","I love Moroccanoil products. I have their full size Color Care Conditioner but this one I ordered is the deluxe travel size - TSA friendly and easy to pack for travel, but the amount is not a lot and you will use this up easily if you wash your hair frequently. The price is high for the amount so it's not a great value - I would just purchase the large size and transfer some to an empty 3 or 4 oz bottle so you can get it through airport security.",1678383652271,False,0
AH3BXW7KLIS2VAE56UXJS2NS7I5A,B09571TNVG,2.0,Another Product for the Landfill,"This is more like a gimmick than a functional ""nail dust"" vacuum. I was hoping I could use this mini vacuum for cleaning up crumbs as well. It runs on batteries but the suction level is average and I have to go over the space with the vacuum several times before it picks up anything. The idea is good only if it has strong power but you can tell it's cheaply made. Another item for the landfill, thanks AOERM (yet another meaningless and unpronounceable brand name from the land of junk)",1646488985828,False,0
AH3BXW7KLIS2VAE56UXJS2NS7I5A,B092M5K59T,4.0,Inspirational Gift Set for Teenage Girl,"I think this set would make a nice present for a teenage girl. It comes with a makeup mirror, cosmetic gift bag and ceramic dish that you can use to hold jewelry. The design is rather simplistic but the quality is good for this sort of thing. It's like those items you might find at TJ Maxx. I think the price is a little high for what it is - it's not bad but not great either. It would make a good goody bag item but I wouldn't spend too much for it.",1639759173217,False,0
AH3BXW7KLIS2VAE56UXJS2NS7I5A,B08MQM39Y9,4.0,Generic But Smooth Working Jade Roller,This is a generic but smooth working jade roller. It feels even better if you put it in the fridge first - the cooling sensation is quite refreshing in the morning. It's fairly well made and doesn't squeak. Overall it's good for the price.,1637939598781,False,0
AH3BXW7KLIS2VAE56UXJS2NS7I5A,B08RYN11N9,5.0,"High Quality Roller, Better Than the Quartz Ones","Sand & Sky makes great products. It's only natural that they should extend their skincare line with this massage tool. I own many quartz facial rollers but this one is high quality and well-made. It works similar to the ReFa carat tool but without the high price tag. It pinches your skin a bit when you roll it but that's necessary to improve skin circulation. In addition to anti-aging benefits, it's also great for smoothing out any moisturizer or makeup foundation you've applied and prevents caking. Overall it's a great tool and I love using mine with Sand & Sky gels and moisturizers.",1633398883633,False,0
AH3BXW7KLIS2VAE56UXJS2NS7I5A,B0919SX5DN,5.0,Good Quality Stone and Roller,"This is a decent rose quartz roller and gua sha stone. The quality is pretty good, on par with similar sets I've ordered. The rose gold hardware is attractive and the roller doesn't make a squeaking sound as you roll it across your face, unlike some of the lower quality sets I've seen. The gua sha stone isn't perfect (it has several small nicks across its surface) but since you use the edges of the stone and not the middle, it doesn't affect the function. Overall I like the quality of this set. It comes in a generic box (there are so many of these), but is ready for gift giving.",1628552514391,False,0
AH3BXW7KLIS2VAE56UXJS2NS7I5A,B093LSSHYB,3.0,Very Nice Set But Gua Sha Came Broken,"I love the graphics on the outside box - most gua sha and rose quartz roller sets come in plain, generic packaging and this one is pretty enough to gift. Unfortunately, when I opened my box I was stunned to find that the Gua Sha stone was cracked in half, even though it was nestled in the box! Either this happened at the factory and the stone was still sent to me damaged, or it happened during shipping. However, most sets I've received that are presented in the same manner arrive in perfect condition. Not sure what happened but I'm disappointed, as I could tell it was a really nice stone.",1624971424535,False,0
AH3BXW7KLIS2VAE56UXJS2NS7I5A,B08TRGTJGQ,4.0,Darker Than Expected,"I ordered #27 but they look darker than I expected. It was described as ""ombre blonde"" but it's not that much lighter than the Natural Black. Despite this, these extensions are very soft and easy to install. It comes with a crochet hook with some hair jewelry. The quality of the hair is OK, I just wish the description of the shade was more accurate.",1624392052941,False,0
AH3BXW7KLIS2VAE56UXJS2NS7I5A,B07Q1DC383,4.0,Great for Dry Patches on My Legs and Soles of My Feet,I have dry patches on my leg and on the soles of my feet. I love using this sugar polish after a shower and before going to bed - lavendar is my favorite scent and I enjoy inhaling this scent while feeling how soft my legs and feet get after using a few drops of this. I don't use a lot because I want it to last a long time and thankfully a little goes a long way. Love this product!,1607716841103,False,0
AH3BXW7KLIS2VAE56UXJS2NS7I5A,B0B2L218H2,2.0,Awful Scent,"I was looking forward to getting this, as I love perfume and hoped to use this on a trip. Each towelette is infused with the ""Pinrose"" scent so you can dab it on your neck, arms, and wherever. It's space saving as each sealed packet contains a towelette. It reminds me of what you might get at a hotel. Unfortunately I absolutely hated the scent. It literally made me want to gag. It isn't floral or sweet but some kind of awful chemical smell. This is one of those things you really can't buy online sight unseen, you need to smell it first.",1606578853404,False,1
AH3BXW7KLIS2VAE56UXJS2NS7I5A,B08JD4GGYB,3.0,"Average Quality, Nice Design","You're getting a set of two shower caps with a leopard print design on them - one that's silver with black leopard prints and the other is the conventional brown with black spots. ach one comes separately sealed in a ziploc bag, so you could easily gift one to a friend if you chose. The caps are on the small side - good for a child and an average adult-sized head but not good if you have a large head.  The price is low but then you get what you are paying for - the quality is average - better than a 99 cent discount store but made of a cheap synthetic fiber that doesn't feel that durable or long term. OK but only moderately better than the throwaway caps you might get at a hotel.",1606166599435,False,0
AH3BXW7KLIS2VAE56UXJS2NS7I5A,B086TS3BKQ,4.0,Bag of Tear-Shaped Soaps,"In these COVID times, staying clean is a priority and anything related to soap and sanitation is all the rage. Since I don't travel much anymore, I felt a bit nostalgic when I saw this bag of six soaps. Each one is tear-shaped and about the size of a hotel travel soap. I really like the scent and it lathers well - best of all it's made without the toxic chemicals most mainstream soaps and body washes are filled with. It has a refreshing scent, thanks to being made with essential oils.<br /><br />It's advertised as a soap that ""boosts immunity"" but I find that laughable - everyone is reminded constantly to wash your hands as a way to prevent the spread of COVID and that action, you could say, ""boosts"" your immunity given that COVID is no match for soap. But to say the soap gives you some immunity is a bit of a stretch. Except for this questionable marking slogan, I liked these soaps.",1605749827955,False,0
AH3BXW7KLIS2VAE56UXJS2NS7I5A,B0823WPN5Q,2.0,Poorly Written Instructions,"This came with no clear instructions - as a result, I was very reluctant to use it given the danger of burning myself. The instructions were in very small print and there was a chart showing the different levels of heat that you should use depending upon the color of your skin - light, medium, dark. This felt weirdly racist for some reason, perhaps because the writing was so poor. For something that affects your skin I would only use a device like this if the instructions are clearly spelled out.",1605459252428,False,0
AH3BXW7KLIS2VAE56UXJS2NS7I5A,B0845LNDJK,4.0,Refreshing Soap for Your Face as Well as Your Body,"This black soap bar feels as thick as a brick but feels great on my skin. It's made with activated charcoal and has the coloring of charcoal, but thankfully not the scent! Under a hot shower it releases a nice minty scent and the hardy soap appears to less vulnerable to melting away in the soap dish unlike other softer soaps I've used. It's made for men but I don't see why women can't use it as well, as it's refreshing. It's best used for the face, as it cleans out your pores, but as I wash my face and body in the shower at the same time, it's a perfect face body combination soap.",1603558302113,False,0
AH3BXW7KLIS2VAE56UXJS2NS7I5A,B08YJV9YL2,4.0,"Beautiful Bottle, May Use This as a Hand Soap","I have a weakness for beautifully decorated soap bottles. This Bouquet Garni bottle looks great and I'm tempted to use this as a hand soap rather than as a body wash just so I can display it on my sink. As for the scent, ""White Musk"" I don't like it as much. It's OK, but I prefer lavender but thought I'd give it a try. As a wash, it foams up nicely and leaves my skin feeling soft and cleansed. It's made in Korea, home to many high qualty skin care companies so I trust its quality (more so than if it's from China!).<br /><br />Again, I love the bottle so I'll be sure to re-use it after the body wash is all gone, but if I had to do it again, I'd choose a different scent. But if you're a white musk fan, go for it!",1603469377574,False,0
AH3BXW7KLIS2VAE56UXJS2NS7I5A,B08KGVBW41,4.0,"Refreshing Scent, Easy to Use","The only thing I didn't like about this shower ""foam"" is how quickly it will be used up. It comes in a relatively small caninster and it comes out like shaving foam, only it's for the body and not for the face. It feels great and helps clear my stuffed sinuses. The scent is ""mint and rosemary"" but I feel like it's mostly mint. It's a step up above your ordinary shower gel but it won't likely last as long, as it's hard to tell how much of the bottle you are actually using since it's not liquid. Except for that caveat, I liked this.",1603414240825,False,0
AH3BXW7KLIS2VAE56UXJS2NS7I5A,B08BFBYNM1,4.0,Gold Themed Beauty Box,"This ""facial kit"" has all the items you'd expect to get in a spa gift basket, only it's shipped in a cardboard box reminiscent of subscription boxes. The main difference is that it's a one-time deal, no subscription needed, and all the items are grouped together by theme and color. I ordered the ""gold"" theme and was a little disappointed that not all the items are gold colored (the eye mask is blue) and there's a mix of drugstore items with some more luxurious feeling ones.<br /><br />I'll start with the good. The box is very cute, with the words ""It's a great day to love your face"" greeting you when you open the box. Inside you get a five count box of sheet Masks that contain retinol, a generous and thick box of facial wipes, a Gold under-eye pad to reduce lines and puffiness, and a gold Lip Mask (I've never used a ""lip mask"" before so this seems a little bizarre, if fun). The blue eye mask is filled with gel beads so you can use it hot or cold, and the cheapest and least impressive items are the ""facial buff"" (a pear-shaped sponge that looks like something you'd clean your pots with) and a  ""facial cleansing brush"" that looks a little cheap but is nevertheless useful.<br /><br />The main thing that was missing was some packing peanuts or confetti, as the items were tossed into the box hither and thither with NO padding, whereas other gift baskets and boxes typically include some stuffing so that the items are more artfully displayed. This one wasn't, so if I were giving this to someone as a gift, I'd certainly add it so the items wouldn't arrive in a jumble. But otherwise, I liked it.",1599045058565,False,0
AH3BXW7KLIS2VAE56UXJS2NS7I5A,B086W18W1W,5.0,Gorgeous Nails Using This Set,"I already have a number of gel nail polishes but I love the iridescent glitter of these nail polishes. They are very sparkly and the gel lasts a long time. It's a small set so it will be used up fairly quickly. The only thing I didn't like about it was the strong chemical odor of the polish but it dissipates after awhile. Except for this, I love the look of this nail polish.",1598044808749,False,0
AH3BXW7KLIS2VAE56UXJS2NS7I5A,B0BTJ6SYKB,5.0,Love the Scent and The Shape of the Bottle,This is a striking perfume bottle to display on your dresser - the bronze-colored mannequin figure has a sexy pose and you grip her torso when you pick up the bottle to spray. It's a musky scent that lingers for quite awhile. I like the earthiness of the scent and the bottle is great. Very happy.,1596220190360,False,1
AH3BXW7KLIS2VAE56UXJS2NS7I5A,B07KG1TWP5,5.0,Works as Well as Any Other Type of Cotton Ear Swabs,"My swabs came in a small box and looked less than 200, but it may be just the way the swabs were packed - very tightly and with no outer wrapping. They feel sturdier than the swabs that have plastic handles - I use these to clean my ears but also to dab Listerine along my gumline to help fight gingivitis. It feels solidly made and the swabs are tightly wound rather than soft and flabby like cheaper swabs. Overall I'm happy with these.",1594652885916,False,0
AH3BXW7KLIS2VAE56UXJS2NS7I5A,B09L33VJCL,4.0,Convenient for Camping and For Seniors,"My elderly mother in law can't bathe herself without help so these wipes are perfect for when she needs a wipe down and fears getting in the shower. She dislikes the scent (very medicinal) but she feels refreshed after wiping herself with one of these. Each one is individually sealed which is convenient and hygienic, versus those where you have a resealable package and risk drying out the other towels if it's not sealed properly. I will also use these when I go hiking or camping. They are biodegradable so it's also better for the environment. Recommended.",1593298244094,False,0
AH3BXW7KLIS2VAE56UXJS2NS7I5A,B07WVVXZG9,5.0,High Quality Straightener with Cool Accessories,"It's always a pleasure to get a high quality gift set like this - it has everything you need to maintain and groom your beard along with extras that you can use on a trip. The straightener works well, the scissors are nice and sharp, and there's a rugged travel bag that looks very manly. Very pleased with it.",1591357345671,False,0
AH3BXW7KLIS2VAE56UXJS2NS7I5A,B07H53GCV2,5.0,Soft and Flexible to Wear,This headband is soft and flexible. It keeps my hair from falling into my eyes when I do my morning routine of washing my face. It's also great for holding your hair back after you shampoo and making it easier to style. It can also be washed after every use and dries quickly because the material isn't too thick. Overall it's of a good quality.,1591124149911,False,0
AH3BXW7KLIS2VAE56UXJS2NS7I5A,B0914JBBTV,4.0,"Small Wipes, You Need At Least Two to Remove It All","The wipes are great but they are on the small side. Depending on how much makeup you wear on a typical day, you'll need at least two to get all your makeup removed. I reserve one for the eyes and one for the face. So I expect I'll use up this package relatively quickly. It doesn't irritate my face and it doesn't leave my skin dry, which is a plus. So it's all good except for the size of the wipes.",1586014147800,False,0
AH3BXW7KLIS2VAE56UXJS2NS7I5A,B0844X21MJ,5.0,Strongly Scented Body Wash - Wakes Up Your Senses,"This is a strongly scented mens body wash with notes of ginseng, green tea, menthol and Vitamin B. Caffeine is also listed as an ingredient. The menthol and the ginseng scents overpower the rest. It lathers up very well and imparts a cooling sensation that makes you tingle all over and even clears your sinuses! I would recommend this body wash for people with colds because this really helps. I love it.",1583078980977,False,0
AH3BXW7KLIS2VAE56UXJS2NS7I5A,B07K153R2B,4.0,Simple to Use and Lightweight for Travel,"I just came back from a trip and packed this curling iron in my luggage. It's described as ""travel"" but the length is about the same as other curling irons. The main difference is the weight - it's so light and functions as both a straightener and curler, so it does save space in my luggage. It works very well. I had never heard of this brand before but the curler works just as well as more expensive brands. To change from a curler to a straightener, you simply press the buttons ""S"" for Straightener or ""C"" for Curling! So simple and easy to use.",1566128170747,False,1
AH3BXW7KLIS2VAE56UXJS2NS7I5A,B077YR3333,2.0,Microbeads Don't Melt Easily,"I love the scent of this anti-aging serum but I didn't notice any significant effects on the wrinkle beneath my right eye. In addition, the microbeads don't dissolve easily and I had to rub the serum several times before they were absorbed by my face. I also recently learned microbeads are also bad for the environment because they can poison fish if they're disposed of in drains and end up in the ocean. So I won't be ordering any more products with this ingredient.",1562590851425,False,0
AH3BXW7KLIS2VAE56UXJS2NS7I5A,B07LCF4BK5,3.0,"Nice Facial Roller, But No Instructions for the Two Crystal Bottles","Jade facial rollers are everywhere these days and it's hard to find one that stands out among the crowded field of rollers. This set contains a beautiful rose pink quarter roller with two tiny bottles containing quartz crystals. I love the bottles but the downside is absolutely no instructions are given as how to use them. If you add essential oils, you usually need a carrier oil (like coconut) because they are not good for your skin if applied directly. I'm not sure how the crystals would mitiate this or not, as they're just little rocks. As a result, I'm not sure how to use these.<br /><br />The roller itself, however, is of good quality and I've been using it frequently. I would get it for the roller alone, but the lack of instructions prevent me from giving this set more than three stars.",1562420747485,False,0
AH3BXW7KLIS2VAE56UXJS2NS7I5A,B0BG6WX4DH,3.0,"Vinegar Scent, Average Effectiveness","I like drinking apple cider vinegar but smelling it on my hair is a different story. While the scent dissipates I smell the vinegar when I first spray it on my fine, frizzy hair. The mist seemed to make it a little bit softer and smoother, but not to the point where I'd get this again. I prefer to use other anti-frizz products because I can't get past the slight vinegar smell. Add in the high price and I'm not getting it again.",1561388851980,False,1
AH3BXW7KLIS2VAE56UXJS2NS7I5A,B07DPMFTLY,4.0,Reasonably Effective Flat Iron,"This flat iron is versatile in that it's effective on dry hair as well as wet - usually I avoid straightening my hair when it's dry out of fear that it will damage my hair. In this case I didn't notice any ill after effects - the Tourmaline Ceramic plates are designed to be softly reactive to your hair, so this may be the reason. The best advice I can give is to be aware of the heat settings - I typically use the lowest and work my way up depending on how my hair reacts.<br /><br />Like most flat irons by Parwin, it heats up fast and has a swivel cord. Given how many flat irons there are on the market, I would say this is OK in terms of what it does for the price. I wouldn't say it was exceptional but I like the versatility of the dry hair option.",1552588643004,False,1
AH3BXW7KLIS2VAE56UXJS2NS7I5A,B07DSC4X3K,5.0,Beautiful Palette,"This is a gorgeous palette of eyeshadows that range from earth tone colors like sand and tan to red and gold hues characteristic of a sunset (hence the title). Most of them shimmer with glitter, which is really cool - you can mix and match the different colors to get just the right effect. No brush is included but it's easy enough to apply to your eyes with your fingers. The quality is pretty good - I didn't experience any eye irritation when I used this. Very nice gift for yourself or a friend.",1545840940736,False,9
AH3BXW7KLIS2VAE56UXJS2NS7I5A,B07G23R7ZX,4.0,Small Hair Trimmer with Low Noise Level,"This hair trimmer comes with two attachments, a USB charging cord and even a cute little cape with the company's logo for your child to wear while you trim his/her hair. It's small and portable, so you can even take it on a trip. The best thing is that it isn't too noisy so it won't scare your little one. A courtesy card from the company thanking you for purchasing the product even includes a quote about how great mothers are from singer Stevie Wonder!<br /><br />Overall this is a very useful product that will save a parent money from taking your little one to the barber shop or hair salon. It works well and I can't see why it can't be used for an adult's hair as well, though the small size made it clear that is meant for a child's small head.",1545766410447,False,3
AH3BXW7KLIS2VAE56UXJS2NS7I5A,B01KJPFO9W,4.0,Salon Quality Gel Manicures at Home,"This is a nice set of six nail polishes, all in identical black bottles. I assume this is because the polishes are light sensitive and so the black bottles protect all of them from degrading due to harsh lighting. As a result, you aren't able to tell one from the other unless you open each one and then mark down the numbers for your reference.<br /><br />I like the look of the red and gray finishes more than the others, but to dry your nails fully you have to purchase a LED nail lamp. I didn't have one especially made for nails but I had a table lamp that uses LED. It worked, but I'm sure if I used the LED Nail lamp the drying time would have been faster.<br /><br />The colors are vibrant and I like the glossy finish. There hasn't been any serious chipping or loss of polish for a week now, but I've used other gel polishes that have lasted almost as long as the LED kind.  And for those who like to change their polish often, preserving the same look for a week or two isn't a priority. So unlike you already have some sort of LED lamp, I would just stick to the normal gel polishes available out there.",1542306619063,False,0
AF2BLE54TEMGZ546U763ZHZRXC4A,B092Z6B3GR,5.0,"lasts all day, removes easily, actually lengthens, doesnt irritate my eyes, budget friendly option","When the times comes to wash my face, this mascara comes off extra easy. I didnt realize how much other mascaras left behind, once I did my usual face wash (oil cleanse to start, then follow up with water based), and the mascara began to break down right away. Very pleased with that.<br /><br />This SkyHigh mascara is actually lengthening. I have basic lashes, and I dont expect anything magical from mascara. But this is noticeable on my lashes, and as I was swiping it on I could see the lashes looking elongated. Not clumpy (that's good or bad depending on the look you are going for). This has more natural look. I haven't noticed any flaking, definitely no smudging. My eyes are easily irritated by makeup, and this mascara doesnt seem to bother me. I can wear it on both upper and lower lashes.<br /><br />At a budget friendly price ($5 for 1, or $7 for pack of 2), it is worth trying. I would consider it again at this price. Another cheapie I really like is Essence, which has both waterproof and non waterproof options: https://www.amazon.com/essence-Princess-Effect-Mascara-Cruelty/dp/B00T0C9XRK",1626705879323,False,0
AF2BLE54TEMGZ546U763ZHZRXC4A,B09GNXK3N1,5.0,"highly versatile, well made, effective shower cap. Fits my large head, and all my hair","An adorable shower cap that fits my large head. It says it fits up to 24"" head, and mine measures 23.5"". Then I have loads of hair- semi thick, nearly waist length. It all fits! Yet isn't a big bulbous excess of material either. But I am definitely pushing max space available (again, I have a large head).<br /><br />I simply dont wash my hair every day, but I do hop in the shower. I dont notice my hair getting wet at all, but I dont put my head in the water even with this on. I have a spray nozzle for washing and rinsing, so I guess I am able to control where the water reaches better.<br /><br />The fit is surprisingly good. The rear has an elastic portion to provide a nice fit. The spacing left over once in place is reasonable for my large head and mane of hair. I really was skeptical, but am glad I went ahead and got this. I have some cute shower caps, but none as nice as this. The little bow on top makes me feel like I went back in time to the 50s or something. Adorbs!<br /><br />I dont use it for keeping my hair out of face for make up or skin care, but it would certainly do well for that too. Also, if I had pool.. while it isnt a pool cap, if I just wanted something to help keep excess water off my hair while casually wading in a pool, this very well could work for that too.",1625843890463,True,58
AF2BLE54TEMGZ546U763ZHZRXC4A,B094MQSRDL,5.0,"excellent coverage, non cakey, doesnt settle into lines, a tad warm for fair, cool skin","Primer, liquid Foundation, BB cushion, and a flat kabuki brush. I have another Phoera kit, and I like it a lot.<br />https://www.amazon.com/gp/product/B093GFPFP9<br /><br />I am not sure if Nude (#102) is the lightest shade they have or not, but if you are like me and have fair skin with cool undertones this may lean a little warm. It isn't bad, but if they had a better match available I would want to get that.<br />THEY DO!! this is for fair with pink undertones<br />https://www.amazon.com/dp/B07RZ6QZLJ/<br /><br />The BB cushion is a tad lighter, and a better match for my skin. I do like both. I tend to like cushion over liquid, but both of these are fantastic. I really like how these feel, and despite being a  little warm on my cool skin, the make up looks good on the skin. Doesn't settle into every nook and cranny, nor dry flakes.<br />My skin is 40+ so this is something I look for in make up.<br /><br />The primer is fantastic. A LITTLE GOES A LONG WAY. Use less than you think you need lest you want a more oily look to seep through. I find that primers like this are great for dry skin, and for more dry feeling foundations.. but their foundations arent drying. So less is more with their primer.<br /><br />The formula for the liquid foundation really impresses me. Staying power is good. Skin feels comfortable. Skin looks healthy. I can touch my skin after and it doesn't feel like there is make up on. Provides really good coverage with a little bit yet doesn't look cakey and fake. Can be built up. I would recommend this over dermablend, personally. All my redness disappears (from Type 1 Rosacea). To provide a more sheer wash, just change up your application- use a damp sponge to put it on, or use a damp sponge as last step to blend it in and lighten it up.<br /><br />I really think it is worth the try. I wasn't even going to try this, but since they provided so much information in their product description it really piqued my interest. If you need coverage with a natural look.. try this!",1623860962101,False,1
AF2BLE54TEMGZ546U763ZHZRXC4A,B0BQQ5L942,5.0,"surprisingly very nice gift assortment, well packaged, definitely gift worthy","Smells SO Good!!!  I'll add in some pics as the product pictures shown here dont do this justice. The contents are in a sturdy flip top box makes it look like a gift (and was shipped in a regular box, maintaining integrity of the product box). Almost reminds me of a subscription box as the deign on the outside gives it a special look. It kinda threw me off because I nearly expected more of a generic look. I thought, ooh did someone send me something? lol. But no, I ordered this lol<br /> Once I opened the box, a colorful, glossy card stock card with the phrase, ""Happy Birthday to You"" on one side, and totally blank on the other. This sits on top of dense, well packed brown paper grass. Each product is carefully nestled underneath. The products look good and they smell good. Really good-- not cloying and cheap. Just pleasant. The entire unboxing experience was pleasant, and I would totally buy this for someone. You know how some gift compilations look cheap? This has a classy, artsy look that I would be proud to give to someone.<br /><br />This will probably be my go to gift item for anyone who enjoys these sorts of products. Set comes with lip balm, a bath bomb, a scrub, a cream, a bar of soap, and a soy candle. I'll use everything. Personally, I use bath bombs in my shower as I dont take baths, or I use as a foot soak.",1623425165592,False,2
AF2BLE54TEMGZ546U763ZHZRXC4A,B08P5JZYX8,3.0,"great cat toys, not bad for hair lol  Would like them if they fit my wrist","What doesn't work for my hair, works for my cats. That is our agreement. So these are pretty much a pack of cat toys as I prefer hair bands that fit comfortably on my wrist. These have plenty of stretch, but elastic is tight when retracted. Good or bad depending on needs. So too tight for me to keep on wrist. These are ok if I keep them tucked into a drawer and I grab one as I need one. They have good snug elasticity for thinner hair. My hair is thick, but I can use them for the ends of my hair when I put my hair in a braid. I dont like them for pulling all my hair back. These won't be a repurchase. They're ""ok""",1622908739665,False,1
AF2BLE54TEMGZ546U763ZHZRXC4A,B08DK4NDM3,4.0,"GLOW recipe for brightening, repairing, hydrating. Decent wipe for hands, feet, wherever","This is a package of 15 individually packaged biodegradable wipes. All of their products come in 15, 30, or 45. This 15 pack at $8.95 makes them $0.59 each. Easy to open, all tucked into a flip top box<br /><br /> Excellent for on the go, for travel, for whenever. I have used a variety of Busy Co wipes, and I have liked them all, some more than others. When I selected this, I chose it after taking a look at the ingredients (how I always select items to buy or to try). So it was weird not to see direct ingredient list on this product page. I have included the ingredients here:<br /><br />Water (Aqua), Glycerin, Phenoxyethanol, Sodium Benzoate, Citric Acid, Potassium Sorbate, Ethylhexylglycerin, Decyl Glucoside, Sodium Hyaluronate, Astrocaryum Murumuru Seed Powder, Aloe Barbadensis Leaf Juice<br /><br />This unscented GLOW formula is aimed toward those seeking to BRIGHTEN SKIN, IMPROVE DRY SKIN, and REPAIR DAMAGED SKIN.<br />Not sure who is trying to use this on babies, but this product is not marketed for that use.<br /><br />I use this on my hands and feet, prior to bed. Then I add my lotions. The wipe does a good job cleaning my skin and nails. Adds little hydration. Could use them being a little more damp, but they do work. I have a couple tucked into my purse in case I just need a wipe, but for the most part I am keeping these for night time use. While I think this product is ok, it isnt a must have for me, and I likely wont repurchase. But I do like other Busy Co products, and have found that they are a better fit for my needs (and have been repurchases).",1621265725765,False,0
AF2BLE54TEMGZ546U763ZHZRXC4A,B08QVJ4NVD,5.0,"gentle, moisturizing, intense- great for dry skin, revitalizing, healing, luscious","So calming, nourishing, moisturizing, revitalizing. $35? Great price point. What a treat! I recommend! Love it!<br /><br />My skin: mid 40s, dry but clear skin (no acne). Minimal lines. Overall healthy save for redness & visible veins from Type 1 Rosacea (no bumps, no acne, just redness).<br /><br />Reminds me of some of the thick, luscious, rich leave on night ""masks"" that I use. Really nice used alone, or paired with their real ampoule drops, or with your own routine. Just slather on, allow some time to absorb before hitting the pillow. Wake with supple, soft, dewy, nourished, revitalized skin. I'm impressed.<br /><br />I haven't had skin procedures, but this seems like a go-to item if I were to ever have something done- whether it be professional dermabrasion, laser, basically anything that leaves skin a little raw and exposed for a few days and would benefit from a more healing like cream.<br /><br />the drops: https://www.amazon.com/gp/product/B07X4FDWKP",1618246231408,False,0
AF2BLE54TEMGZ546U763ZHZRXC4A,B07RBSLNFR,5.0,"thin, light weight lotion that is perfectly rich. Makes for instantly supple, radiant, soft skin","I really like this OGANA CELL Peptide Concentrating Amazing Lotion. I'm going with 5 (4.5 if I could, but leans more 5 than 4) even at early impression. Sometimes you just know.  I have been using it with their Real Ampoule Drops, which I rated a 4 at this time (4.5 if I could. ) as I need more time with it. However, this lotion has been easier to determine because it instantly lends a dewy, supple, perfectly moisturized skin that lasts all day and night (or night and day in my case as I have been using it at night). Anything else it is a doing for me is a bonus, and I know will take time, but right now the instant effect is lovely feeling, radiant skin.<br /><br /> It is a thin, light lotion but it is rich. I love how it feels, and how good my skin looks come morning. Little goes a long way. Maybe it is a combo of this and the drops (which instant absorb, and works well with this lotion). No matter, I am pleased with my experience with Organa Cell products so far. SO much so that I have been looking into other products. I am a big fan of K-beauty, and will likely buy their sunscreen soon.<br /><br />Now, I have no idea what the full ingredient list. I will double check the packaging to see if it is there. I went to their website (Korean, so you will need a web translator) and they do not have the full ingredient  list shown (unless I missed it). Pretty much what you see on this product page is what you will see on their actual web page. I sniffed around other merchant pages (jolse,wantitall,koreanbeautybox, etc). but just found the same info.<br /><br />Real Ampoule Drops: https://www.amazon.com/gp/product/B07X4FDWKP<br /><br />My skin: mid 40s, dry, CLEAR (no acne), smooth, but contend with Type 1 Rosacea (redness, visible veins, no bumps). ALL that I have tried by Organa Cell has been gentle, no discernable scent, absorbs well, and feels good on the skin. Great for sensitive skin as it has components to help protect, build, maintain skin barrier.<br /><br />I dont rate based on price, we all have our own budgets. Organa Cell is pricier than most K-beauty I try, but it is still a brand I would recommend. I would like to see a full ingredient list, but I also find that it doesn't stop me from using their products and considering other purchases. Take my money, haha<br /><br />If I experience anything else worth sharing, I will be back to do so.",1618154434194,False,0
AF2BLE54TEMGZ546U763ZHZRXC4A,B08RS762Z7,5.0,"so incredibly soft, stays in place, attractive, high quality, I AM IMPRESSED","Supremely soft. Seriously, the first thing you will notice is how incredibly soft these are. Really good quality, and attractive. I immediately recommend them, haha. Has a good stretch, fits my large head without feeling irritating (kinda forget it is on), and it stays in place. What is this sorcery?<br /><br />If I experience anything else while wearing these, I will come back to update. My initial and immediate impression was just so favorable that I had to jump on a review to say so.<br /><br />Currently $3.99 for a set of two. Good deal",1617996116596,False,0
AF2BLE54TEMGZ546U763ZHZRXC4A,B08NJ5BTWG,5.0,"very light, absorbs well, works well alone or over other skin care products","My skin is dry, totally clear (no acne) save for some redness & visible veins from Type 1 rosacea. This sunscreen feels quite gentle and does not seem to irritate my skin at all. It adds a light but effective level of hydration without feeling heavy. It is a chemical sunscreen, so zero white cast. It is thin, and goes on like a light lotion. Typical viscosity among my other K-beauty brands.<br /><br />I have a wide assortment of sunscreen, of various formulations and types. It is my #1 skin care product as I use it daily all year long. It is a habit. I avoid the sun for a few reasons, so sunscreen is vital to my well being. I live in a variable climate (from dry, freezing temps to humid hot) and I have sunscreen preference depending on season and situation. I tend to prefer mineral (my fair skin can handle any white cast) but do utilize chemical sunscreen often.<br /><br />I am going to like this for basic daily summer use. I tend to reduce my morning skin care routine down to a basic wash or splash of water and a moisturizing sunscreen. Since this offers SPF 50 (P++++), I know my skin is going to be pretty well protected. Since it feels like a moisturizer and goes on clear, I can skip my other skin care if I want. I tend to skip morning skin care in the summer because I am likely to just sweat it off anyway (I have a more involved night time routine to make up for it). So a sunscreen such as this is easy to use, makes my skin feel good, and easy to reapply throughout the day. I dont wear make up usually, but for sake of review I used it under a light foundation tint. Seems to play well- I didnt notice any rolling/pilling. I'll use it up. I have also used it over other skin care (hydrating toner, serum, light moisturizer) and it worked well on top of all that too.<br /><br />Not sure yet if it will be repurchase. I do like Fascy Lab products, so it's a contender. Worth trying anyway<br />4.5 stars<br /><br />Active Ingredients:<br />DIETHYLAMINO HYDROXYBENZOYL HEXYL BENZOATE 2.0%<br />BIS-ETHYLHEXYLOXYPHENOL METHOXYPHENYL TRIAZINE 1.0%<br /><br />Inactive Ingredients:<br />WATER, BUTYLENE GLYCOL, C12-15 ALKYL BENZOATE, METHYL METHACRYLATE CROSSPOLYMER, 1,2-HEXANEDIOL, NIACINAMIDE, BEHENYL ALCOHOL, POTASSIUM CETYL PHOSPHATE, SODIUM ACRYLATE/SODIUM ACRYLOYLDIMETHYL TAURATE COPOLYMER, POLYISOBUTENE, AMMONIUM ACRYLOYLDIMETHYLTAURATE/VP COPOLYMER, SILICA, ADENOSINE, CAPRYLYL/CAPRYL GLUCOSIDE, DISODIUM EDTA, SORBITAN OLEATE, SODIUM HYALURONATE",1617647825323,False,0
AF2BLE54TEMGZ546U763ZHZRXC4A,B08MRRNL18,5.0,"Woah, I have eye lashes! also, does not irritate my sensitive eyes","I'm pleasantly surprised by this Almay Length & Lift mascara. My litmus test to a good mascara has been reduced to simply whether it irritates my eyes or not. As for lengthening, lifting, volumizing, etc is meaningless in comparison. This DOES NOT IRRITATE (!!) YAY!!! Also, the blackest black is wonderfully black; makes my brown eyes pop. My lashes are well coated, making them look thicker, and there is a lift that I greatly appreciate as my lashes otherwise angle downward. Length is notable too. My lashes are nomrally ho-hum. Not thick, not thin, not long, more on short side, and angle down. This mascara is pleasing me. I dont care for make up except for mascara, but I rarely find one worthwhile. THIS IS MY NEW FAVORITE!<br /><br />I'm feeling so vain. I keep looking in the mirror at my new found eye lashes!! haha!!<br /><br />this product is hypoallergenic and ophthalmologist tested.<br /><br />PS. Pics are of mascara only. No other make up. I realized that this darkens my lash line enough to look like I'm wearing eyeliner. I'm not! :)",1615396787027,False,7
AF2BLE54TEMGZ546U763ZHZRXC4A,B08GP7CV1S,1.0,Irritated eyes and no added effect. Not one iota of difference on my lashes.,"I've used fiber lash mascaras before- they usually have a pronounced effect, and is why I wanted to try this Kissio Derol mascara. The thing is, it doesn't do anything for me. I am perplexed. I applied the primer (comb brush with hairs/fibers), then followed up with the bushy brush mascara. And.. nothing. I can not see even a miniscule amount of added volume or length. Not even more than a basic mascara. Initially it had not bothered my sensitive eyes for the first few hours but then my eyes started getting itchy and irritated like they had something in them-- the fibers were falling off into my eyes! My eye where it was most bothered was red. I'm done with trying mascara unless it is a known brand.<br />Sad :(",1614619525190,False,0
AF2BLE54TEMGZ546U763ZHZRXC4A,B07DS4GPGX,4.0,"excellent ingredients, could use more packaging info, works well w/ shamp & conditioner","I like the shampoo and conditioner a lot- leaves my hair soft, manageable, and healthy looking. I added in this serum as I hoped to gain hair density or at least reduce loss (or reduce cycle frequency and/or duration). I dont have trouble growing my hair, I have trouble keeping it. So my hair is long, but much less dense than previous years. I transitioned from minoxidil to this. I wont do that again, as any gains I got from minoxidil were lost-- and I do contribute some of that to not using this as consistently as I did that. I'll explain what went into that below. This serum helped the condition of my hair and scalp, so I think it works well with minoxidil instead of in lieu of it. I likely wont continue with the serum for a few reasons.<br /><br />1. there was no instruction as to how to use this product. It is a dropper bottle, and I pretty much just used it like I did with minoxidil-- massaged whatever I pulled with dropper and distributed all over scalp, primarily at crown. Was this the correct way to do it? no idea. *<br /><br />2. It does say to apply to clean hair. Well, many of us do not wash our hair every single day. I have long curly hair that leans dry and there is no need to wash it daily. So I am either applying this to unwashed scalp daily or it only gets applied a few times a week.  Hence the lack of consistency. So right here it eliminates some would-be users if it has to be on a fresh washed scalp.<br /><br />3. the dropper is uncomfortable. I do not want to drop it from the dropper. I want to run it across the scalp so as to keep it from getting on my hair. The dropper is a little sharp feeling (at least my bottle that I received). I like the dropper style, and my thought is that if I were to buy this again, I would use a dropper from an old minoxidil bottle instead.<br /><br />4. How long should this bottle last? Since I had no idea how much I should use, I often wondered if I used too much or too little. Any new hair treatment needs to be given 4-6 months of consistent use to see results, if any. I know the shampoo and conditioner helped, and this serum has great ingredients that will help existing hair and scalp health.. but the inconsistency on my part from lack of instructions as well as expectation of using on fresh washed hair made it impossible to see if I could get benefit from it.<br /><br /> * ""It is best applied to damp hair after showering. We recommend visually splitting your scalp into 4 sections/quadrants. Depending on the amount of hair, use around 3-5 drops per quadrant. I like to drop into fingers and work into scalp. The remaining amount on your fingers you can work through your hair. It is perfectly fine to use the serum many times a day. That being said, it is important that the scalp/hair is clean"" (--I saw this written in the community question section of this page. Including this on box or in a leaflet would have been greatly helpful)<br /><br />The ingredients are of quality, the products work well together. I have since gone back to minoxidil, and once I have stopped the current shedding phase, I may buy another bottle to use as a support product. For that, I give it 4 stars.",1612643175027,True,2
AF2BLE54TEMGZ546U763ZHZRXC4A,B08GSKRQKD,4.0,"TRY THIS! test on FACE for match not hands, evens out skin tone, not for dry skin","I first tried it on the back of my hand and was horrified. The resulting color was orange pink. Then, only because I wanted to thoroughly & accurately test the product for reviewing, I decided to put it on half of my face. I expected to see orange skin like on my hand, but oddly, this just blended into my skin as a VERY CLOSE MATCH. So I put it on the rest, including under my eyes. Not bad. Glad I put it on my face.<br /><br />My skin is fair, pale, with cool undertones. What I think happened is that my hands were much cooler than my face. It is the heat of the skin that triggers the color change. It is winter, and I keep my house cool so naturally my hands were on the cool side. Skin of my face must have been just warm enough for this to work.<br /><br />That being said, the color match is impressive. It comes out in a grayish white cream, then bursts into color, then recedes to a dang close color match. On me, it was just a tiny bit darker & warmer than I would normally go for my ultra pale face. It covered well and did a nice job of evening out my skin tone (I have pink cheeks from ROSACEA- type 1 redness w/ visible veins). It didn't look weird. It goes on like a foundation, so plan to use a mirror to make sure that you are adequately covering your face.<br /><br />I think this is better for those that do not have dry skin. I have dry skin. Even with great products used underneath, I still thought this looked a little patchy on my skin in some spots. No pilling or balling though. Stayed in place for remainder of day. It could be my lack of skill in applying make up (this is an SPF, but it needs to be manipulated like a foundation).<br /><br />Overall, it isn't for me, but it does seem to be a quality product. I find it to be an interesting product and might be worth the try, especially if you want some natural coverage that will even out the skin. It does cover nicely. SPF48 P++<br /><br />""Apply when finishing skincare and starting base makeup""",1612277896403,False,0
AF2BLE54TEMGZ546U763ZHZRXC4A,B083XRBG99,4.0,"Made in USA. Smells fresh and energizing, nice lather, rinses clean","Three pack of individually boxed hard soap bars that smell wonderful and fresh. Quite an uplifting aroma. thyme, rosemary, sage, lemongrass..mmm. Natural chlorophyll and organic cloves create a deep green color. The soap has lather, soft clean feel. I use this as a hand soap, but it can be used all over anytime- very nice soap that inspired me to see what else they have to offer. Not knowing anything about Elsha, I learned that it is a USA company that was established in 1935 offering cologne products, and eventually perfume and soaps. These soaps are handmade in USA. Although the eagle on a flag shield screams, ""'merica!"", the product listing would do well to say this (their other listings do). The box that the soaps come in are gray with an Elsha sticker on it. No information as to what it is, what is in it, where it is is from, etc. If there was at least an insert of information I would feel better about buying this as a gift. The website had produced just enough information to make me feel better about trying this soap, otherwise I had no idea what was in it or where it originated.  That being said, it is a good soap and I would consider it again.<br /><br />INGREDIENTS helianthus annuus (sunflower) seed oil*, cocos nucifera (coconut) oil*, aqua, elaeis guineensis (palm) oil*, sodium hydroxide, carthamus tinctorius (safflower) seed oil*, chlorophyll, lavandula hybrid (lavandin) oil, rosmarinus officinalis (rosemary) leaf oil, cymbopogon schoenanthus (lemongrass) oil, pogostemon cablin (patchouli) oil, thymus vulgaris (thyme) oil, syzygium aromaticum (clove) bud*, rosmarinus officinalis (rosemary) extract, eugenia caryophyllata (clove) bud oil",1612199110264,False,0
AF2BLE54TEMGZ546U763ZHZRXC4A,B08JCX3DL7,4.0,"creamy, effortless application, does not irritate my sensitive eyes","I dont love the color for me, but I like everything else enough that I am am considering trying another color. I like to keep my make up simple, so I often go for an eye shadow pencil; something I can swipe on in a single color and be done. I often go for very light colors, or even more into brown or purple. This ""chalfont 303- a shimmering shade of pearl"" reminds more of a yellow tinged shimmery champagne rather than what I think of as pearl (white leaning pink). It is definitely not a white pink, too bad.  I may use it blended in with something, but it otherwise looks sallow on my fair, pink skin with blue undertones. I do however love the ease of use, how it does not irritate my eyes at all, and it just goes on so smoothly.",1610155682447,False,3
AF2BLE54TEMGZ546U763ZHZRXC4A,B08KNVV18L,5.0,"Softest hands ever, lightly scented w/ lemongrass oil, lemon oil, orange oil, rosemary","I love Leap bar soaps (LOVE!), and was curious about their liquid hand soap. It is a 12 ounce pump style bottle with visually pleasing label. The soap comes out thick and rich. It is super luxurious feeling- it lathers significantly all the while feeling like hand cream. It rinses well and leaves skin feeling soft. Probably the most soft. Perhaps a little coating of glycerin and aloe are left behind? Yet not a gross coating.  I am trying to figure out the magic of my soft, smooth, clean feeling hands on a super cold (18*F), dry day. Super moisturizing.<br /><br />Oddly, I find it has barely any scent. I am used to their super scented bar soaps, and I was expecting a stronger scent to come through. I am not usually keen on perfume (causes headaches, nausea), but when a product uses essential oils for scenting (especially hand soap and house cleaners), I find it delightfully uplifting. This is labeled as lemongrass, but that isn't the only essential oil used. The profile is more complex with the addition of lemon oil, orange oil, and rosemary. I was really excited for this to have a robust citrus smell. I really couldn't tell you just by sniffing. It smells fresh and clean, but it isn't strong (and I was hoping/expecting strong). I see other reviewers mentioning a strong smell. I figured I got a weird bottle or I have covid. I actually went and grabbed my Leap bar soap to make sure I could still smell that. I can. Phew.<br /><br />I'm still going 5 stars because it does have a mild fresh scent, and the soap itself is glorious. Very rich, super moisturizing lather. And it rinses away perfectly. I dont feel like I am working to get the soap off. If it did, I wouldn't like that. So there is some sorcery involved here, lol. I kinda want it as a body wash. My hands feel SO GOOD after using this. I just keep touching my hands.<br /><br />One does not need a lot of soap, so feel free to just add a little to the hand. I would even go so far as to add a little water as it goes down. Or if you like this soap and have a foamer, then just a wee bit of this with a lot of water will do it.<br /><br />Love their designs on the bottles.<br /><br />Water, Organic Coconut Oil, Organic Olive Oil, Vegetable Glycerin, Organic Guar Gum, Lemongrass Oil, Orange Oil, Organic Jojoba Oil, Lemon Oil, Rosemary Extract, Organic Aloe Vera (Potassium Hydroxide is used to saponify the organic oils into soap, but none remains in the final product)",1608313320919,False,0
AF2BLE54TEMGZ546U763ZHZRXC4A,B086TS3BKQ,5.0,"Aromatic bars of ""Soap Shields"" that gently scrub & cleanse","These small bars of soap smell really good and perform well in terms of cleansing and not leaving skin feeling stripped. I like that they are made in USA, handmade in Ohio. These are not fancy soaps. They are small, but they are not necessarily travel sized. They just have a good size and shape that fits perfectly into the hand. That stood out to me on first use. I really like how well it fits in my hand. The bars are tear dropped or pear shaped. More specifically, it is shaped to be a like a defense shield. Get it?  As this is meant to be a bit of an immune defense/support item.<br /><br />The bars are thin, but not fragile. I can palm it and easily rub it all over without it falling out of my hand. I have been using one bar on and off for a couple of weeks now, and it isn't just disappearing. There are six loose bars in a resealable bag.<br /><br />The soap has a slight intentional grit to it . This adds some scrubbing action. Creates a nice lather and rinses well. The scent is an intriguing mix of essential oils. Clove, Cinnamon, Oregano, Peppermint, Parsley, Eucalyptus and Rosemary essential oils Not overpowering. Really quite nice.<br /><br />It has been an odd, but unexpectedly pleasant product to use. The price is budget friendly. I find nothing bad about them or my experience so far. I may consider them again when I run out. I really think they are worth the try.<br /><br />""CLEAN INGREDIENTS - Our formula just 8 simple ingredients. Free from harsh chemicals that damage your skin like Sulfates, phthalates, parabens, or synthetic fragrances. It’s Vegan and never tested on animals.""",1606514882493,False,0
AF2BLE54TEMGZ546U763ZHZRXC4A,B07PCGSFGQ,2.0,"dense mask, smells good, great ingredients; my tin is dented/no protective seal","My tin is dented.  It just arrived in a warehouse mailing bag. There was no protective tape, tamper sticker, or cover, or product box... so I am not sure what this product has been through before arriving to me. Ew. I know products are sold by weight not volume, but the container really does look like it is missing a portion, as it is half empty. It is probably all there. The container looks to be a 2 ounce capacity, with 1.7 ounces of product. The product is dense, so after settling, I imagine this is accurate. But still.. between the dented can and the lack of protective seal, I am reticent to use in on my face, and definitely won't be buying it as a gift (which I was considering as I ordered this for me, and figured if i liked it then I would buy it as part of a pampering gift).<br /><br />Too bad because the container otherwise is attractive, the product smells good, and the ingredients are interesting; highly nourishing & repairing for the skin. I love self care products, and doing an occasional mask is relaxing.<br /><br />1.7 ounces has 3.4 tablespoons. Probably use half a table spoon to cover face. So maybe 7-8 full face applications? I guess price it out like a sheet mask. $3.75 per treatment if assuming 8 applications. More or less depending on how much you use.<br /><br />I hope the company considers adding a seal or tamper sticker.",1605626461999,False,0
AF2BLE54TEMGZ546U763ZHZRXC4A,B07MZT83KK,5.0,very gentle effective cleanser for my sensitive dry skin,"I have been pleased with medical grade Easydew products, and this is another. It is an extremely gentle creamy cleanser and exfoliator (through enzymes). Effectively cleans my skin. Sometimes I use it after an oil cleansing, sometimes by itself. My skin never feels taut or stripped. Nor does it ever feel coated. My skin always feel simply clean and fresh.<br />Has a light fragrance- similar to other Easydew products. It doesn't bother me- no headaches or nausea. The scent dissipates quickly enough. I have no issues with this.<br /><br />My skin: mid 40s, fair, semi sensitive, dry, Rosacea (redness/visible veins).<br /><br />Don't need much for it to do its job. Lovely product that I would likely purchase again.<br /><br />FULL INGREDIENTS<br /><br />Water, Isopropyl Myristate, Glycerin, Butylene Glycol, Cetyl Ethyl hexa no ate, Chondrus Crispus Extract, Saccharum Officinarum (Sugarcane) Extract, Milk Protein Extract, Milk Lipids, Panthenol, Protease, Ceramide NR sh-Oligopeptide-1, Hydroxyeth yl Urea, Pentylene Glycol, Glyceryl Stearate, Glyceryl Stearate SE, Sorbitan Stearate, Caprylyl Glycol, Cetearyl Olivate, Sorbitan Olivate, Tromethamine, Palmitic Acid, Ethylhe xylglycerin, Stearic Acid, Caprylic/Capric Trigly ceride, 1,2-Hexanediol, Hydrogenated Lecithin, Myristic Acid, Arachidic Acid, Lauric Acid, Oleic Acid, Sodium Stearoyl Glutamate, Sodium Ascorbyl Phosphate, Theanine, Glutathione, Dimethicone, Cetearyl Alcohol, Carbomer, Alcohol, Disodium EDTA, Phenoxyethanol, Fragrance(Parfum)",1605285001466,False,0
AF2BLE54TEMGZ546U763ZHZRXC4A,B08KGVBW41,3.0,"just like mousse or shaving cream, but is a soap for body","The bottle and texture is very much like a hair mousse or shaving cream, but is a wash for the body.  Instead of a pump or squeeze bottle, this comes out though as pressure aerosol - also just like a mousse or shaving cream.  The ingredients necessary to make this happen are Butane and Propane. They are aerosol propellents.  If you have ever used mousse, hair spray, various perfumes/body sprays, air fresheners, aerosol deodorants, or shaving cream,etc..  then you are already familiar with these ingredients. They are generally recognized as safe, and are used in small, diluted quantities in skin care. Fun fact, ""These ingredients are used in cosmetics and personal care products as a replacements for chlorofluorocarbons, or CFC propellants, some of which have been shown to have negative effects on the environment"".  I'm not a big fan of slathering my body with butane, propane, or isobutane, but I understand their use in this type of medium. So it's up to you to decide.<br /><br />This company does have non aerosol body wash available too..<br /><br />The resulting foamy wash comes out thick, it is creamy. Because it reminds me so much of a shaving cream, that it what I have been using it for. Then whatever is left over I use on rest of body. Is pleasant smelling enough to me but it isn't quite a pure aromatherapy experience for me. Clearly it uses a variety of essential oils- rosemary, orange, eucalyptus, peppermint, limonene. However, for whatever reason, it contains ""parfum (fragrance)"" as an added ingredient. As well as Alpha-Isomethyl Ionone, another synthetic fragrance ingredient. Is there not enough naturally occurring scent from the use of essential oils? I think the added synthetic fragrance is redundant and takes away from the olfactory experience.<br /><br />As an actual wash, it is fine.<br />3 stars-- this is just a middle of the road rating.  I am not in love.  The experience is underwhelming. I am much too quickly going through the container. Aromatherapy experience is a little off  as I pick up on something other than essential oils. Otherwise the cleansing action is fine. But.. I likely won't repurchase.<br /><br />I think if I really want a foam wash, I will just use another body wash or make my own wash and pour into a foaming soap dispenser.<br /><br />CRUELTY FREE  |  NO PARAFFIN, SILICONE OR MINERAL OILS  |  PLANT-BASED | PARABEN FREE  |  VEGAN<br /><br />Aqua (Water), Sodium Laureth Sulfate, Butane, Glycerin, PEG-40 Hydrogenated Castor Oil, Isopropyl Palmitate, Prunus Amygdalus Dulcis (Sweet Almond) Oil, Mentha Aquatica Extract, Rosmarinus Officinalis (Rosemary) Oil, Citrus Aurantium Dulcis (Orange) Peel Oil, Eucalyptus Globulus Leaf Oil, Mentha Piperita (Peppermint) Oil, Linalool, Limonene, Benzyl Alcohol, Geraniol, Alpha-Isomethyl Ionone, Sodium Levulinate, Sodium Anisate, Parfum (Fragrance), Hydroxyethylcellulose, Sorbitol, Propylene Glycol, Glucose, Propane, Isobutane, Citric Acid, Lactic Acid, Sodium Hydroxide",1605277820525,False,1
AF2BLE54TEMGZ546U763ZHZRXC4A,B01N99J9FD,3.0,"dry soft granular ""scrub""/mask, just add water/hydrosol. Directions for use on Face","This Juicy Chemistry face & body scrub is a very mild, and seemingly gentle ""scrub"" chock full of great ingredients. For rating, I am right in the middle of neither really liking it nor really disliking it (ok, maybe leaning a more toward dislike for me). The ""3 stars"" include the fact the company (and their ingredient selections) seems of high quality and may be worthwhile to check out.<br /><br />I have mixed thoughts on this, so please bear with me as I try to explain.<br /><br />At first glance, the small container is packed to the brim with a dark brown, dry, granular looking substance. This is primarily a combo of coffee powder and cocoa powder. I thought it was going to be a rough scrub, and immediately thought that there is no way I would use that on my face. Since it says, ""for face AND body"" my plan changed  to use it on my body in the shower. However, the directions say to apply TO FACE, and allow to sit for 10 minutes/until dry. That isn't happening as a body scrub. In the shower.<br /><br />So now I am back to trying it on my face. It did not come with a spatula or spoon, so plan to use your own. Or scoop out with a finger.I have tried it by spooning out a bit of product and adding water, adding a hydrosol, and adding an oil. The latter makes it easiest to use through I do not know if it impeded the other ingredients. Also, it wouldn't dry with oil. But it did stay in place with oil.<br /><br />Any granular feeling quickly melted down, so I felt better about using it on my face. But still, not a fan of anything granular on face. Overall, I don't like it for my face- I only tried it once because that is all I could handle. . It felt like it left some powder behind. I felt compelled to rewash my face to get any remnants off. Meh.<br /><br />Body is fine (and is why I selected it for use). When used with all bases I mentioned, the result was a slightly oily feel. Not heavy, not greasy. Definitely a little bit of hydration/moisture. Ultimately not a fan of it for my face, but do like it enough for use on body. HOWEVER, I do not ""keep it on until it dries"" while I am using it.. in the shower. I just use it like a regular body scrub. I either add water to it, or oil. OR use a basic creamy body wash as the vehicle. Now that I think of it, even a body lotion would work (especially if you have one you dont love and want to use up). Once again, the oil (or body wash/ lotion) is easier to worth- I can work it all over body, massage it in, and as it rinses away once again that slightly oily feel is left behind (not greasy, not heavy, rather soft and light; rather nice).  Make sure to rinse shower as this will splatter brown all over.<br /><br />I like that the product is packed into a small jar container, and that it needs a base (water, hydrosol, etc) which can be good or bad depending on your preference. By needing to add your own, the product is more concentrated (not paying for added water,etc), but it lends just a tiny bit of inconvenience. Use in the shower is awkward. Use as a scrub mask is going to come down to preference. If you like a more granular feeling physical scrub/exfoliator this may not be for you. If you use more, you may get more of a scrub feel (I guess you could add sugar). I use less as I do not want a harsh physical scrub. For the shower, I prefer a greater scrub feel, so I use more. I am thinking now I may add this to another jar, add some cream or oil, and some added sugar for an easier to use shower scrub experience.<br /><br />Packaging is nice, and pleasant to look at. Could be worthy as a gift if this seems like something someone would like.<br /><br />Full Ingredient List:<br />Sucrose*, Coffea Arabica Seed (Coffee)Powder*, Theobroma Cacao(Cocoa)Powder*, Theobroma cacao (Cocoa) Seed Butter*, Butyrospermum Parkii (Shea) Butter*, Citrus Sinensis (Sweet Orange) Essential Oil*, Vanilla Planifolia (Vanilla) powder*, Simmondsia Chinensis(Jojoba Oil)*, Corylus Avellana (Hazel) Oil*, Coffee Infused Oil*, Tocopherol^, Helianthus annuus Seed Oil, Rosmarinus officinalis(Rose Mary Antioxidant) Leaf Extract.<br /><br />""Formulated especially for dry skin, this scrub brings together the classic combination of Coffee and Cocoa with a hint of Sweet Orange.<br /><br />Cocoa has powerful antioxidant properties that help to heal damaged skin and other skin ailments. It helps renew and promote healthy cell development. Ground coffee beans gently exfoliate the skin and also reduce the appearance of cellulite and stimulate skin cells.<br /><br />The fatty acids and Vitamin E content of Hazelnut oil help create a natural oil barrier that helps skin retain water and avoid drying out. It also contains tannins, a powerful antioxidant that help cleanse and shrink pores. Vitamin E also helps with collagen synthesis and reduce the appearance of scars.<br /><br />High Vitamin C content in Orange makes skin radiant and also helps in collagen production resulting in supple, hydrated and age-less skin.<br /><br />Sugar acts as a natural exfoliator and helps to gently remove dead skin and impurities making it radiant and softer.<br /><br />Rich in fatty acids and natural vitamins, Shea Butter moisturizes the skin to relieve dryness. A super-hydrating blend of Cocoa Butter, Natural Vitamin E, Extra Virgin Olive Oil, Jojoba Oil, and Sweet Almond Oil makes skin softer and smoother.""",1603474193808,False,0
AF2BLE54TEMGZ546U763ZHZRXC4A,B08BB3P4VQ,4.0,"light, liquidy, quick absorbing, no added fragrance (but contain E.O.), gentle, great post shower","Quick absorbing, non greasy watery hand & body lotion. I like my body lotions to be on the thin side as I find it easier/quicker to apply as well as quicker to absorb. When I have extra rough spots, then I don't mind using a thicker emollient. But for just out of the shower lotion to lock in moisture.. I want a thinner lotion. This provides that. Yet, it is moisturizing enough to use any other time of day. Leave at kitchen sink for hand moisturizing as needed is great too. But not at bathroom sink lest someone mistakes it for toothpaste, haha. It is in a toothpaste style container. Just flip cap and squeeze.<br /><br />It feels nice on skin, has no added fragrance. I like their 1513 face lotion and I like this hand/body lotion too. I tend to have dry skin, so I find both are better for me for summer or days I just a light hydration boost. Easy to use, no frills lotion that is gentle on skin. I appreciate the nourishing ingredients and that they offer a no fragrance added option. Any hint of scent is entirely naturally occurring. However, this may not be for you if you seek to avoid essential oils as is is listed at the end.<br /><br />Overall it is a nice product. No irritation. No issues thus far.<br /><br />Key Ingredients:<br />--Rose Flower Water: Helps maintain the skin's pH balance<br />--Organic White Willow Bark Extract: A natural exfoliant that helps reveal brighter, radiant skin; Acts as an astringent and anti-inflammatory<br />--Aloe Leaf Juice: Hydrates and helps to lock in healing ingredients • Hemp Seed Oil: Treats inflammation and redness<br /><br />Ingredients:<br />Organic Aloe Leaf Juice, Organic Coconut Oil, Glycerin, Stearic Acid, Emulsifying Wax, Witch Hazel Water, Vitamin E, Sunflower Seed Oil, Phenoxyethanol, Organic Hemp Seed Oil, Rose Flower Water, CBD, Organic White Willow Bark Extract, Organic Rosemary Leaf Extract, Organic Neem Seed Oil, Organic Alcohol, Xanthan Gum, Tetrasodium Glutamate Diacetate, Essential Oil",1602256451928,False,0
AF2BLE54TEMGZ546U763ZHZRXC4A,B088GWCVVJ,5.0,"non greasy, high moisture, makes skin soft, supple, comfortable feeling","My skin: mid 40s, leans dry, semi sensitive*, clear but with redness/visible veins (rosacea).<br /><br />My skin has been really loving this Easydew Daily Double Hydra moisturizer. I love K-beauty products and hadn't heard of this line. I am glad to have been able to try it as it just works really well for me. I highly recommend that it is paired with their Double Hydra Toner, especially if you like using hydrating toners using the 7 skins method (apply toner in layers until skin has soaked up as much as it can). Then follow with this, and the skin feels light, fresh, hydrated, supple, smooth, plump, and oh so happy. I find that I can use it day and/or night. I really have no preference. Seems to play well with other products (SPF, serums, masks)<br />https://www.amazon.com/dp/B077BTR9H4/ref=pe_1098610_137716200_cm_rv_eml_rv0_dp<br /><br />As someone who engages in hobby skin care, I like finding through trial and error items that I would buy again, or would be my go-to if I had to choose just a couple things. These two are my go-to items. If I don't feel like playing around with other products, or if I am in between testing products, this combo just saves my skin and makes it look and feel so good. In a time when we really shouldn't be touching our faces (and we shouldn't anyway), sometimes I can't help it as my skin just feels soft and pleasantly moist.<br /><br />The bottle style is very familiar to me. Tall, thin, with twist off cap. Squeeze to get product. 2.02 fl ounces will last quite some time even when using a generous amount. Dont forget neck and chest :)<br /><br />When I say I have semi sensitive, I used to have really sensitive skin- felt easily irritated, often had a burning feeling or itchy feeling. I had to learn about ingredients and figure out what bothered me. But ultimately, I learned that it incorporating ingredients that help repair and maintain the skin barrier is what helps most of all. So ceramides, occlusives, Natural Moisturizing Factors (NMF), Serine, copper, and several others.. that just help the skin significantly. Add in hydrating toners and consistent use of SPF, and the skin is looking good. Now, using harsh products can contribute to broken skin barrier, but often it is simply environmental or physical (too many exfoliating sessions, too harsh/physical scrubbing, too much sun/wind/vacillating temps). So I consider my skin semi sensitive because I am aware that I used to have really sensitive skin and now I seem to not to, but I still actively regard and address my skin in terms of maintaining skin barrier. THIS product has ingredients that help the skin barrier (NMF, Serine).<br /><br />I like it a lot, good stuff. Definitely recommend.",1600623351306,False,2
AF2BLE54TEMGZ546U763ZHZRXC4A,B087X4B475,4.0,"seems promising, will continue to update (added Edit below)","Interesting array of ingredients. The predominant scent (and minor, initial flavor) is that of seaweed, since that it the primary ingredient. It doesn't come back up in burps like a fish oil can.<br /><br />I have been taking this for 2 weeks now. I did not immediately start with a full 2 caps does as I wanted to make sure that I could tolerate the new ingredients. I can. So then about a week in I began taking two caps. I know I have forgotten a dose or two, but I am through 2 of the six blister packs, and just starting my third. I am embarking on a multi pronged approach to my massive shedding cycles. I used to have incredibly crazy thick hair and over the past 10 years or so, it has greatly reduced. My hair grows fine (it is nearly waist length) but the hairs are thinner, and the overall volume on my scalp has reduced. While we all naturally shed, the amount that comes out when I am in a shedding cycle is depressing. I hope to reduce the frequency and amount of loss. SO, I am taking supplements, starting some new DHT blocking shampoo and conditioner, adding in a scalp treatment.. etc. This supplement is all together different than what I have been taking, so I am extra hopeful for its effectiveness. It am currently either in an ""off shedding cycle"", or my approach is working. I don't want to claim yet that this is working as I think the benchmark for noted improvement is 3 weeks. BUT I'm not too far off, so maybe?! I am keeping track, so I will be back to update as I go. Currently, I feel fine taking this, and it never makes me feel nauseous.<br /><br /> It is a 60 capsule (30 day) supply. Easy to pop out blister packs of 10 capsules, 6 blister packs total in a cardboard container. The pills are a typical sized basic soft capsules that could be opened up and added to food or drink.  Acquired 08/2020, it has expiry date of 02/2021.<br /><br />From my knowledge of Ashwagandha, if you have hyperthyroidism, you may want to avoid this herb, where as if you have hypothyroidism (me!) it can be a helpful herb to use.<br /><br />Suggested daily use: take 2 capsules with a glass of water.<br /><br />INGREDIENTS  1 CAP  2 CAPS<br />-Brown Seaweed (Ascophyllum nodosum) extract  100 mg  200 mg<br />(increase hair mineralisation, which leads to thicker hair)<br /><br />-Ashwagandha (Withania somnifera) extract  170 mg  340 mg<br />(improve scalp circulation and strengthen the hair, possibly reverse grays)<br /><br />-Triphala extract*  170 mg  340 mg<br />(repairs damaged hair and increases hair volume)<br />* (Emblica officinalis, Terminalia bellerica, Terminalia chebula, 1:1:1)<br /><br />-Korean Ginseng (Panax ginseng) extract  20 mg  40 mg<br />(strengthens the hair follicles with optimum nutrition, thereby reducing hair fall to a large extent and stimulating healthy hair growth)<br /><br />-Fleeceflower (Fallopia multflora) extract  30 mg  60 mg<br />(helps stimulate the growth stage in hair follicles)<br />--------------------------------------------------------------------------<br /><br />Notes:<br />--Seanergix 4 New Hair is not effective in cases of Male Pattern Baldness (baldness due to generic reasons).<br />-- Not recommended for pregnant women.<br /><br />From their webpage:<br /><br />The combination creates one of the best and strongest Natural products to prevent hair loss and regrowth hair.<br /> --After 3 weeks of using Seanergix 4 New Hair it will be visible that the hair is in process of reduction in hair falling.<br />-- After 3 months of using Seanergix 4 New Hair almost 40% of new/regrowth hair will be seen!!!<br />-- After 6 months of using Seanergix 4 New Hair the reduction in hair loss is almost stopped while the hair growth continues to regrow.<br /><br />This is one of those things that if you see it working, you will want to continue with it. Upfront expectation to really know if it is working seems to be around 3 months-- which would be true of any product of this nature.<br /><br />---------------------------------------------------------------------------------------------------<br />EDIT: Within the one full pack of use (some skipped doses), I can tell there is less hair fall. This makes the first benchmark accurate. ""After 3 weeks of using Seanergix 4 New Hair it will be visible that the hair is in process of reduction in hair falling"". Possible that I was ending a shedding phase, but I have indeed experienced reduced shedding while taking this product.<br /><br />It is because of this that I decided to KEEP GOING with it. Going forward.. For me to be able to tell the second benchmark has been met, ""After 3 months.. almost 40% of new/regrowth.. will be seen"" I will need to continue to buy this.  So I know I will actually need at least 2 more to be able to tell if this second benchmark is accurate. I may be awhile, but I will continue to update. (and of course, if it does actually work, then I will be continuing this for quite some time).",1597756252489,False,0
AF2BLE54TEMGZ546U763ZHZRXC4A,B07RGZNDV4,5.0,"excellent sunscreen with skin loving ingredients, broad spectrum, great little container","The ""Drop the Bomb"" BBOSONG Suns stick uses one of THEE best UVA/UVB sunscreen ingredients on the planet: ""Bis-Ethylhexyloxyphenol Methoxyphenyl Triazine""! Say that 5 times fast. Or once. lol. It is a broad spectrum, highly photo stable, chemical sunscreen. Chemical sunscreens mean that they absorb rays and disperse as heat before they can reach skin and do damage. The SPF rating of 50+ and PA++++ means that it offers the highest amount of protection that a sunscreen can offer.<br /><br />Korean skin care, particularly sunscreens, can use super effective ingredients that products made in (or for) USA can not have because the governing bodies have not approved it. It is not because they are unsafe, but because there is a significant amount of bureaucracy involved. No new sunscreen ingredients have been approved in the USA in over 15 years, sad since there are so many wonderful innovations in the rest of the world. We lag greatly behind. Fortunately, we can still buy these products.<br /><br />The other sunscreen used in this product is, Ethylhexyl Methoxycinnamate (Octinoxate)- a less stellar chemical sunscreen that has mixed thoughts on its efficacy, safety, and desirability. It protects only against UVB rays and breaks down when exposed to light (10% per 30-40 minutes). However, when combined with another broad spectrum sunscreen, it compliments it very well.<br /><br />The third sunscreen component is, Octocrylene.  Screens out the UVB and somewhat in the UVA II range. It is quite photostable (loses 10% of SPF protection in 95 mins) and is often used to stabilize other photo-unstable UV-filters (octinoxate) It is also often used to improve the water resistance of the products.<br /><br />As for all the other ingredients- primarily stabilizers, viscosity controlling ingredients, hardeners-- basically all ingredients that make it a STICK than can glide onto the skin. It is formulated to melt into the skin on contact, and yet absorb thoroughly. Basically, you won't even know it is there.<br /><br />And like so many other Korean skin care items, there are ingredients that go above and beyond the basic sunscreen-- included are skin loving ingredients (emollients, skin conditioners, soothers) such as Japanese knotweed, water lily, gotu kola (centella asiatica), camellia japonica, Lespedeza Capitata Extract (anti inflammatory), scutellaria (ie scullcap/mint), green tea, licorice, rosemary, chamomile<br /><br />Has a super mild scent- clean, fresh almost like a deodorant, but subtle.<br /><br />Happens to be a in a container that reminds me of deodorant. Super small, cute. Stick in a pocket or purse. I happen to love using it on my hands. I am in my 40s, and while I have been using SPF most of my life on my face, I figured it was high time to remember to put some on my hands. I like keeping this in my purse or my car, and applying it when I go to drive. That seems to be the time that my hands are most consistently exposed to the sun. Figure, hands on the steering wheel and in front of a big window. So yeh, this is perfect for that.<br /><br />I have no problem using this on my face.  Doesn't grab skin when used over a moisturizer. If need be can be applied/emulsified in palms then patted on. I prefer it as my ""reapply"" SPF rather than my first application product (I am used to a cream style). When I do apply it to my face, I always run it over my lips. It is very silky, doesnt have a sunscreen flavor or feel, and it is adding much needed hydration and protection from the sun.<br /><br /> Again, I am in my 40s.. clear fair skin but with Rosacea (non acne- just redness and visible veins). Leans dry. Loves Korean skin care.<br /><br />This is so clear, so clean feeling, and so incredibly light that I wish I could show you how it doesn't even feel like anything is on. Not greasy, not even dewy. My skin feels bare.<br /><br />If I have any complaints, it is the use of fragrance. While it smells nice and doesn't really linger.. it would not make a top choice for use on my face. I do however like it for everywhere else and rather enjoy the light scent before it dissipates fully.<br /><br />Even so, it is a really good product, so far. If I experience anything else, I will be back to say so.<br /><br />For all the other ingredients, the each rate 1-2 (very low in terms of hazard to self or environment) on EWG Skin Deep Database.",1596938837662,False,0
AF2BLE54TEMGZ546U763ZHZRXC4A,B07PTQHSQS,5.0,LOVE! super gentle manual exfoliation & chemical peeling product; deep cleans pores; brightens,"I am a big fan of Neogen products, and Korean beauty products in general. I like that the focus tends to be on creating healthy glowing skin through skin loving ingredients and maximizing hydration, which all skin types need. I find these Neogen Real Charcoal Pads to be super gentle, non irritating, lightly hydrating, skin brightening, deep cleaning of pores and other yucks on skin. Skin never ever tight, never irritated-- and I have non acne ROSACEA (flushing, telangiectasias/veins).<br /><br />I hadn't used the charcoal pads before, so I was excited to try them out. There are 60 pads in a tub with twist off lid. One side of the pad is quilted and you can clearly see the charcoal coloring. The other side is smooth. The pads are quite damp, and there is plenty of product on them to take care of face and neck, or to use as a targeted ""sheet mask"". Avoid eye area.<br /><br />DIRECTIONS: AFTER washing, swipe the quilted side over skin. Then use smooth side to pick up traces of impurities. Pat in remaining essence.<br /><br />When I swipe the quilted side over my skin, I like to go slow with gentle pressure. I allow the product to sit for a moment before flipping the pad over to the smooth side (more white than gray) and wipe my face. One side applies the product, the other helps to lift up what is left behind- or brought to surface as it is meant to draw out impurities and wastes. I noticed that the pad was turning tan/brownish leading me to believe that these pads were indeed doing a good job of breaking down excess junk on my face (despite a good cleansing) and leaving my skin feeling supple and clean. I followed the directions that state to pat in any excess product. I wasn't sure whether to follow up with my hydrating toners, or skip to my Hyaluronic Acid (HA). Since skin needs moisture to make HA most effective, I patted on one layer of hydrating toner, a layer of HA, followed by a moisturizer to help lock in the hydration. I think this charcoal pad is gentle enough to use daily, if need be. However, I have been using it 2-3x a week. You will have to experiment to see what is best for you. My 40 something rosacea skin is sensitive, leans dry, and loves hydration. My skin can use an occasional boost in really purifying my pores and such. I am really liking this product so far. It just feels so gentle on my skin!<br /><br />Benefits, and a little more info:<br /><br />--Charcoal powder and peeling essence ingredient- Hydroxycinnamic Acid- provide double synergy effect for absorbing sebum and removing dead skin cells. The charcoal powder delivers gentle yet effective adsorption benefit to draw impurities, while hypoallergenic peeling essence (Hydroxycinnamic Acid) provides manual exfoliation combined with chemical peeling effect.<br /><br />--Manual exfoliation + chemical peeling effect.<br />--With two sides including Charcoal pad that cleanses the skin and embossing pad that softly purifies the skin.<br /><br />--Pore clarifying: Formulated with natural Peat water and Charcoal powder(310 ppm), these help to draw deep-seated sebum, whiteheads, dead skin cells, and other impurities out of pores for smoother and clearer skin.<br /><br />--Gentle Peeling: NEOGEN PHA™ removes dead skin cells and impurities without irritation or discomfort while leaving the skin radiantly hydrated and smooth. Softly cleanses skin, non irritating.<br /><br />--Skin soothing: TECA™ formula (Titrated Extract of Centella Asiatica) delivers a soothing benefit to skin; helps create bright skin. Centella Asiatica has potent antioxidant properties, rich source of amino acids, and there's additional research showing that it's a good hydrating ingredient to soothe upset or compromised skin.<br /><br />INGREDIENTS:<br />Water, Butylene Glycol, Glycerin, Dipropylene Glycol, 1,2-Hexanediol, Betaine, Panthenol, Charcoal Powder(310ppm), Peat Water, Asiaticoside, Madecassic Acid, Asiatic Acid, Acacia Senegal Gum, Cetearyl Olivate, Sorbitan Olivate, Allantoin, Gluconolactone, Citrus Aurantium Bergamia (Bergamot) Fruit Oil, Glyceryl Caprylate, Tromethamine, Ethylhexylglycerin, Acrylates/C10-30 Alkyl Acrylate Crosspolymer, Xanthan Gum, Propanediol, Citric Acid, Hydroxypropyl Methylcellulose, Alcohol, Rutin, Hydroxycinnamic Acid, Potassium Sorbate, Disodium EDTA",1580061530082,False,3
AF2BLE54TEMGZ546U763ZHZRXC4A,B0002M5JNY,5.0,great tool in helping to maintain a healthy mouth,"So much better results than a manual toothbrush. So much better than a battery operated toothbrush. This really does a good job getting the teeth and gum area clean. Definitely helps in keeping mouth healthy. I have a used a few brands and they all do a good job- some last longer than others, some have replacement heads that can be purchased as generic, some dont. I usually purchased the name brand replacements. Anyway, I was always happy with my toothbrush.",1561140836683,True,0
AF2BLE54TEMGZ546U763ZHZRXC4A,B07LCHCD6Q,4.0,"easy use, comfortable, could have longer nozzle","I use a larger plug in water flosser unit in my full bathroom (on upper level of house) which has a large capacity water reservoir. I typically take my time and use it at night before bed. However, I wanted a unit on my main floor bathroom for quick use during the day without having to go back upstairs, or for use if I am going to be gone all day and want to take it with me. Therefor I have been keen on getting a portable chargeable flosser. That, and my first floor bathroom is super tiny with nowhere to put a typical flossing unit nor anywhere to plug it in. This is perfect for me!<br /><br />Nice unit, right out of the box. It is attractive, feels comfortable in the hand, as is easy to get it going. While it comes with instructions, it is easy to figure out- very intuitive. USB cord is good length. The port that plugs into the unit has a pop-in cover (""anti-fouling rubber stopper""). It doesn't come attached, and I wish it did since I'd rather not have that area exposed to water. I sense that I will lose that cap soon enough, or just forget to use it. We'll see.<br /><br />The unit comes with four attachments, all for doing different jobs- so unless someone has a need for this unit and for an attachment for something different than what you need, I would say this is for solo use. Good sized water reservoir, too.<br /><br />Unlike my main unit, this one has a fairly straight nozzle in comparison. This makes it a challenge to get behind the rear most molars. If the nozzles were a little longer, with slightly more curve than it has, I would consider this a perfect product.",1555785204360,False,0
AF2BLE54TEMGZ546U763ZHZRXC4A,B07LBK2YQX,1.0,deplaner wand= razor handle. Just use a razor,"I waited a little while after trying out this product to write a review. I was super curious about it, and I was hoping that it was something amazing that I may have overlooked in my skin care routine. I read that it is way more effective than an eyebrow razor. Then I tried it, and it made me laugh. It is not better. I don't want to sound cynical, but I really don't want  you to spend money where you don't have to.  See, Do It Yourself/DIY deplaning is pretty much shaving. Don't let this more expensive ""deplaning tools"" state otherwise. I would either buy any regular shaver of your choice, and/or use one of the smaller eyebrow shaver tools. Check  out Youtube and see all the people using the latter for this purpose. This is NOT salon level. Putting it in a pretty pink box and seeing single blades in an awkward razor handle (sorry, ""WAND"") does not justify expense. Even if it were as cheap as a typical razor, or eyebrow/facial razor, I still would not recommend, which I will get to.<br /><br />If you take a look on Amazon, more and more of the eyebrow/facial razors are coming out, with longer lengths, and with the hot word, ""deplaning"" in the description. Despite the product description/cautionary tale- eyebrow razors are sharp enough, as well as regular razors. Seriously, if you are looking to remove thicker hair or even peach fuzz, one of these cheaper tools will work. This is trying to fit that niche, but with a fancier presentation. Don't fall for it. Schick has regular razors and the small eyebrow/facial razors that will do the job.<br /><br />Why do I say all this? because I shave EVERY day. I use a regular razor (I think 3 blade) on the large parts of my face, and the smaller eyebrow/facial razor (single blade) for smaller areas (thought these areas only need to be attended to once in awhile). I am a female in my 40s and I have been shaving since I was in my teens. I have dark hair and very light skin, with a propensity toward excess hair all over, so any hair on my face stands out. I never cared for that (shocker), and NO, shaving never ever creates more hair, or thicker, or whatever. What shaving (or call it ""deplaning"") does do is clean up the face and exfoliate. Shaving isn't just for guys!<br /><br />Anyway, I used this on one side of my face, and use my other typical tools on the other. I preferred outcome with my typical tools. I tried it over the course of a few days, so I could give it a chance and determine if I learned anything new. But I kept coming back with same result- this is no better, and even less effective than my regular razor and/or little eyebrow facial razor.<br /><br />When I tried this product, I was thinking that maybe I would get an even closer shave. Nope, not even close. I tried it according to the meager directions- use on a dry face. Not impressed. Thinking maybe I could do better with a damp face, I tried that- definitely not. I pulled skin taut, I made sure product was pressed firmly but gently, I tried short strokes, I tried long strokes.. I worked the angle of the razor as recommended, and just found it hindered my sight, and it was hard to tell if I was getting anywhere with it. I went back and tried to research the product, or similar products, I tried to find videos- just nothing that made me think I was at all using it wrong. I am experienced with facial hair removal, and this is not what I will be using.<br /><br />One thing I do kinda like: I like that the handle is trying to make people use it at the correct angle- it takes a little getting used to. There is a tiny bit more fineness required with the small single razor eyebrow/facial razors, but I have never cut myself with one. I did nick myself with this. So maybe the guiding design isn't great, after all?<br /><br />I want to clarify: General information on deplaning says not to use products for a couple of days and to only do this once a month or so. That is really just for professional level deplaning. If you are doing this at home, with what amounts to a regular razor, (no matter the size, or how it is packaged), once can and should use their products as usual, and shaving can be done daily. If you do not have much hair to remove, then just 1-2x a week should suffice. If you are a hairy beast like me, who could easily shave 1-2 times a day, then know that the degree of exfoliation provided in this manner does not require refraining from product use. Though, that is all dependent upon how your individual skin reacts.  Now, if you were getting this professionally done (the tools are different, and does a thorough job), then by all means follow directions of your technician.<br /><br />What's in box: 2 handles, with two razors (ie, ""deplaning blade"") in each handle (ie; ""wand""). A little brush to clean out hair that will build up. Not extra razors. Not protective cover to keep them sharp. I don't expect them to last long- it is just a single razor, nothing special. The ""wands"" do not appear able to have the razor swapped out. Instructions are same as the ""instructions for use"" listed in this product page. Basically a printed version.<br /><br />Hope this helped. Again, I don't like to be so negative about a product, but this is one that I do not find more effective than what it is trying to replace.",1555438600776,False,24
AF2BLE54TEMGZ546U763ZHZRXC4A,B07MRFZQVW,4.0,cold jade feels good on face,"Jade roller and jade scraper comes in pleasant looking box with a small bag to store these items in. It would make for a nice gift. Product claims to be made of real jade, which I looked for in making my decision.<br /><br />The jade roller feels good on the face, especially when first being used due to the coolness of the stone. I wouldn't normally buy something like this, but I already massage my face a little every day (fluid build up), so I thought this would be an interesting way to change things up.<br /><br />Again, I love the feel of the cool stone rolling across my face. I have rosacea and it just feels so comforting on my reddened skin. I haven't been real consistent with its use so I can not attest to how effective it is in terms of benefits to the skin. It does provide a gentle massage, which is good for draining lymph nodes and helping to reduce swelling. I am using it before I put on moisturizers, etc, as per recommendation on instructions. It says using this before hand will help the products work better. In my 40s with barely emerging fine lines, I am all for doing what I can to keep those at bay.<br /><br />As I learn anything new, I will add to my review.",1555083048699,True,1
AF2YKZQRMRGJ655I3MKQUYFGRQGA,B098DVT5S4,4.0,great,Great stencils im just mad that I only like one stencil for my face features.,1661949614312,False,0
AF2YKZQRMRGJ655I3MKQUYFGRQGA,B085RS26YH,2.0,meh,TOOOOOO many split ends.  already crunchy.  Do not bleach,1638813285639,False,0
AF2YKZQRMRGJ655I3MKQUYFGRQGA,B095KFXNV7,5.0,not just for bald men,I use this faithfully on my girly areas and it get it baby soft no stubble.  Love it.  I can use it in the shower or in front the mirror.  Great battery life/  Oh he likes it too but we fight over it so I am just gonna order another.,1635521105512,False,0
AF2YKZQRMRGJ655I3MKQUYFGRQGA,B0894D5668,5.0,Great bundles,"Bundles !!! Great hair, no smell, no shedding, no ragged ends.  Hair lasted about 3 weeks then got nappy at the ends.  I would not recommend bleaching.  Its ok quality, hair you get in a pinch when you have an event to attend.  Not birthday hair.  lol",1628871583688,False,0
AF2YKZQRMRGJ655I3MKQUYFGRQGA,B08PLFZB89,4.0,Love the hold,Great hold for lace wigs.,1627562626680,False,0
AF2YKZQRMRGJ655I3MKQUYFGRQGA,B093319X7G,2.0,Meh,"Didn’t work for me.  I guess you must have kind of thick brows to begin because painting skin is not good,  it peeled right off leaving no trace of brow.  too thick to not peel off.  im perplexed",1626876422686,False,0
AF2YKZQRMRGJ655I3MKQUYFGRQGA,B08PPQ6KR6,2.0,you cant cut them,Smaller than displayed. Hair started to unravels upon removal out the pack. It was a hot mess!  Cannot cut them,1626707633145,False,0
AF2YKZQRMRGJ655I3MKQUYFGRQGA,B07SLFWZKN,4.0,Gets and keeps my hair straight,"Awesome product.  Yes the smell is terrible and the ingredients are no better, but I may say it gets my 4c hair straight and keeps me from flat ironing it daily.  Its a lot of steps and not for the faint of heart.  It works for me.  It kept my hair straight for at least 2-3 months and then my curls reverted back slowly.  Will buy again.",1626437707345,False,0
AF2YKZQRMRGJ655I3MKQUYFGRQGA,B08XXKYTP5,4.0,hair growing,"I have lost a lot of hair and I can see in my hairline that it was thinning badly, my mom has the same issue and is fully bald in her crown.  I tried all products like rogain and pills. And I found this beauty and omg after just two weeks I see little hair growing in my thinning hairline and now 3 months later and 3 bottle of the hair serum later my hair grow back to normal thank you again very good product and costumers service",1626188042084,False,2
AF2YKZQRMRGJ655I3MKQUYFGRQGA,B07JC3GQQM,3.0,maybe,"Makes my hair fuller, and I did like the scent and how easy it was to use. I didn't like how small the bottle is, how much you have to use to get my hair coated, however it doesn't clean well, and gave my hair any extra volume.",1626184936369,False,0
AF2YKZQRMRGJ655I3MKQUYFGRQGA,B08QHTMV69,4.0,Had high hopes,"Not full human hair, its ugly and I cant even tell what is the front or the back.",1621000262058,False,0
AF2YKZQRMRGJ655I3MKQUYFGRQGA,B08QFGV5ZQ,4.0,pack hair,Lord this hair is nappy  DO NOT BUY,1616612169970,False,0
AF2YKZQRMRGJ655I3MKQUYFGRQGA,B08J2692VD,4.0,Great for braiding,"This hair is amazing! Doesn't tangle easy, easy to braid, and after dipping, they hardly fuzz. I've used other brands, and this is by far the best for the price. Will definitely buy again.",1615303068131,False,0
AF2YKZQRMRGJ655I3MKQUYFGRQGA,B08HZ5Y8RY,3.0,nice colors for fall,"cute colors for fall.  Only 2 coats needed.  Nice,  opaque gel polishes that last! All are very unique and perfect neutrals. the shade names are  the color of the shade inside the bottle which is helpful, but the are not stuck on the bottle very well.  Nice size bottles.",1610035062636,False,0
AF2YKZQRMRGJ655I3MKQUYFGRQGA,B08LPC1G23,4.0,Learning curve,"I am very happy with this product! There is definitely a learning curve at first but once you get the hang of it it's easy! it’s not as easy as it looks. You’ll have to figure out a good technique that works. I have thick curly hair, I use it after I straighten it, my hair has yet to get tangled in it.",1608729549526,False,1
AF2YKZQRMRGJ655I3MKQUYFGRQGA,B08J2GS1DN,4.0,Nice and soft,"Cheap, Very soft, good quality Marley hair.  I buy braiding hair on Amazon a lot but, never keep track of which I buy. This is my second purchase, different color first time for ombre. I love this hair and it's easy to install.  No itching or irritation to my scalp.  Good smell and color",1606748407240,False,0
AF2YKZQRMRGJ655I3MKQUYFGRQGA,B089GR9CFM,5.0,Yes Life,"Did the individual crochet method and loved it.  Some of the twists are bigger/smaller, used the larger in the back.  You will need additional packs if you want a full head.  Love the inches",1605096563845,False,0
AF2YKZQRMRGJ655I3MKQUYFGRQGA,B089GK1KHW,2.0,Nope,Makes the most hilarious eyebrows.  I am going to try on someone else maybe thats the issue.  The stencils are too long I have thin short brows and this does not fit my face at all.  Package arrived on time is about this best thing about this product.  Sorry but NO!!!!,1605095460133,False,0
AF2YKZQRMRGJ655I3MKQUYFGRQGA,B083122WRC,4.0,Really cute,"cute but thing.  I ordered an additional pack to make it fuller, but that is all I have to complain about.  Others may like it as it is but I prefer big and full hair.  I will order a 26 or 28 inch to make it full and long.  I always wanted a bang wig.",1600706637781,False,0
AF2YKZQRMRGJ655I3MKQUYFGRQGA,B0842BXM5M,2.0,Not really for 4c hair type,"This did nothing for my edges or flyways.  Maybe I can use it for my brows to make them lay smooth,  other than that its useless for AA hair types.  It does smooth down the edges but they do not stay put for more than and hour.  It might for in a pinch if you forget to lay your edges .",1600345688329,False,0
AF2YKZQRMRGJ655I3MKQUYFGRQGA,B08DKFV9SR,3.0,Good braiding hair,"Great ombre braiding hair.  not to many snags, or tangles while braiding.  It dips well and is able to hold a curl for a very long time.  This was enough to do my cousin entire head.  Love it, will order more",1600125208629,False,0
AF2YKZQRMRGJ655I3MKQUYFGRQGA,B089RLLT5C,4.0,Good for those orange roots,"I use this to tone my closures after I bleach them.  works like a charm to take the redness or orange out of the hair.  works like a dream and it makes the hair much softer after bleaching, I did not get the crunchy roots.",1600083356530,False,0
AF2YKZQRMRGJ655I3MKQUYFGRQGA,B0BTJ6SYKB,3.0,Meh,It has more of a masculine scent to me.  It does not last for a long period of time.  It has an earthy texture and does not mix with my body scent at all.  I do not like it,1598961115654,False,0
AF2YKZQRMRGJ655I3MKQUYFGRQGA,B08628RC6W,5.0,cute but needs work,This is super cute but its needs some tlc.  It needs to be thinned out and layered for my liking. If you are able to do that this can be a great unit.  I thinned out the sides and layered the top.  Its really cute now.  Its synthetic and not a lace wig but you can make it look catural.,1597314887376,False,4
AF2YKZQRMRGJ655I3MKQUYFGRQGA,B086JN17SK,3.0,Meh,"They ok, not the best lashes..... I like em full and long.  these are church lashes (LOL)  but they work, they stick to your eyes momentarily they last about 2 days whereas my usual lashes last for about 4-7 days.  Says reusable but you will have to clean them well.",1595958388547,False,0
AF2YKZQRMRGJ655I3MKQUYFGRQGA,B07WTZP6WD,3.0,Super thick,"These are fashion lashes, not for daily use.  They are very long and noticeable.  Great for nights out and picture taking.  Not really intended for work or school.  They are easy to put on and take off, but they rip easily.  They are very dramatic and long so be aware.",1583929976410,False,0
AF2YKZQRMRGJ655I3MKQUYFGRQGA,B083PV1NRN,4.0,My go to lashes,"Great for daily wear, I even sleep in them.  They come off easily when I need to remove and do not pull my own lashes out.  They do not feel like mink lashes and seem more of a plastic feel, but are soft and mimic mink lashes great.  They are think and luscious but are not cartoony.  I have had this pair on for 4 days now and still look great.  Everyone thinks I put them on daily but, nope I sleep in them and they do not get bent, fold, or lift while I sleep. They are easy to put on, I prefer using hair glue and install them directly above my lash line to prevent my lashes from being removed.  I will order more.",1583928712872,False,0
AF2YKZQRMRGJ655I3MKQUYFGRQGA,B07JGRW1M9,1.0,WORST CLOSURE EVER,"got this to add to my bundles,  HORRIBLE, sheds, is nappy, and brittle, I have never had  closure this awful.  EVER.  I wet it every hour and as soon as i look n the mirror its poofy, nappy, and ZERO waves.  I wish i could return.  PLEASE DO NOT ORDER THIS CLOSURE!!!!!!!!!!!  ive had it for two weeks installed. and cant take it anymore.  i am replacing the closure this weekend",1559330876455,True,1
AF2YKZQRMRGJ655I3MKQUYFGRQGA,B01LKL38KG,2.0,NOPE,its balding,1534851460531,True,1
AF2YKZQRMRGJ655I3MKQUYFGRQGA,B075SRQWZN,3.0,OK closure,i purchased this to match other hair.  blended perfectly.,1534851438672,True,0
AF2YKZQRMRGJ655I3MKQUYFGRQGA,B06X8YFTMD,2.0,"too good to be true,  NO GO ON THIS ONE","bundles are thin.  i have an undercut and both sides shaved  i used all except 1/2 bundle.  hair sheds, ends are thin.  so thin in fact i cut off about  4 inches off the ends.  it doesn't tangle that much.  no smell.  hair is dry and doesnt hold curls well.  the curl patter fell straight out the pack.  the hair is not true to length.  the 28 is more like 24 and after cutting the ends its like 20.  not the best or worst.  wont purchase again",1534851388262,True,0
AHPGHDFIU3BUB3RQBP56RQQA7W4Q,B09JNRPRKT,4.0,Good warming device. Works nicely with massage oil/gel. Bit pricey.,"This device is very similar to wax warming devices. It matches some higher end wax warmers, with the variable temperature control (some low cost wax warmers have an on/off switch only). The aluminum warming pot seems to have thinner wall thickness, though. The warming/melting pot is very light weight.<br />Wax warmers, with variable temperature controls, range in price $20 - $60 (with some on sale for under $20, and some 'professional' level units considerably more expensive).  So, at $50, this is close to the upper end of the price range.<br />This warmer does heat up and maintains the chosen temperature. We tested the warming device with massage oil, and it does a credible job.  A nice touch is a red light indicates the device is in the heating process to attain the selected temperature. It turns green, when it's at the selected temperature, giving a 'green light' to use the warmed material.<br />Overall, it's a competent warming device that seems a bit pricey. It does meet expectations, earning a 3.75 - 4 star rating.",1644533380962,False,0
AHPGHDFIU3BUB3RQBP56RQQA7W4Q,B09G22586Y,5.0,Nice size. Easy operation. Effective curling function. 👍👍,"Of course the first thing that the significant other noticed about the product is the pink coloring. She said it goes perfectly with her other hair/beauty products.  So, already it has a head start.<br />It comes inside a nice, somewhat snug drawstring bag. This is useful for transporting the curling device. And, yes, the compact size makes it very sensible to pack for remote (away from home) usage.  Another key aspect of the product is wireless operation. Evidence: she comments that not having to worry about wires or being close to the wall outlet is fantastic. And, not dealing with power cords means better time efficiency.<br />Operation is fairly easy. A long press of the power button turns it on. When you press the power button again, you advance to a feature you can alter/select, with that aspect blinking. For example, the ""R"" might be blinking. You use the +/- button to change it to ""L"" (R and L indicate the curling direction, creating right or left curls). In this manner, you can change the direction, temperature and timer.  The display also shows the battery power status.  When the curler device has reached proper temperature, it beeps. You can then insert a small section of hair. Curling appearance/tightness will depend on hair texture, temperature and time of treatment.<br />The battery capacity is rated at 5000mAh. It takes 3 - 4 hours to fully charge a depleted battery. This affords 4 - 6 hours of continuous operating time.<br />Attached are photos to show real world images of the wireless hair curling device, with a ruler for size reference. Close ups of the display, with varying settings, is provided to some of the selection options.<br />The significant other gives it two thumbs up with a smile.  👍👍  😄  Accordingly, it earns a 4.5+ star rating, with a very high level recommendation.",1644453687341,False,0
AHPGHDFIU3BUB3RQBP56RQQA7W4Q,B09M7YP4SJ,5.0,Nice blonde shades. Excellent quality synthetic hair. Expected length.,"I mentioned to the significant other that this was a 'real hair' blond wig. She excitedly took it and looked it over. She told me to check again, because it looks almost real, but doesn't quite feel like it. So, i admitted that it's synthetic hair, and wanted to test her.  She rolled her eyes and laughed. She then commented that the wig hair contains excellent quality synthetic hair, and it could fool people, unless they closely examined and touched it. And, even then, most people would probably not realize it's synthetic. So, that's a testament to the this product's quality.<br />She did like the blonde coloring of the hair, that it was a smart gradation of shades creating an attractive arrangement.<br />Attached are photos to show real world images of the wig and accessories.<br />Bottom line: excellent synthetic hair, good length and appropriate coloring. She says it's easily worth a 4.5 star rating, and she would recommend it.",1643766874231,False,1
AHPGHDFIU3BUB3RQBP56RQQA7W4Q,B09MKLLL5J,5.0,"Adorable temporary tattoos.  Good details, very cute. 👍","These temporary tattoos are very adorable.  The assortment of cartoonish animals and insects is sure to delight children.  There are four sets, with ten sheets per set.  Each sheet has between 9 - 15 graphics, so you get an abundance of different tattoos. In fact, they claim to supply 430 tattoos!  So, if you're having a children's party, you'll have more than enough to tattoo a horde of kids.<br />Attached are photos to show real world images of the temporary tattoo sheets, with a ruler for size reference.  The photos only show 9 of the 10 sheets of each set, only because of spacing/framing for the picture.  In some of the photos, you can see the 10th sheet behind another sheet. But, you can get a very good idea of the number and diversity of graphics.<br />The temporary tattoos match exactly the pictures and comments in the product details. Accordingly, it earns a 4.75 star rating, with a very high level recommendation. Thumbs up.",1640824076211,False,0
AHPGHDFIU3BUB3RQBP56RQQA7W4Q,B08Z7FQGW3,5.0,Exactly as shown. Beautiful. Excellent construction.,"This is perhaps an extremely expensive product. Well, actually the cost of the tiara is decent. But the coronation party that she now wants is gonna cost a fortune. haha.<br />Seriously, this is a very attractive vintage, baroque style tiara. It looks like it was crafted by artisans of days long past.  It's a solid metal construction, with exquisite details and beautiful adornments.<br />Attached are photos to show real world images of the tiara, with close ups of the design details and embedded gemstones.<br />We are very pleased and satisfied with the appearance, feel and quality of this ornate tiara/crown. It fully meets expectations. It deservedly earns a 4.75 - 5 star rating, with a very high level recommendation.",1630800225300,False,0
AHPGHDFIU3BUB3RQBP56RQQA7W4Q,B095SHWTG6,5.0,Metal drill handle/body = professional look/feel. Great battery. Easy to use. Good power.,"This is quite an impressive battery powered nail drill. It's a very credible device, with a motor capable of 35000rpm.  So, it has the power. Visually, it has an attractive design with a professional/industrial aspect. The metallic body of the drill body exhibits durability and sturdiness.<br />The top segment of the drill handle twists, with a marker that indicates position respective to the locked/unlocked icons. Obviously, these position are for removing/inserting drill bits. Make sure that after inserting the selected drill bit, the top is twisted and engaged in the locked position.<br />The battery pack also doubles as the control module for the drill. The silvery knob (plastic) turns on the power and gives access to the variable speed settings.  When powered, the display shows the direction of rotation, F/R, and the speed. The button below the display allows the user to change the direction of drill rotation. Under that button, marked Status,  toggles the display from direction and speed to the current power status of the battery. (In the attached photo, P91 indicates Power 91%)<br />The controls are easy to understand, and manage. There's a belt clip on the back of the battery pack/control module. You can opt to have it affixed to a belt or pocket, or place the pack on the table where you can easily make adjustments.<br />in terms of battery efficiency, it takes 2 - 3 hours to fully charge a depleted battery, while affording up to 20 hours of operating time. Actual time will depend on speed and application load. I would expect actual real time use to realize over 10 hours of operation. The charging:operating time ratio is very impressive.<br />I've seen/used prosumer level nail drills, very similar to this product. Those units can range in prices over $100.  Based on comparative costs, this is priced very well in the market genre. In other words, it's a very good value for the features and quality.<br />Based on these considerations, this portable nail drill earns a 4.5 - 4.75 star rating, with a very high level recommendation.",1628893099730,False,1
AHPGHDFIU3BUB3RQBP56RQQA7W4Q,B095WPDG8H,5.0,"Eye catching, attractive nail charms.","These are exactly as described and shown in the product details. The charms are lovely, and will definitely catch everyone's eye. It comes with a nail piercing tool/hand drill. It's very sharp, so be careful. I think using glue is safer than piercing the nail. The significant other said it's done on long nails (especially on artificial nails), so there's little risk of impaling the finger. After she explained it, I understood that the charm is meant to be near the nail tips.<br />Attached are photos to show real world images, with a ruler for size reference. The nail piercing tool unscrews apart. This is a clever method to protect the sharp drill bit/point.<br />The charms are inside a disc container, with a top that can rotate. There's a 'window' cutout that provides access to each section that contains respective charms.<br />In summary, the charms are lovely, and match the images and description in the product details. The nail piercing tool/hand drill if functional. Based on the quality and value, it earns a 4.5 - 4.75 star ratig, with a high level recommendation.",1625778456482,False,0
AHPGHDFIU3BUB3RQBP56RQQA7W4Q,B0953XRVXX,5.0,"Wow!!! Interesting, intriguing terahertz stone in gua sha form.","Ok, i will confess that I didn't know anything about natural terahertz stones. From online reserach; ""The terahertz stone, an ore produced by extracting silica from sand or quartz was discovered by Japanese scientists a decade ago to have a terahertz vibration frequency which lies between that of microwaves and far infrared light on the electromagnetic spectrum with its frequency ranging from 0.1 to 30THz."" Wow, right?<br />As for those interested in the metaphysical/energy aspect: ""Terahertz stone is an excellent energy provider tool. This silver gemstone supplies you with a healthy and potent energy flow to be highly productive and efficient while performing tasks or working on goals that are requiring a high brainpower stream.""<br />In terms of the 'paw' gua sha, this stone is smartly designed and well crafted. The silvery sheen is highly reflective, the polishing effecting a shiny, glossy and very smooth surface.<br />There is a small 'eye' hole, to allow a lanyard cord attachment. Personally, I would not use the provided lanyard, and store it, as is, in the provided drawstring pouch.<br />The natural terahertz stone gua sha is pristine, with nary a scratch or nick. The contour has very smooth rounded edges. It looks good and feels good in the hand. Whether you subscribe to the energy aspect, or impressed with the vibration aspect, the fact remains that it's a viable gua sha tool.<br />Attached are photos to show real world images of the natural terahertz stone gua sha, with a ruler for size reference. The gua sha actually look much better in real life.<br />At $13, this is a good value for a decent 'paw' gua sha. For a 'paw' gua sha with premium aspects, it's an excellent value.<br />Based on these observations and initial impressions, this gua sha earns a 5+ star rating, with a very high level recommendation. I am very happy to have this gua sha in my collection.",1625004942728,False,0
AHPGHDFIU3BUB3RQBP56RQQA7W4Q,B08RYN11N9,5.0,Attractive. Excellent construction. Smooth rolling action.,"This facial massage roller is exactly as shown in the product details. The roller is composed of quality materials and manufacture. While they give instructions for cooling therapy, by placing it in the fridge, it can also be used for warming application. I use a heating pad or heated gel pack to envelop the massage tool (specifically the rollers). This warms the metal roller sufficiently to afford a warming massage.<br />The one minor issue is the brand name emblazoned on the handle. I would have preferred a solid purple coloring on the handle. This is shown in the pictures in the product details, so this issue won't affect the rating. However, I do feel it's too large, conspicuous on the handle.<br />The significant other still uses this with the rollers at ambient temperature or cooled. However, she does like it when I warm the rollers and apply a massage to the back and sides of the neck.<br />Overall, this metal facial massage roller is exactly as shown and described in the product details. It's well made, durable and attractive. It meets expectations, earning a 4.75 star rating, with a very high level recommendation.",1624888732014,False,1
AHPGHDFIU3BUB3RQBP56RQQA7W4Q,B093LSSHYB,5.0,Excellent qualtiy aventurine/jade stones. Quality craftsmanship.,"The aventurine/jade in the massage roller and gua sha differ in terms of coloration. However, it does not detract from the overall quality and attractiveness of the set. The presentation further lifts the value as a gifting option.<br />The gua sha has a nice thickness, and has a good degree of polishing. This creates a shiny and very smooth surface. The contour has smooth rounding, with clean lines. Inspection of the heart shaped gua sha found no defects or flaws. Happily, there are not scratches or nicks to be found on the aventurine gua sha.<br />The massage roller has features associated with premium level products. It has the metal collar/ring on the metal axle/arm where it meets the stone roller. This is a nice aesthetic touch.<br />An important aspect, which isn't a cosmetic affect, is the plastic grommet that acts as a bearing between the metal arm/axle and the stone rollers. This plastic piece facilitates a quiet and smooth rolling action; without this grommet, there's a good possibility of noticeable squeaking and a 'rough' rolling motion. Of equal import, the grommet protects the aventurine and the metal arm from direct contact, and avoids erosion of both parts.<br />The set matches the description and images in the product details. I appreciate that the company is upfront about the stone being aventurine (it is often called Autralian or Indian Jade, due to the appearance, but is actually part of the quartz family). Many companies use the jade classification to enhance the credentials of the product. It's not deceptive or misleading. Anyway, glad to see the company provide an honest account of the materials.<br />Attached are photos to show real world images, with a ruler for size reference.<br />Based on the quality and initial impressions, this massage roller and gua sha set earns a 4.5 - 4.75 star rating, with a high level recommendation.",1624583806003,False,0
AHPGHDFIU3BUB3RQBP56RQQA7W4Q,B095JJ723L,5.0,Top notch. Excellent quality set. Exellent bargain/value.,"There are two important aspects regarding this product. Price and quality...and both are positive impressions.<br />In terms of cost, with the current coupon, the $8 cost of this set is not just an excellent value, it's an amazing bargain. That would be a good value for just the rose quartz gua sha, alone. Even if this was a mediocre, average quality massage duo set, $8 would still represent a very good value. And, as the following review will note, the components of this set are more than worth that price.<br />I consider the gua sha to be the lesser of the two pieces. Still, it is a good quality rose quartz stone, with beautiful coloration. it has ample polishing, affording a shiny and smooth surface. The contour is adequately and evenly rounded with the same smooth surface as the rest of the gua sha. Close examination of the stone finds no defects or cracks, no scratches or nicks. The only concern is the gua sha is a bit thinner than I prefer.  Gua sha stones seem to follow two paths: thicker with more of a rounded aspect and thinner/flattened stones that seem to be a slice of rose quartz, that's then polished to smooth out the surface and edges.  This gua sha is in the latter category. It's still a valid, credible gua sha.<br />The highlight piece is the massage roller. This has two sizable roller heads. One is the typical smooth roller, while the other is a segmented/ribbed roller. The smooth roller is nicely polished, while the ribbed roller has more of a natural texture. On a normal dual sided massage roller, there are two different sized smooth rollers. On this tool, the rollers are distinctly different, but approximately the same size. This gives the tool a good balance.<br />The massage roller has the plastic grommets where the metal arm/axle enters the roller. This serves to protect the rose quartz and the metal arm from abrasive interaction. It also acts a bearing, affording a quiet and smooth rolling action. Furthermore, the plastic grommet is larger and better designed than other quality massage rollers. Another nice design feature is the metal collar/ring on the metal arm/axle at the intersection point. This design aspect is found on premium level massage rollers.<br />Attached are photos to show real world images of the product offering, with a ruler for size reference. Various angles and close ups are provided.<br />I am very impressed with the quality of design, materials and manufacture. It clearly met expectations. If the gua sha was the thicker version, this set would rate a 5+ star rating. So, if you prefer the thinner/flattened gua sha then you'll love this set. Based on my personal preferences, and overall positive impression of this set, due to the gua sha, the product receives ""only' a 5- star rating. Yes, a 5 minus, just a very slight negative based on the gua sha preference.  A very high level recommendation for this product.",1623889937792,False,2
AHPGHDFIU3BUB3RQBP56RQQA7W4Q,B08ZYDMZF4,4.0,"Professional character. Smart design. Quality toolset. But, one serious issue/flaw.","This is a very credible cuticle care toolset. The handle/shaft can be used with one or two specialty heads inserted. You can customize it according to your specific needs, at the time. And, using a simple hex shape connection gives sufficient grip of the various heads. I believe there's a magnet inside the shaft, to enhance the hold of the head.<br />Having a central shaft/handle, with access ports on either end is a clever design. Unfortunately, this is great in theory, but I encountered a problem with the opening on one end. Most of the heads would not fit into the cavity. And one that did fit, would seem to get stuck, requiring much force to remove it. Each of the heads should fit into the hex opening on either end. I think it's a manufacturing error, the opening not the exact same size as the 'good' opening.<br />The assortment of heads is impressive. They are composed of quality stainless steel, with a professional appearance.<br />If the handle did not exhibit the problem, creating a serious issue with inserting the heads, this would be a 5 star rated product. However, based on an issue which seriously affects the basic functionality of the tool, it receives a 4.0 - 4.25 star rating.",1623887001605,False,0
AHPGHDFIU3BUB3RQBP56RQQA7W4Q,B08MQM39Y9,5.0,"Excellent quality rose quartz massage roller. White/very pale pink, with hints of pink.","This is a typical rose quartz massage roller, but it's crafted with quality rose quartz and excellent manufacture. The presentation lifts it's value as a gifting option. While there is a natural variation of the rose quartz, and there's no way to tell if you'll get the same rose quartz colors that I got, I love the almost white/very pale pink color, with hints and shades of light pink interspersed faintly in the roller. The color is the first thing you notice about massage rollers, and this is an eye catcher.<br />This product is not perfect, though. The handle seems to be composed of a resin/plastic. It is very light weight. Use of the resin/plastic magnifies the imbalance of the product. The color matches the stone rollers, though. If the handle was also rose quartz, this would be at least a 5 star product.<br />The rollers have the plastic grommets that are found on properly designed/manufactured massage rollers. It serves to protect the stone and metal arm/axle from rubbing against each other. It also acts like a bearing, enabling a smoother rolling motion. The massage rollers without these grommets i place are sub par products. Thankfully, this feature is mentioned in the product details, and indeed is found on each of the connecting points.<br />Overall, the massage roller displays quality aspects and is visually impressive. Except for the resin/plastic handle, it's a fantastic product. For me, the balance is an important element. But, when I encounter a beautifully constructed tool, a structural miscue become more pronounced. Still, it's amongst the premium level of this product genre. As such, it merits a 4.75 - 5 star rating, with a very high level recommendation.",1622577006317,False,0
AHPGHDFIU3BUB3RQBP56RQQA7W4Q,B08R3KHG94,4.0,"Very nice design, materials. Some issues with the roller surface.","There is much to like about this product offering. You get two boxes, and each has two of the rollers. So, you receive 4 of the massage rollers. In this fashion, you could give one set away as a present, and keep a pair for yourself. Anyway, getting four massage rollers is a nice feature.<br />The handle is ergonomically shaped, and has a sleek appearance. The composite material is lightweight but feels very sturdy, durable. The roller is composed of the same composite material and sheathed in a thin metal veneer.  Overall, it's a visually attractive massage tool. Attached are photos to show real world images, with a ruler for size reference.<br />Examination of the product found that 3 of the four rollers has noticeable defects on the metal covering the rollers.  The fourth had some very minor pittings/spots. These are unfortunate blemishes on an otherwise credible and stylish massage roller.<br />Despite these defects (see attached photos, for three instances of the said defects), the massage rollers do perform as described in the product details. If the stainless' steel did not exhibit the physical issues (note that these were not surface dirt/smudges, but engrained scuff and pitting) did not have obvious defects, this might be close to a 5 star rated product.<br />Again, it's a nicely designed product, and most of the massage roller is composed of quality composite material. Based on observations and considerations, this product set earns a 3.5 - 3.75 star rating.",1618091104181,False,0
AHPGHDFIU3BUB3RQBP56RQQA7W4Q,B08Q46XSF7,4.0,Different design than conventional bathtub pillow. Not as plush. Good price.,"This bathtub pillow doesn't use the conventional tub pillow design. it seems less plush, concentrating on providing a more pronounced gray colored, centered pillow. This grey section is indeed more padded than the surrounding areas of the pillow.  The white portion of this product has a very thin layer of cushioning, which makes the gray section seem fuller. But, in fact, it's less plush than my bathrub pillow of the conventional design. And that applies to all aspects regarding the cushioning.<br />Perhaps this design, with less cushioning allows them to lower the price point. This product is significantly less than the conventional design product. So, if budget is a primary consideration, this might be worth consideration.<br />While I am not overwhelmed by the plushness (or lack of) nor with the overall design, it does match up to the description and pictures in the product details. Both of us felt that it was not too comfortable, not close to the 'spa' experience.<br />Based on these observations and impressions, this bathtub pillow earns a 375 - 4 star rating, with a moderate level recommendation.",1616126262589,False,1
AHPGHDFIU3BUB3RQBP56RQQA7W4Q,B08P4YQ3K5,5.0,"Nice facial steaming product, with handy portable misting device.  Decent performance.","At a spa, people go into the steamroom to relax muscles, open pores and detoxify. This device isn't a steamroom but aims at providing some of the same benefits to the face and neck, especially regarding the skin and pores. This device heats water up to 104F, creating steam which is expelled from the golden rim outlet. Unfortunately it cannot handle the addition of essential oils,  recommending only pure water (or weak alkaline mineral water). This would have been a fantastic ability and function. Oh well. As a pure water streaming device, it is a decent performer.<br />It does not take long for the water to heat, about 30 seconds, and a fine steam mist is pushed out from the device. The optimum range is 6 - 10 inches away from the steam port. It's a good idea to start at a 12 inch distance, and ease your face closer, gauging your skins tolerance.<br />(Note: you can add toner that can fully dissolve into the water. The key is not to have a viscous liquid, or particulates, which will adversely affect the atomization.)<br />We found operation to be fairly simple and easy. Fill the water reservoir, put reservoir back into it's position. turn on the unit, within 30 seconds face gets a spa steam experience.<br />Is this as effective as those face steamers that have a cone that keeps the steam contained? No, because the steam floats freely. But, it's also multiples cheaper than those kinds of facial steaming devices. This is a credible portable device, that is compact enough that it won't take up much counter space. It's minimalist design will allow it to fit in with most decor.<br />It's easy to set up and operate. It's acceptably effective.<br />Also included with this steaming device is a mini misting device,  a headband (with pink ears) and 4 skin care tools (intended to help treat acne and blackheads).<br />The mini misting device does not heat the water you put in it. Rather, via a rechargeable battery, a touch of the button will spray a fine mist. This is very handy in the summer, when you might want a spritz of water to help cool you when outside. It's an apt complement to the facial steaming device.<br />I found the facial steaming device to be capable of decent performance. If you have realistic expectations, you'll enjoy this product. And, I like the rechargeable portable misting device.<br />Overall, a worthwhile product set, which earns a 4.5 - 4.75 star rating, with a high level recommendation.",1614396527233,False,3
AHPGHDFIU3BUB3RQBP56RQQA7W4Q,B07YV9J2YZ,5.0,"Exactly as described and pictured. Lovely, stylish headbands.","These are two stylish, attractive headbands. They have faux pearls  attached in a visually appealing, decorative fashion. There is the appropriate amount of spring inherent to the curvature of the headband. The satiny material (most likely a polyester blend material), has a nice look and feel, and is arranged in a braid-like manner. The headband is covered with a velvet fabric. Overall, it's and attractive pair of headbands.<br />I don't feel they are high enough quality for a formal gathering, but easily appropriate for office and casual affairs. Attached are photos to show real world images, with various angles of the headband. A close-up shows more of the texture of the fabric and the faux pearls.<br />In general, these are functional and attractive headbands. The receive a 4.25 - 4.5 star rating, with a moderately high level recommendation.",1614219176207,False,0
AHPGHDFIU3BUB3RQBP56RQQA7W4Q,B08GKVYS1Y,5.0,Excellent quality. Very attractive assortment of confetti and glitter polishes. Small bottles.,"This is an excellent assortment of attractive, quality gel polish, with base coat and top coat (no wipe and matte versions). The presentation elevates the worth as a gifting option.  One of the best features of this set is the bottles of gel polish provide actual representations of the contents. On the top of the cap is a sticker with proper identification of the color (including glitter, confetti varieties). Also on the front label is a small circle, under the brand name, that has an accurate portrayal of the contents. Finally, a company gets it. So, this boosts the rating a bit.<br />There are 16 varieties of gel polish, with confetti and glitter. The consistency is perfect, allowing application of a thin coat. An ability to apply a thin coat is essential, mainly due to the size of these bottles. They are 5ml (0.17fl oz), which is one of the smallest bottles of gel polish that i've encountered. This is actually a disappointing size/quantity of gel polish. Based on the size of the bottles of gel polish, I consider this to actually be a sampler set, as opposed to a set of 'normal' sized bottles of attractive confetti, glitter gel polishes. So, i guess one can try out the various polishes and then purchase larger bottles of desired varieties.<br />Overall, I feel all of the polishes in the assortment are visually attractive. The polishes are excellent quality, and produce excellent results. The significant other tested the gel on some fake nails, and i commented that it looks beautiful as is...no need to add any embellishments/decorations. She agreed., but said she'd combinde solid color gel polish with these, and add some rhinestones or other decorations, maybe create a marbled effect. I could see her creative juices flowing.<br />The product does match the descriptions and pictures in the product details. The presentation is effective and top notch. We like the quality and consistency of the gel polishes and base/top coats.  If the bottles were at least the size of the base/top coat bottles, this set would be perfect and worth 5 stars. As currently configured, based on observations and impressions, this quality 'sampler' set earns a 4.5 - 4.75 star rating, with a high level recommendation.",1614054869460,False,0
AHPGHDFIU3BUB3RQBP56RQQA7W4Q,B08RHMK2GL,4.0,Nice jade massage tool set. Large rollers on one tool. Issues with Gua Sha Jade.,"The very first glance of the jade massage tools, I was enamored of the rich green coloration. Plus the massage roller seemed to have a roller that was larger than usual. I was thus prepared to have this product exceed my expectations.<br />The roller has good quality materials, with decent manufacture. I am a bit dismayed because the rollers seem to interact directly with the golden tone metal arms. Most credible massage rollers have a 'buffer' , like a gasket, that minimizes the stone from rolling against the bare metal. This is important because direct contact will eventually take a toll on either part. The rollers on this tool more freely, but keep in mind that the stone is rolling against the metal rod. Add pressure and you have a circumstance wherein friction will gradually erode either of both contact surfaces. This issue is little noticed, unless you have some experience with this type of massage device.<br />The gua sha jade stone, also with the striking green hue, unfortunately had a number of issues. It has pitting on the surface, a nick on the edge and a few obvious scratches on the surface. I understand that natural jade stone will have imperfections, but nicks on the edge are not acceptable, and scratches that appear to be a machine error, not a natural phenomenon definitely affect the rating.<br />So, I have to say that my expectations were not met. In fact, sad to say, examination lead to disappointing issues. As such, this massage roller and gua sha earn a 3.5 - 3.75 star rating.",1614036917734,False,0
AHPGHDFIU3BUB3RQBP56RQQA7W4Q,B08P15TB2V,5.0,Excellent gel polish. 6 glorious colors.,"A smart presentation elevates this as a gifting option. You receive 6  bottles, 8ml (0.26fl oz), of popular fall, winter colors.  The significant other loved 5 of them, and thought the brown was nice, but doesn't complement her. But, that is would work nicely if she used contrasting decorations on it. So, actually all 6 are attractive and usable, but she was especially fond of the other 5. haha.<br />Attached are photos to show the unboxing, and images of the product. Also a close-up of the gel polish that was being used today.<br />The gel polish is rich and somewhat thick. The significant other said it's really good. That she can use a thin layer and get good coverage. The bottles are numbered, but wouldn't it be smart to put a dot with the actual color of the enclosed gel polish on the bottle top? She agreed, and shrugged her shoulders. Since this seems like an industry standard, of not identifying the colors with...color, the lack thereof does not ding the rating.<br />These seem to be quality gel polishes. The colors are rich and look great after UV curing. Personally, I don't comprehend 'fall, winter' colors, but I appreciate the vibrant color.<br />Based on initial impressions, this set receives a 4.5 - 4.75 star rating, with a high level recommendation.",1613951680692,False,0
AHPGHDFIU3BUB3RQBP56RQQA7W4Q,B088MG4JDK,4.0,Interesting design. Very nice rubber brushes.,"This comes as a set of 2 brushes. I was intrigued by the design of these detangling brushes. The brushes appear to be constructed of quality materials, with a nice tactile feel (meaning they feel good in the hand). Examination of the brushes found them to be free of defects, both were in excellent condition, thus it had quality manufacture.<br />There is a spacing bar that separates the brush tines (for lack of a better term). On specific segments, there is a hole in the tine, which  correlates to a prong in the spacer bar. This kinda determines the spacing of the segments, with each space on the bar 'snapping' over the brush tine for a secure connection.  One of the attached photos shows a close-up of the spacer bar and the brush tines to illustrate the parts and the holes in select tines. Amazingly, it is a working setup.<br />The rubber bristles are excellent to run through the hair. It is slightly curved, with long bristles. They are firm, but not inflexible. My initial impression is very positive, it's an excellent brush.<br />Cleaning is simple, too. Just pull out any errant hair strands, and run it under hot water. Done.<br />Overall, the brushes match up to the descriptions and depictions in the product details. It fully met expectations, too. In fact, I think I like the feel of the brush more than I expected.  As such, this set of 2 rubber detangling brushes receive a 4.25 - 4.5 star rating, with a moderately high level recommendation.",1610762222935,False,0
AHPGHDFIU3BUB3RQBP56RQQA7W4Q,B08HRHCZV2,5.0,Perfect size. Excellent silicone squeeze bottle with mini-carabiner.,"This set of 6 soft squeeze silicone bottles, with mini-carabiner (ok, they're not actually carabiners; they're belt clips, but similar to being small carabiners, allowing you to secure the bottle to backpacks, belt loops, etc). The bottles come with 3 in clear, 1 blue, 1 green and 1 pink. It's a good mix, and the clear probably being the most versatile, since you'll be able to view the quantity and more easily identify the contents.<br />The silicone appears to be very good quality, is soft enough to easily squeeze, but firm enough to retain it's shape. Plus the tactile qualities of the silicone is very nice. The screw cap has a hinged topper that has a plug that fits snugly into the spout. The cap screws onto a hard plastic threaded piece. It's a relatively simple design that just works well.<br />Using plain water as a test, there was not a single drop of leakage. A very good sign. I did not abuse the bottle, and I'm sure that with enough pressure on the silicone bottle the cap could open, or there could be a leak. But, under normal circumstances I don't see leaks happening.<br />These are ideal to keep handy good quantities of hand sanitizer, hand lotion, creams, essential oils. I like the idea of the belt clip and the general design of the bottle.<br />Examination of the bottles found uniform construction, with no defects or flaws. These are cute and functional.<br />These silicone squeeze bottles earn a 4.5 - 4.75 star rating, with a high level recommendation.",1610165574675,False,0
AHPGHDFIU3BUB3RQBP56RQQA7W4Q,B08JVK8B58,4.0,"Excellent design, quality. Excellent value.","The two implements in this set are solid with excellent design. It is characterized by quality materials and manufacture. The presentation also elevates the giftability.  One tool serves as a mini roller and an applicator. It has a round, flattened end that allows the user to easier scoop creams or oils, and apply to the face (especially in the eye region). On the other end of this tool, is a spherical massage surface. The small size makes it ideal for delicate areas, like around the eyes.<br />The larger massaging tool is more akin to other similar massaging tools. However, this has no moving parts. This is a very functional tool for acupressure as well as general massage techniques. The gently rounded pointy side is good for focusing pressure at a target point. The dual sphere  end covers more surface area and distributes pressure accordingly. The spheres on this tool have an insert, different metallic nub on each sphere. I think this is to give the option to use the rounded pressure of the sphere and gradually transition to the more direct point on the nub.<br />These are visually attractive and solidly constructed. They are functional with an elegant, graceful aspect.<br />My inspection of both tools found no defects, nor flaws, no sharp edges. Basically they are exceptionally well done.<br />I feel they are well designed and match the descriptions and depictions in the product details. For the quality, i feel it's an excellent value for a bit over $13.<br />This set receives a 4.5 star rating, with a high level recommendation.",1610146508861,False,0
AHPGHDFIU3BUB3RQBP56RQQA7W4Q,B08HGZXLP6,5.0,Great amber glass spray bottles. Exactly as described and shown.,"These are excellent amber colored glass spray bottles. The capacity of each bottle is 16 ounces. Keep in mind that this is glass, not plastic. There are inherent advantages to using glass, such are durability and environmental concerns. Also, glass will not chemically interact with most liquids (however, caution is still necessary since the spray top and mechanism is composed of plastic). The disadvantage is that this kind of glass bottle is heavier than comparative plastic bottles. The amber color protects the contents from light (sunlight and uv exposure). My view is this type of spray bottle is more on the premium end of the scale.<br />Included accessories: 4 regular screw on tops, 1 screw on eye dropper top, funnel, labels and marker. Each of the bottles comes with the plastic spray top already installed. I appreciate the regular tops, which effect a better seal than the spray tops, which will protect the contents from spills, evaporation and contaminants. I wish they provided at least 2 of the eye dropper tops, but I guess even getting one, when the the product is sold as spray bottles, is a bonus.<br />The sprayer mechanism can actually rotate, it's not a one piece sprayer top, the screw on segment is separate from the spraying segment. This is not a cheap spraying cap.<br />The set of 4 amber color glass bottles fully matches the descriptions and pictures in the product details. At $34, these are a bit pricey, but the glass is substantial, not thin.<br />Overall, these are impressive, and appear to be a premium variation of spray bottle. And priced accordingly.<br />These spray bottles receive a solid 4.5 star rating.",1610068366632,False,0
AHPGHDFIU3BUB3RQBP56RQQA7W4Q,B08KZQKD4G,4.0,"Cute design, nice colors. Functional misting spray bottle.","Even though these spray bottles look like giant pills (capsules), they are not a pill to operate. The set of 8, 4 of each color, has a clear bootle, with a pastel color (pink and blue) snap on top. In addition, there is a small clear cap that covers the spray head. So, in effect, there are 2 caps that cover the spray bottle. Hopefully, if there is a leak, either one or both caps will contain the liquid.<br />Even though the spray bottle looks like capsule, the bottom of the bottle is flattened, so it can stand upright. I was initially concerned about this when I first examined the product.<br />Using water as a test, the spray bottle emitted a fine spray; perhaps a bit more than a misting. It would excellent for a spritz of fragrance. I cannot say how well it will deal with thicker liquids, like oils. But, the product details state that it's fine for essential oils.<br />These are cute, and individually wrapped. As such, they are perfect for gift bags. They are cute and have good quality manufacture. The set of 8 spray bottles receives a 4.5 star rating, with a high level recommendation.",1610065600358,False,0
AHPGHDFIU3BUB3RQBP56RQQA7W4Q,B08CVCLVS2,4.0,Small bottles (.25 oz) of beautiful metallic glittery gel polish.,"This would make a great addition to an existing manicure/nail art set. Included in this set are 6 bottles of quality gel polish, 7.5ml (0.25 ounces). While each bottle could do a few maniures, I think of them as being more akin to samplers. For the price, I would have like more quantity.<br />It's winter, in fact we're having a severe snow storm right now. So, perhaps the cold affected the polish. Per the companies suggestion, we immersed a bottle in warm/hot water (not too hot). This had the effect of loosening the consistency of the gel polish. Whew!<br />The polish, with metallic glitter, is like metallic paint on a car, only more shiny and glittery. My original intent was to use this on 3D printed models, or for my crafts. But, the significant other made a convincing argument that it's gel NAIL polish. So, she claimed it (after I restored it via the hot water bath), and took it to her nail art/crafts station. She mentioned that it didn't have the strong 'stink' that some other glitter gel polishes have. Okay...She said that if she does her nails, she can't help me shovel the snow tomorrow. Why didn't I think of doing my nails, first?<br />The price of this set is slightly higher than comparable products (a dollar or two). I can't compare the products, but the quality of this set is very good. Plus, the fact that it needed a hot water bath, I feel the thickness is a positive indication of the quality of the polish. Being thicker means needing less for good coverage.<br />Overall, positive impresseions regarding this gel polish. It garners a solid 4 star rating, with a moderately high level recommendation.",1608163838948,False,0
AHPGHDFIU3BUB3RQBP56RQQA7W4Q,B08C2T24WG,5.0,"Beautiful, precision tweezers. Nice case, with cleaning brush.","This set actually exceeded my expectations based on the pictures in the product details. It easily matches up to the descriptions and depictions in the product details. It is attractive enough, that this would be welcomed as a gift.<br />Inspection of the implements found no defects or flaws, there were no scratches or marks on the nice black surface. The lengths might be a bit on the smaller size, but they are easily manipulated with one hand.<br />The only issue I have is there is no specific slot in the case for the scissors. So, it either rests between slots or shares it with one of the tweezers.<br />Overall, these are excellent tweezers and petite scissors. It merits a 4.5 - 4.75 star rating, with a very high level recommendation.",1607893968551,False,0
AHPGHDFIU3BUB3RQBP56RQQA7W4Q,B08BNR5DP1,4.0,"USDA Organic, orange peel grounded into powder.","This is a truly versatile product. It can be used in cooking or for external uses (as an astringent, vitamin C enriched application).  I thought the value would be for adding an organic orange flavor aspect to cooking/baking. However, I was enlightened by the significant other that it would make for an excellent face mask/scrub. Knowing that i'd eventually lose the argument, I simply divided the package into half, so we both could utilize this powder.<br />I do like that they included a bag clip, to help keep the foil pack airtight and watertight. This facilitates the longevity and safety of the powder. Still, I put my share into a sealable glass jar (dark colored to minimize sunlight exposure).<br />I sprinkled some of this powder into green tea, and it 'bloomed' into a tasty, tangy orange delight. it's a pleasant way to get a bit more Vitamin C, as well as any other flavonoids associated with orange peels.<br />It is true you can zest a fresh orange, or dry orange peels (my mother used to dry tangerine peels, to use in cooking asian cuisine, a tradition my sister carries on). However, having this ground orange peel ready to go is very convenient. And it's USDA Organic.<br />I will give some of this powder to my sister, perhaps hinting she could cook something and give me some. haha.<br />Besides being a time saver/convenient, the quantity is more than ample when you consider the amount of dried orange rind that is necessary to deliver quantity in powdered form.<br />I feel this orange peel powder merits a solid 4.5 star rating, with a very high level recommendation.",1606842853634,False,1
AHPGHDFIU3BUB3RQBP56RQQA7W4Q,B08DHZW3LK,5.0,Exciting assortment of gels. Excellence!!!,"Excellent assortment of poly gels that will complement anyone's collection. These are nice sized tubes, with popular colors and some pearlescents. This would make a welcome addition to the home nail artist, or to simply add beautiful poly gel polish to the nails. I note that this would make a good addition or complement a collection, because you'll need a UV lamp to cure the poly gel. And a brush is necessary, too.<br />Included in this set are some generic fake nails and some gold foil nail forms to facilitate nail artistry. Also, they include a container of silvery glitter as a free gift. Nice touch.<br />This is a very nice set, and the overall quality (including the presentation) makes this a serious gifting option.<br />Overall, this set earns a 4.5 - 4.75 star rating with a high level recommendation.",1603299307441,False,0
AHPGHDFIU3BUB3RQBP56RQQA7W4Q,B08FD2KP9R,3.0,"Nice, silicone back 'brush' bit too soft. Good handles.","We gave this 3 test uses for an initial assessment of this back scrubber/brush. It is designed nicely, with handles that make usage very user friendly. If they made this out of elastic, you could shower and do resistance band exercises. hehe. Seriously, the handles work well, and act as convenient loops to hang the device to dry out in the shower.<br />There is an issue with using silicone brush heads, they tend to be soft/flexible. So, if you use this brush, do not expect the same experience as a loofah or bristle brush. And, you have to really work up a lather in your hands and then transfer it to the silicone brush head. Attempts to create foam/lather by rubbing body wash or soap on the silicone just wasn't satisfactory.<br />As mentioned, the brush surface tends to be soft/gentle. The 'scrubbing' side does rub, but nowhere near deep cleaning or exfoliating level. The bumpy side, for massage, does provide a textured rub, but is even less effective for soaping and cleaning your back.<br />Maybe I'm too old school, liking my cleaning brush to be able to really scrub.<br />Attached are photos to show real world images, with a ruler for size reference.<br />Did not use the included hooks, because we used the shower caddy that already had hooks for shower accessories. The bonus bath sponge looks fine, but did not use that yet. Again, maybe I don't pamper myself enough while showering. haha. If the significant other uses it, any pertinent information will be added to this review. However, I think the majority of people will be concerned about the effectiveness and quality of the back scrubber.<br />So, the product does match the description and depiction in the product details. However, my opinion is the softness of the brush hinders the effectiveness as a shower back scrubbing device. I do like that it is very resistant to mold and is extremely easy to clean and maintain. Maybe I have to learn to adapt to the softer texture of this type of brush. Based on our experience, this silicone brush garners a 3.5 rating. If you already use and like silicone back scrubbers, this is a quality product worth considering. If you are old school, this might disappoint expectations.",1598564297736,False,0
AHPGHDFIU3BUB3RQBP56RQQA7W4Q,B07Q44Q9GJ,3.0,"Decent wig, very fine strands.","Due to the costs, one cannot expect to get a high quality human hair wig. Rather, with the proper expectations, this is a decent, synthetic strand, wig. In fact, the strands look like very fine, real hair. I would say that it is very similar to Chinese hair, which is fine, and very straight.<br />Being 14"" long, you have the choice of leaving it at the current shoulder length, or styling and cutting it. I like that aspect, making it more versatile.  This niche product works well for halloween, costume party, dung disguise event, as stated in the product description.<br />Overall, it's an inexpensive option for a decent wig. It's not really meant to fool anyone into thinking it's your real hair, nor to be a full, robust hairpiece. As such, it fulfills it's expectations and purpose. I'd rate this 3.5 stars.",1583452261293,False,0
AHBWH2LBU3NFLD46GKJKIBAHKXEQ,B08XZDXTG2,5.0,Helps with my adult acne,I struggle with adult acne and these facemasks help keep my condition under control. These masks feel soothing to my irritated and inflamed skin and moisturize the areas that tend to get dry from acne medications. These have a mild scent that doesn't flare my skin problems further. The masks stretch and po ssf ition well and are comfortable and breathable to wear. The pack is a great value as one box lasts me over a month. They are the perfect tool to help me feel more confident in my own skin.,1624474167200,False,0
AHBWH2LBU3NFLD46GKJKIBAHKXEQ,B07P88S8SV,5.0,A mini spa day,"This set is a perfect spa getaway at home. It has all you need to pamper yourself and help take care of yourself from head to toe. All the masks are comfortable, mild and soothing. They are made with ingredients that moisturize and condition without harsh or irritating chemicals. The scents are fresh and don't seem to be overly perfumed or artificial. The masks are breathable, comfortable, and leave you feeling refreshed, pampered, and invigorated. For me, this was a treat I can't wait to order again. It was my spa getaway for a fraction of the price.",1624445891116,False,0
AHBWH2LBU3NFLD46GKJKIBAHKXEQ,B08R3KHG94,2.0,"Great rollers, but poor service","On terms of performance, these rollers are really great. The cold surface works on anything, from pain relief for headaches, to joint pain, to reducing undereye puffiness. The rollers move smoothly and quietly, and the cold sensation ou n lasts for roughly ten minutes before needing to be placed back in the freezer. The handle is easy to grip and the performance is great. The package deal, however, is anything but honest. I ordered a four pack, as a suffer from chronic migraines and eye aches. I only received two rollers. Considering I use these daily, it would have been nice to have a steady supply of these pain relievers on hand.",1624274482858,False,0
AHBWH2LBU3NFLD46GKJKIBAHKXEQ,B08M8Z51F1,3.0,"Nice system, but hard to follow","The three step system on these face masks presents a concept that I really like. The idea is to first prep the skin, then treat and condition the face, and then do a post treatment. The treatments and serums all smelled nice and were moisturizing. The number of masks presented a good value and the three step system seemed to leave my face feeling softer and smoother. However, the directions were so unclear. All the text was written in Korean. Although the steps were numbered, it would have been nice to actually read the information rather than guess what I had to do. That was a l in title frustrating.",1624273275531,False,0
AHBWH2LBU3NFLD46GKJKIBAHKXEQ,B08THPYX9M,5.0,Comfortable and moisturizing,"My heels have a tendency to crack and dry put during the summer. Wearing these at night helps tremendously. These help moisturize my heels and are comfortable to wear. They are soft and breathable to wear for long periods of time. When paired with a light foot cream, these help clear up extreme dry patches almost overnight. They really are amazing.",1624225158205,False,0
AHBWH2LBU3NFLD46GKJKIBAHKXEQ,B08NC4378M,2.0,Nope nope nope!,"I've used many different brands of nail polish removers in my lifetime, ranging from acetone, to non-acetone, to soy-based, to mineral. This, by far, is the WORST one I've ever used. Here are the pros: the bottle is great. The non spill bottle is convenient and will prevent nasty tip overs that could prevent damage to floors or furniture. This also doesn't have a chemical smell that other polish removers tend to have. Here are the cons: This doesn't remove polish! I tried this on my Color Street glitter and solid nail strips. They are regular polish and I also used this on normal glitter AND solid color Sally Hansen polish. Nothing came off. It was like using water. Actually, it was like using oily water. This left an oily film on my nails that I actually had to scrub with rubbing alcohol to remove. If you want a natural nail polish remover that works, try Ella and Mia.",1624015178440,False,1
AHBWH2LBU3NFLD46GKJKIBAHKXEQ,B08CZ5JZMZ,4.0,"A good, basic kit for gel polish removal","I found most of this kit to be helpful in removing the gel polish that I wear. The nail polish remover clips help soften the polish and make removal a breeze. They have held up to multiple uses and feel like they will last for a long time to come. The polish scraping tool has also held up well. It is sturdy, easy to hold, and scraped the surface of the polish off easily. The metal doesn't bend and cleans easily with remover, followed by soap and water. The files haven't held up too well, however. Maybe I'm just a bit too rough on them, but I've worn through two of them already. I have spares on hand, but I wish they would have held up a bit better. Overall, the kit is decent, and for the price you receive some decent quality tools for at home removal.",1620986704258,False,0
AHBWH2LBU3NFLD46GKJKIBAHKXEQ,B08G4VWFNS,5.0,Seems to tone and condition well,"I have some sun spots and acne scars that have been a bit stubborn and hard to address. This product at least helped me feel a bit more refreshed and left my skin feeling lighter and smoother. The mask material was thick and contained all the serum without leaking. It positioned well and held on great throughout application and treatment. The lotions absorbed quickly and efficiently, leaving my face feeling moisturized and soft. This mask may be a bit pricey, but it helped me feel my skin was brighter and more evenly toned. My skin didn't appear as blotchy, so I felt the order was worthwhile.",1618223847823,False,0
AHBWH2LBU3NFLD46GKJKIBAHKXEQ,B087T51FQW,4.0,A mild and soothing product,"I find that green tea usually works well for my skin. This mask was strong enough, but still gentle enough to help address the problems I face with my combination skin. I have adult acne and eczema so the green tea helps soothe my sensitive skin and tackle the breakouts at the same time. The mask smells clean and doesn't have any artificial or offensive perfume smell, which is nice. My skin felt smooth and soft after treatment. All in all, this works well and works naturally with your skin to condition and heal.",1618223501722,False,0
AHBWH2LBU3NFLD46GKJKIBAHKXEQ,B08WHBSK6R,4.0,"Good product, bad shipping experience","This foaming body wash is contained in a convenient pump dispenser that is easy for kids to use in the shower and makes washing fun. The scent is nice and clean, and the foam is light and mild on the skin. It hasn't flared eczema or caused any skin irritation, so this is definitely a good choice for those sensitive to perfumes and additives. Although the wash is truly great and leaves a fresh feeling afterwards, the container really doesn't ship well. My bottle arrived leaking everywhere. As a result, I lost a third of the product. It's a disappointment, as the body wash really is a good soap.",1616573889249,False,0
AHBWH2LBU3NFLD46GKJKIBAHKXEQ,B08T96NYB9,5.0,An AMAZING heating pad,"I have a tendency to develop frequent sinus headaches, so I ordered this mask to help the headaches that develop in my sinus region and behind my eyes. This works GREAT. It's easy to use- just plug and go. It heats quickly, retains the heat, and isn't too hot to get uncomfortable. It is the perfect weight and helps so much with pain relief. It feels like it will last for awhile and has already helped take the edge off several really bad headaches and eye aches. Although this may not have been designed as a migraine relief aid, it is a true lifesaver.",1616402035308,False,0
AHBWH2LBU3NFLD46GKJKIBAHKXEQ,B07T4LKC4D,5.0,A mask that helps keep my skin free of blemishes,"I've struggled with cystic acne for most of my teens through adulthood. I recently found that hyaluronic acid works  best to not only clear my skin, but keep it clear. The WIS line of skincare products has helped keep my skin healthy and free of breakouts for several months now. These masks have helped immensely. They tackle the breakouts at the source, while moisturizing my skin and not building up oils. These masks are lightweight and feel sheer enough to allow my skin to breathe. They are still thick enough to lock in treatment and the medication. For the price, these are a fantastic deal and last me for a little more than a month since I only use them twice a week. Overall, if you are like me and struggle with difficult skin, these are worth a try.",1615277029622,False,0
AHBWH2LBU3NFLD46GKJKIBAHKXEQ,B08RHMK2GL,4.0,A good skincare set at a good price point,"This face roller and massager is a very good option for relaxation and skin care. I found that the roller itself and the massage tool were well made and were sanded uniform and smooth. The set came with an instruction manual to educate the user on how to properly use the tools and maximize its benefits. I didn't have any issues with the tools themselves other than some minor squeaking of the roller while applying a facial serum. All in all, it's a good set for a fairly low cost.",1614935893974,False,0
AHBWH2LBU3NFLD46GKJKIBAHKXEQ,B083BJTWWV,5.0,"A set of masks for dry, flaky skin","I just finished the entire pack of these masks and I have been extremely happy with the results. These masks are poo perfect for those of us whose skin needs that extra boost of hydration from the tough winter we've been having. These masks are so moisturizing and left my skin feeling soft and smooth. The masks smelled clean and pleasant, and there wasn't anything artificial or cloying in the fragrance. They felt light, sheer, and comfortable throughout treatment. The lotion that did remain once the mask was removed was easily absorbed with just a bit of time. Overall, for a mask that's mild, gentle, and healing, this set is one that seems to work well.",1614840148524,False,0
AHBWH2LBU3NFLD46GKJKIBAHKXEQ,B08PVH18Z6,5.0,An effective mask that's helped clear my skin,"I've used the WIS brand of masks before with great success. I have combination skin that tends to flare up with cystic acne and dry skin all at once. The hyaluronic acid in the WIS brand helps keep my skin balanced and clear. To begin, these masks are comfortable and thick, staying put where I need them to during treatment. They don't slip off or slide. The medication absorbscquivkly after removal and leaves my face feeling soft, smooth, and moisturized. Considering I use these three times a week, the 24 packnis the best value for my money. The last me for a month and a half without breaking the bank. For keeping clear skin on a budget, give these a try.",1614151149557,False,0
AHBWH2LBU3NFLD46GKJKIBAHKXEQ,B08PYXKZRS,4.0,A great and safe way to remove stubborn dry skin,"These foot masks have really helped the backs and bottoms of my dry and cracked heels. I have found that using these roughly once every two weeks is enough to keep my feet soft and smooth. These are easy to use and tape securely closed. They smell pleasant and don't overpower with anything artificial or ""perfumed"". The booties are thick and don't leak lotion all over the place, either. Once the peeling process starts, just be sure to moisturize and GENTLY exfoliate.",1613638101071,False,0
AHBWH2LBU3NFLD46GKJKIBAHKXEQ,B08QMYQF9M,4.0,Seems to help soften and condition my skin,"I had been reading about the benefits of vitamin C serums and their effects on skin. So far the experience I've had has been positive. The serum is relatively smooth and seems to absorb well into the skin. I use a roller to help. It does feel a bit sticky for my preference at first, but that seems to dissipate after a bit. There isn't any unpleasant smell of irritation after using which is a plus considering I have sensitive skin. As for long term effects, it's simply too early to tell. I'm hopeful this will help my skin look healthier and feel better. For now, at least it feels moisturized and softer.",1613552314133,False,0
AHBWH2LBU3NFLD46GKJKIBAHKXEQ,B08JCZNL2P,5.0,A conditioner that delivers on its promise,"This oil has worked well so far. It's an easy product to use in an early morning grooming routine. Two drops daily is enough to soften and condition without becoming too oily. At that rate, this bottle will last quite awhile. It smells clean and doesn't overpower at all. When scrubbed with soap and water, the oil rinses clean and doesn't leave any type of residue.",1612830578657,False,0
AHBWH2LBU3NFLD46GKJKIBAHKXEQ,B08NPP82X9,5.0,A truly comfortable bath pillow that's easy to clean,"I enjoy taking bubble baths frequently and was looking for a pillow that would be comfortable in my Roman tub. This pillow is really fantastic. The auction cups are so strong, and once they stick on, the pillow will stay put. It doesn't take much to get it stuck, either. The pillow is so soft and comfortable, and it supports your head and lower back extremely well. It's easy to clean with a quick blast of water and soap or a run through the washer. Drying is easy. Just hang it up with the attached hook and it drip dries no problem.",1612830312261,False,0
AHBWH2LBU3NFLD46GKJKIBAHKXEQ,B08H4F6DRD,4.0,A cute way to keep sanitizers close,"These are actually adorable and great to have on hand! With the need for hand sanitizers, I've found these work well at holding what I need and keeping sanitizer available and handy. These clip securely to my purse and haven't leaked yet. They are easy to fill and the tops screw on securely. Regular hand sanitizers squeeze out easily, and I've even found that thin hand lotions work great too. I've cleaned a few out with soap and water and let them air dry. No issues so far!",1611561912737,False,0
AHBWH2LBU3NFLD46GKJKIBAHKXEQ,B08KT7FCYY,4.0,A great addition to homemade soaps and bath products,"At first I didn't know what to think of these buds. When they arrive, they honestly stink. Once I was able to separate them and use them individually in homemade bath bombs, though, the smell improved and really took off. It seemed that the process of rehydrating the flowers is what made the smell improve. They did make a nice addition to the bath products and the final result was a natural, fragrant bath bomb that smelled fresh and clean.",1610618207883,False,0
AHBWH2LBU3NFLD46GKJKIBAHKXEQ,B08JZD8HN4,4.0,A good selection of easy to use decals,"These decals lend a nice touch to at home manicures. They're colorful and you get a big selection with your order. They peel off easy with tweezers and stick well to the nail bed. After sealing with a top coat, they don't peel or curl. They are durable and an easy way to spruce up what would otherwise be a plain look.",1610617213552,False,0
AHBWH2LBU3NFLD46GKJKIBAHKXEQ,B08JGL46K5,4.0,Seems to be helping,"I have combination skin that's sensitive, oily with patches of dryness, and is prone to adult acne. This cream seems to be helping reduce some of the irritation and redness. I found that if I used too much, it would feel too thick and greasy on my skin, so a little does go a long way. The scent is light, the ingredients appear to be mild, and so far, this hasn't caused any flares. Overall, it seems to be a useful product for combination skin.",1610610276479,False,2
AHBWH2LBU3NFLD46GKJKIBAHKXEQ,B08CH68DS1,4.0,Seems to be a bit drying,"I have used several masks before, but never a mud mask. This mask is one I may need to adjust to a bit. Unlike pa kaged sheet masks, this mask doesn't feel moisturizing. It feels drying and thick through treatment. My skin feels soft once I was the mask off, but I find need to use an oil free moisturizer to restore the balance to my skin. The mask does smell decent, though, and it is packaged in a feminine, attractive box. I just don't know if this composition is right for my skin type.",1610099997429,False,0
AHBWH2LBU3NFLD46GKJKIBAHKXEQ,B089D16BWJ,5.0,They helped my dry and irritated skin,"These masks have done wonders to help with some painful dryness and irritation I had on my nose and cheeks. The masks are thick enough to stretch and hold all the solution required for an effective treatment. They moisturize well and left my skin feeling soft and hydrated. They are a bit more on the expensive side, but considering how much damage these helped, I felt they were a good value for the order. I truly believe they've improved my skin's health.",1610002965304,False,0
AHBWH2LBU3NFLD46GKJKIBAHKXEQ,B08GS1G9BH,5.0,A gentle mask that softened my skin.,"My skin can sometimes flare with dryness and redness. This mask was able to reduce both in one application. The solution is mild and gentle enough that it didn't sting even my sensitive skin. The fragrance wasn't too strong and the mask was thick, but not too heavy through the treatment. It left my face feeling refreshed and relaxed. I wish I had another on hand.",1609924695533,False,0
AHBWH2LBU3NFLD46GKJKIBAHKXEQ,B07SY7WPS4,4.0,A decent peel that softens rough skin,"I struggle with dry feet in this desert climate, so I thought I'd try a foot peel. The booties fit well. I am a size 9 in women's shoes. They're sheer enough to not feel binding, but thick enough to hold the solution. It was a little hard to position the tape to keep the liquid from spilling, so I had to keep repositioning it. The solution smelled nice and washed clean after the treatment. The peeling started about a week after wearing. At this time, be sure to gently exfoliate and moisturize. DON'T peel the skin. You could hurt yourself. Overall, I did notice a difference and my feet did feel softer. I'll be doing the second treatment soon.",1609923207141,False,0
AHBWH2LBU3NFLD46GKJKIBAHKXEQ,B08DK74M1P,1.0,Spoiled hand wipes,I had high hopes for these hand sanitizing wipes. I've been trying to avoid alcohol hand sanitizers because they have a tendency to dry my hands and make them bleed. I've had luck with natural hand wipes because they don't flare my eczema or my children's eczema. Every package of these hand wipes we opened smelled spoiled and had brown streaks that looked like mold. I ended up throwing away the rest of the package because I simply didn't feel safe using the product. I don't recommend this at all.,1607149967190,False,0
AHBWH2LBU3NFLD46GKJKIBAHKXEQ,B08C72C56Z,4.0,Good emery boards at a bargain price,"It's embarrassing how many files and emery boards I misplace. This set has allowed me to buy what I need without breaking the bank. The boards are thick, file well, and have lasted well with normal wear and tear. They don't bend easy and file corners and edges quickly. Considering how many files come in a pack, this really is a great value. You have plenty to keep on hand and several left to share.",1602754164024,False,0
AHBWH2LBU3NFLD46GKJKIBAHKXEQ,B08BLKFGND,3.0,Flimsy curlers that rip easy,"I was intrigued by these spiral curlers when I saw them. I've used foam rollers occasionally in the past with fair results, so I thought these might work as well. These do curl, but they aren't great. First of all, these take some practice to get in. Take small strands of hair, or you will cause tangling. I recommend doing this after a shower. I left mine in overnight. They were easy to remove and didn't cause any pain. The curls were a bit... Overwhelming. It was an 80's nightmare, actually. To top it off, the curlers didn't hold up well, either, and most of them had holes and tore after one use. This probably won't be a curler set I'll be using again.",1599608387792,False,0
AHGQDSOBAIVAAKJFIVEGS344MSXA,B09NSK1NQH,4.0,Very lightweight,"Review for: Dry Weightless Hair Texture Spray | Hair Spray for Fine Hair | Dry Texture Spray for Hair | Hairspray for Women & Men, Hair Styling Products | Texturizing Spray | Sulfate and Cruelty Free 244ml (7oz)<br /><br />This spray is definitely lightweight. It does not make your hair sticky or stiff. It also does not hold as well as hairspray that is heavier of course. The can is easy to use with complicated spray nozzle that is hard to figure out.",1651922337964,False,0
AHGQDSOBAIVAAKJFIVEGS344MSXA,B09KX5N1DR,5.0,Awesome,"Review for: 100% PURE Coconut Body Scrub<br /><br />I love body scrubs and I love when they have an oil base that that helps to fight winter dryness. This one has a wonderful oil base that coats my skin and really hydrates it. It also smells fantastic. Because this is oil based, it does leave any oily film on my shower floor. I deal with this by turning my hot water all the way up and then rinsing the floor really well before getting out of the shower.",1645724039560,False,0
AHGQDSOBAIVAAKJFIVEGS344MSXA,B08TB3DZ1D,5.0,Thank you Prairie Rose!,"Review for: Cocoa Butter Cream Peppermint Body Butter - Mint Cocoa Whipped Body Cream<br /><br />I love this body cream for so many reasons. To begin with, it arrived inside a clear bag with a silver tie, making me smile at the nice presentation. Being impressed with the packaging was nothing compared to the wonderful aroma that I was treated to when I peeked under the seal and looked at the product. It looked like whipped cream cheese and smelled good enough to eat! The scent is a combination of chocolate and mint. Taking just a tiny bit of the cream in my hands to feel it let me know why it is called velvet body cream. It truly does feel velvety, silky and soft.<br /><br />I was able to appreciate all of the above before I even tried the product. However, using the product is the real treat. This soft and silky cream is just fun to use. Getting out of the shower and dealing with dry skin in the winter is a pain and this product changes that. Instead of being in a hurry to get some lotion slathered on my skin so I can get dressed, I look forward to pampering myself with this product. I feels so good on my hands while I am applying it to my arms and legs. Of course it smells wonderful too but the really great part is how well it absorbs and leaves my skin feeling hydrated.<br /><br />If you are looking for a gift for a friend that complains of dry skin in the winter, look no further. Your gift will be appreciated!",1638291035413,False,1
AHGQDSOBAIVAAKJFIVEGS344MSXA,B0995F48B8,4.0,Works quite well,"Review for: PRESKBOO Facial Hair Remover for Women,Painless Hair Remover Shaver for Face,Nose Ear Trimmer<br /><br />This small hair remover works quite well. It is also small enough to keep in a bag or back pack. It comes with a cover over the top so it looks like a lipstick tube at first glance.<br /><br />The shaver requires 1 AA battery that is not included. It is easy to change out the battery just by pulling the base off. There is an on/off button that slides and is easy to access.<br /><br />I am happy with the closeness of the shave. It also does not leave my face feeling all tingly like some shavers do. Because the head is small, I can use it close to my eye brows to catch any excess hair. There is a tiny head included for nose or ear hairs.",1629372894214,False,0
AHGQDSOBAIVAAKJFIVEGS344MSXA,B094JJJFHG,4.0,Nice starter kit,"Review for: Gel Nail Polish Kit With U V LED Light Nail Kit With 150W Nail Lamp 10 Colors Soak Off Gel Polish Nail Art Salon & Starter Kit With Rhinestones Glitters Manicure Tool Kit<br /><br />This is a great starter kit for anyone new to doing their own gel nails. It includes a full sized LED light, something not all kits do. You get a lot of smaller tools and accessories in this kit and you also get 10 colors of polish as well as well as a top coat and base.<br /><br />The polish itself has a nice consistency and the handles of the brushes are easy to use. They come with the colored dots on tops of the handles. I did remove one star from my review because two of the bottles of polish did not have their lids on tight and my kit arrived with two leaking polish bottles and a mess to clean up. This is a QA issue, not a packing issue as everything was packed with care.",1624920463577,False,1
AHGQDSOBAIVAAKJFIVEGS344MSXA,B08QKXY1KN,3.0,"Love the shampoo, not so much the conditioner","Review for: Purple Shampoo and Conditioner ​Set - ​Sulfate Free Salon Grade (2 x 16.9 fl oz) - Hydrating Toner - Shimmer ​Correction​ ​for​ Platinum Blonde, Silver, Light, ​and Grey​ Hair<br /><br />I love the purple shampoo. I has really good lather, a strong pump and a wonderful scent. It lathers easily and also rinses out easily. I like how my hair feels after using it. I am not so much of a fan of the conditioner. I was a bit surprised that after putting it in my hair, my hair did not feel slick like it does with most conditioners. It actually felt quite coarse. I always brush my hair while in the shower with the conditioner still in it. I attempted that with this conditioner and found that not only did the conditioner not do any untangling, but I got the brush stuck in my hair! I then rinsed and rinsed to get it all out and then tackled the knotted hair. My hair acted as if I had not had any conditioner at all and I had to fight my way through the knots. Once dry, my hair felt normal.<br /><br />I have ceased using the conditioner but I do like the affect of the purple shampoo on my salt and pepper hair.",1623276456190,False,0
AHGQDSOBAIVAAKJFIVEGS344MSXA,B08XJWLLKQ,5.0,Silky smooth hair,"Review for: John Frieda Detox and Repair Shampoo and Conditioner Set, 8.45 Ounce Each with Nourishing Avocado Oil<br /><br />I am impressed with how fantastic this set makes my hair feel. After using both items, may hair is silky smooth and easy to style. It does not feel heavy or oily.<br /><br />The shampoo smells nice and lathers well. It also rinses out easily. The conditioner smells even better and makes a big difference how easy it is to comb through my wet hair. Once the conditioner is on, my hair feels very slippery and I can brush right through it.<br /><br />Both items come in a tube with a flip top. There is not security seal beneath the cap on either item.",1620837639887,False,0
AHGQDSOBAIVAAKJFIVEGS344MSXA,B091MKTSXS,4.0,Hard to separate,"Review for Specific Beauty Skin Brightening Pads, Skin Smoothing for more Even Texture & Tone- Dark Spot Fading Kojic Acid & Licorice 90 X 2 180 Pads<br /><br />I received on jar of skin brightening pads. Sometimes only partial orders are received by reviewers in the Vine program so I was not concerned with that. However, there is another reviewer that also only received one jar so I felt that I should mention that.<br /><br />My jar arrived with a security seal beneath the lid. Once removed, I was able to pull out a few pads. I found it difficult to separate them so that I only got one to use on my face. It turns out that every time I use these, I have to fight to get them apart and make sure I am only using one.<br /><br />Once I have separated out one pad, I like how they work. They are quick to use and they do a nice job on my skin. My skin has a tingling sensation when it comes in contact with the pads. This quickly passes. I use the pads after washing my face and after use, I apply a serum. My skin feels smooth and soft.",1620347924329,False,0
AHGQDSOBAIVAAKJFIVEGS344MSXA,B09SD62B1H,4.0,Good assortment,Review for 4th of July Nail Art Stickers Decals Patriotic Designer Nail Stickers 3D Nail Art Supplies Self Adhesive<br /><br />This is a nice and varied set of patriotic nail stickers. You get 8 sheets so there are a lot to choose from. They are quite thin and delicate and need to be handled carefully or they will tear. I found them best handled with tweezers. They do stick well but I still put a top coat over any stickers that I use.,1620042785185,False,0
AHGQDSOBAIVAAKJFIVEGS344MSXA,B07FPS2VFK,5.0,Wonderfully moisturizing,"Review for C'est Moi Vanilla Vibes Sugar Balm Body Scrub | Invigorating & Hydrating Exfoliant, Clinically Tested Non-Toxic Ingredients<br /><br />This is my kind of sugar scrub. It cleans and exfoliates while it also hydrates my skin. When I get out of the tub or shower I don’t have to apply lotion to my body because the scrub left my skin completely moisturized.<br /><br />The sugar in this product does the job of exfoliating and making the skin fresh and new. The oil in the product does the moisturizing, much better than just a lotion after because it really coats the skin.<br /><br />There will be some residue left in the tub or shower that has to be rinsed with really hot water when done or it will be slippery for the next shower or bath.<br /><br />Definitely a recommend for anyone that understands what this product is.",1619392919311,False,0
AHGQDSOBAIVAAKJFIVEGS344MSXA,B08CZ5JZMZ,5.0,Makes removal of polish easier,"Nail Polish Gel Remover Tools Kit for Women with Nail Clip Caps, Nail File, Nail Remover Cotton Pads<br /><br />This simple set is super important in making gel polish removal easy. Anyone that has sat with foil pouches on their fingers for 15 minutes will really appreciate the clips. You also receive a large collection of pads that you can wet with the nail remover solution.<br /><br />Everything in the set works well and is a handy item for removal. This set is a good value at it’s current price and will save time and annoyance in polish removal.",1616876347919,False,0
AHGQDSOBAIVAAKJFIVEGS344MSXA,B082WX9SHN,3.0,Very tiny,This soap gets points for cuteness and the interesting bag that it arrived in. I also like that there are different colors to choose from. It does the job as a facial soap but it does it better using a soap bag because it is a little hard to get lather.<br /><br />I was not impressed with how it left my skin after washing my face. My skin feels dried out. It is also a very tiny soap for a pretty hefty price.,1614614570765,False,0
AHGQDSOBAIVAAKJFIVEGS344MSXA,B08QHP717Z,5.0,Nice assortment of pastels,"This assortment of headbands includes mostly pastel colors. The fabric around the bands is a silky fabric with a bit of fabric folded around the ends so there are no sharp areas. The bands are comfortable to wear, even for an adult. They are not so tight as to give me a headache from wearing.<br /><br />After looking over all 12 bands, I can see no issues of bad workmanship in any of them.",1614429168237,False,0
AHGQDSOBAIVAAKJFIVEGS344MSXA,B08P15TB2V,4.0,Pretty color collection,This 6 piece set of gel polish does not include a top or base coat. It does include 6 beautiful colors and a gel polish that is just the right consistency to apply evenly and yet get decent coverage. The gels cure in 60 seconds. I found two coats to be adequate or 1 coat and glitter on top.<br /><br />An irritant is the lack of either a dot of the color on top of the bottle or a set of stickers to create my own.,1614212687891,False,0
AHGQDSOBAIVAAKJFIVEGS344MSXA,B08GCJZW9V,4.0,Large pads,"I don’t usually use makeup remover pads, just a cleanser with my facial brush and a wash cloth to rinse. However, I find these pads easy to use and a quick solution when I am tired or in a hurry. The pads are extra large and easily clean my entire face. One side is for cleaning or removing make up and then the other side is for wiping the face.<br /><br />The pads are in a large jar with plenty of liquid. The lid fits tight so I can flip the jar over to make sure they are always wet.",1614011919153,False,0
AHGQDSOBAIVAAKJFIVEGS344MSXA,B08PBJPQ83,5.0,My new favorite brand for wipes,"These wipes are excellent. They are thick enough as well as large enough to do the trick. You can tell they have alcohol in them because for the smell. However, it dissipates quickly. The wipes are wet enough but not too wet. The best part is the flap to open and close them. There is a security seal to remove the first time you use one. After that, you just pull open the flap and snap it closed when finished. You don’t have to rub a seal to make sure it is securely closed.<br /><br />Just like the other Germ Shark products that I have tried, this one is a winner.",1612399402527,False,0
AHGQDSOBAIVAAKJFIVEGS344MSXA,B08JZD8HN4,4.0,Shimmery and pretty,"These iridescent butterflies add another dimension to my nails. They can also distract or cover up some not so prefect spots. They stuck quite well to the top coat and then I put another top coat over them for security. I found them easier to apply to the wider and flatter nails, my thumbs.<br /><br />This is a nice assortment of colors and types of butterflies. There should be something to match pretty much any color.",1611098188735,False,0
AHGQDSOBAIVAAKJFIVEGS344MSXA,B08LFYMGS5,4.0,Nice scent,"This water gel cream has a pleasant and light scent. It is a translucent gel. It comes with a small spoon for scooping so that the jar does not get contaminated. When applying the gel, it at first feels a bit sticky. That stickiness soon disappears and then my face just feels like it has come type of facial cream on it. Using it as a night cream, I wake up in the morning with my skin feeling nice and hydrated vs dried out. This is a nice cream to use after being outside in the elements all day. The wind or sun can really dry out my skin.<br /><br />I have had no skin irritations since I began using this product.",1611069425217,False,0
AHGQDSOBAIVAAKJFIVEGS344MSXA,B08CVCLVS2,4.0,Love the glitter,"This gel polish has a nice collection of glitter gels. They are shiny and sparkly. I worked with mine while they were at room temperature and did not have any trouble with thickness. I found them to be easy to apply and to cure quickly. I do wish that they had come with a base and a top coat.<br /><br />While there is no colored label on the bottles, they do provide a set of stickers to make your own.",1610405584843,False,0
AHGQDSOBAIVAAKJFIVEGS344MSXA,B08HRHCZV2,4.0,Handy for so many things,"I use one of these bottles on my gym bag with lotion and another with hand sanitizer. They are super convenient. The clips are great, so much better than the cheaper clips that come on most bottles.<br /><br />You do have to be very careful to make sure the lid is completely shut. Also, with hand sanitizer, it can come out of the hole too fast when dispensing if you are not paying attention.",1609633771015,False,0
AHGQDSOBAIVAAKJFIVEGS344MSXA,B08DKK7KXV,4.0,Great for hand sanitizer,These silicone bottles are super easy to open and fill. They can then be clipped onto something like a back pack or a purse. I have one with hand sanitizer that stays on my purse. I have learned to be careful when opening them to dispense product. They squeeze really easily and I have gotten way to much product before I learned to be careful.<br /><br />I like that they come in a set of different colors to share with friends or simply use for different things.,1608418325803,False,0
AHGQDSOBAIVAAKJFIVEGS344MSXA,B085J9K64C,5.0,Very soft powder,"This powder is very soft and definitely feels like cornstarch. The first time I used it, I could tell the difference between it and other powders that I have tried. It quickly absorbs any remaining moisture.<br /><br />The bottle is very easy to use because it doesn’t pour out too much product and it opens and closes easily.",1607195862473,False,0
AHGQDSOBAIVAAKJFIVEGS344MSXA,B08MW3BNP8,5.0,Fun holiday accessory,"This holiday headband fits an adult or older child perfectly. Because the pieces are very lightweight, it stays in place and does not feel uncomfortable to wear.<br /><br />It is very shiny and festive looking. Mine appears to have been made with care and is so very much nicer than a dollar store headband would be.",1606741405355,False,1
AHGQDSOBAIVAAKJFIVEGS344MSXA,B08LYT4Q2X,5.0,Great for moisturizing during the winter months,"My oils arrived in bottles with security seals beneath the lids. Each bottle has a cap but a pump accompanies each bottle as well. I much prefer the pumps for oils since they are thinner and it can be difficult to control a pour. During the winter months I use these oils as skin moisturizers. When still damp from a shower, I rub the oil on my skin and it moisturizes much better than any type of lotion that I have tried.<br /><br />These oils also make wonderful body scrubs using essential oils for scent and sugar or salt for the exfoliating. Using the scrubs also helps to moisturize.<br /><br />I found the oils to be fresh, no sign of a rancid smell. They both come in an amber colored bottle which is the best way to store them.<br /><br />Just in case you are not familiar with these types of oils, they are not scented. Neither oil has any type of scent at all and they are meant to be used as moisturizing products or carrier oils.<br /><br />Overall: really nice set of oils that are fresh and in the right type of bottle.",1605736873530,False,0
AHGQDSOBAIVAAKJFIVEGS344MSXA,B084VCJY8D,4.0,Nice brush,"I purchased this set for myself but when it arrived I realized what a nice gift it would make. It arrives in a gift box with each item wrapped, making a nice presentation.<br /><br />The brush works well and feels good on my beard. The bristles are just as described on the product page, firm and made of boar bristles. The comb is used much less often but does the job well. I prefer a scissors that is larger so have not used the small one other to make sure it is good and sharp.",1604212328796,False,0
AHGQDSOBAIVAAKJFIVEGS344MSXA,B08JJ15PDW,4.0,Good but not great,"This set of 6 headbands is colorful and pretty. They are stretchy enough to stay in place fairly well and certainly wide enough to work. The fabric is ok, good but not great. Since you get six, this is a good value. If you are looking for the best hair bands available, there are better ones available.",1603198243796,False,0
AHGQDSOBAIVAAKJFIVEGS344MSXA,B08BB3P4VQ,5.0,Healthy ingredients,"Coming in from the garden, my hands are always really dried out from working in the soil. This is the best lotion that I have found to quickly deal with that issue. The lotion is silky and smooth. It absorbs quickly and is effective at rehydrating my skin.<br /><br />The ingredients in this lotion are not harmful to my skin or my body and that is a huge plus.<br /><br />While this lotion has a hefty price, the tube is very large compared to many other brands.",1600816283451,False,0
AHGQDSOBAIVAAKJFIVEGS344MSXA,B088PYN4VM,2.0,Don’t buy this set for the scissors,"I didn’t buy this set for the scissors. Based on the cost of the set, I assumed the scissors would be very poor quality and I was right. Luckily I already have a good pair of scissors and I wanted the accessories. If you have never used good scissors, you may not know that these are poor quality and won’t do a good job on anyone’s hair.<br /><br />I was actually disappointed in the cape as I expected it to be a bit better than it is. It is poorly designed and doesn’t quite cover the entire area where hair would fall on your neck. The combs are OK and so are the clips. The case can be used to keep everything together as long as the zipper works.<br /><br />Overall: not something I can recommend",1599759834306,False,0
AHGQDSOBAIVAAKJFIVEGS344MSXA,B0875YT39N,5.0,Smells divine,"This shampoo leaves my hair soft, shiny and smelling nice. It has a surprising amount of lather for a paraben and sulfate free product. After just one lathering my hair is squeaky clean. Some organic shampoos leave my hair not feeling clean after just one lather so this is a plus. I don’t feel that this product dries my hair out although I do always use a conditioner after shampooing.<br /><br />I like knowing that this shampoo has healthy ingredients and does not support cruelty to animals. My favorite thing about this product is the way it smells when you pour some out onto your hand. The grape smell is wonderful but does dissipate as I rinse my hair.",1598396466397,False,0
AHV6QCNBJNSGLATP56JAWJ3C4G2A,B0B8DZ7H5F,4.0,Hydrating!,"This lip butter is pretty much a lip gloss. I haven't noticed any lip plumping action, but it is hydrating. It smells wonderful! There's a slight pinkish tinge to it, but it's sheer and not very prominent. It doesn't last very long and does transfer.",1663163956007,False,0
AHV6QCNBJNSGLATP56JAWJ3C4G2A,B0B4JPGX8P,4.0,Good Way to Use a Face Oil,"This is a good way to use a face oil. Normally I skip facial oils because I don't like the way they feel on my face. This one is mixed with a cream, so it doesn't leave your face feeling greasy or oily after applying it. It has a pleasant scent. It isn't sticky though it does leave behind a little tackiness, but that disappears quickly. I'm not really sure what it's supposed to do. I like it. It's definitely hydrating. I do think the descriptions are pretty vague. It doesn't bother my sensitive skin, which is always a plus.",1660417672640,False,0
AHV6QCNBJNSGLATP56JAWJ3C4G2A,B09KT4RJG6,4.0,Small Bottle,"I'm in my mid-fifties and I have been using creams targeted to the neck and chest area for a few years now. I have definitely seem some improvement in the texture of that skin. This bottle is very small. It's a lotion consistency and it has a light pleasant scent. It doesn't leave my hands feeling sticky, but the bottle is sticky. I have washed it at least once and it remains sticky. It absorbs quickly. I can't tell if it's doing it's job as I haven't seen any noticeable changes, but it isn't hurting anything either.",1644349248608,False,0
AHV6QCNBJNSGLATP56JAWJ3C4G2A,B07KQ32Z8C,4.0,Creamy!,"This night cream has a good, thick consistency. It's definitely a cream and not like a balm. It has a strong scent to it. It smells like a flowery perfume. It smells nice, but it is strong. If you are sensitive to smells, this may not be for you. I don't have any problems with it, though I do prefer citrus scents over flowers, but that's just a personal preference. It doesn't leave my skin feeling sticky or greasy. It absorbs pretty well.",1629410931015,False,0
AHV6QCNBJNSGLATP56JAWJ3C4G2A,B07W6H8CGT,4.0,Smells Good!,"I enjoy sugar scrubs! They are wonderful for smoothing rough elbows. This one is a small container. I would consider it more of a travel size or sample size. It smells good. It's got a fruity/beachy smell to it. The scrub has a coarse texture which makes it better for exfoliating, yet I didn't have any troubles with it being too rough on my skin. It is very emollient and has a waxy feel to it.  Because of the waxiness, it coats the skin. I used some on my feet and they became a bit slippery on the tile shower floor. I have had some scrubs that leave you feeling super greasy and waxy, but this one is more of a moderate level of greasiness. It definitely softens the skin.",1623250199261,False,0
AHV6QCNBJNSGLATP56JAWJ3C4G2A,B0BTJ6SYKB,4.0,Pleasant Scent,"This perfume by Shakira has a pleasant scent. I can detect sweet and spicy notes in it. It is not very strong, which is good. It definitely fades over the course of the day, but I can still detect light whiffs at the end of the day. The bottle is attractive, but the cap or lid is way too plain. You have the sexy body shaped bottle and then there's a little clear plastic lid that has not aesthetics at all. If you could be the lid to anything and doesn't stand out at all.",1623188037011,False,0
AHV6QCNBJNSGLATP56JAWJ3C4G2A,B08HXQ3T9K,4.0,My First Scrunchie!,"This is my first scrunchie. I have not had my hair cut in about 9 months because of the pandemic, so my hair has gotten longer than I've worn it in years! I'm in my early 50's and it's a little below my shoulders now. My hair is thick and coarse. It's long enough to wear in a messy bun for the first time in years! The scrunchie is easy to use and holds up my thick hair pretty well. I don't have to readjust it because it's falling. You can feel the coils inside the fabric. I find it fascinating how it works. When I take it off, it shrinks up again. I like it!",1607744901734,False,0
AHV6QCNBJNSGLATP56JAWJ3C4G2A,B0B2L218H2,4.0,Great for Travel!,"I recently took the Pinrose fragrance quiz on their website and this was the scent that was recommended for me. It's okay. I don't dislike it. I definitely don't love it. It's a musky floral scent. Floral scented fragrances are not my favorites. I prefer either fruity or sweet. This supposedly has peach notes in it, but I don't detect them. Fragrance is a very personal thing and it can smell differently depending on your body chemistry. I do like the concept of the petals. They're basically scented towelettes. They are fairly dry so you're not dripping in scent. I'm planning on putting some of these in my daughter's Christmas stocking. These are also great for travel!",1605885919061,False,0
AHV6QCNBJNSGLATP56JAWJ3C4G2A,B0B2L218H2,4.0,Fun Way to Try Out a New Scent,"These Pinrose Gilded Fox petals are a fun way to try out a new scent! The box comes with 12 packets. Each packet has a fragrance infused towelette. They aren't too wet, but you are able to rub or wipe them on your pulse points or wherever and transfer the scent to your body. This one has a very interesting smell. At first I didn't detect the chocolate, so it's a bit subtle. The smell is a powdery sweetness with a hint of chocolate. I threw away the wipe in my office trash can and caught pleasant whiffs of it throughout the day. Since the box comes with so many, I plan to put some in my daughter's Christmas stocking so she can try them out. They would also be great for traveling.",1605814409168,False,0
AHV6QCNBJNSGLATP56JAWJ3C4G2A,B08FRQGYDF,5.0,Best Face Wipes!,"I have tried several different brands of face wipes. These have to be some of the best ones that I have ever used. They have a wonderful, refreshing scent to them. They are wetter than most wipes I have used which makes them more effective at cleansing the face. The cloths are a good size and pretty soft. They didn't irritate my sensitive skin. The package did rip as I was trying to remove the open sticker, so I have put them inside a plastic baggie so they don't dry out prematurely.",1605292060685,False,0
AHV6QCNBJNSGLATP56JAWJ3C4G2A,B08BZ1RHPS,4.0,A Bit Oily,"I am in my early fifties and my morning skincare routine calls for Vitamin C serum. This doesn't smell like most other Vitamin C serums that I have used. It has a neutral scent that doesn't linger. The serum consistency is thick, but runny. It's a bit oily and doesn't absorb quickly. My skin can be sensitive at times, but I didn't have any problems with this. Overall, I like it, but I don't love it.",1597942744359,False,3
AHV6QCNBJNSGLATP56JAWJ3C4G2A,B088FBNQXW,4.0,Comfortable Head Band,"I work at home, so I can't get by without wearing a face mask for a good part of the day, but I do wear one if I am going out. I have had issues with some masks not staying over my ears. This is a good way to utilize those masks. The  headband is comfortable and light weight. It has some stretch to it. The buttons are a little loose, so I tightened them before I wore the headband out in public. I found that I had to pay attention to how I was putting it on my head so the buttons were even, otherwise my mask was crooked. It's definitely a helpful item.",1593043740906,False,1
AHV6QCNBJNSGLATP56JAWJ3C4G2A,B083TLNBJJ,4.0,Light Weight,"This is a light weight serum. It has a runny, liquidy consistency that's non-greasy. It doesn't leave behind any stickiness or tackiness. There is no scent to it either. It absorbs really fast and immediately hydrates your skin. It leaves a smooth finish. It's non-irritating and doesn't annoy my sensitive skin.",1585261263214,False,0
AHV6QCNBJNSGLATP56JAWJ3C4G2A,B084D86YL8,3.0,Not The Right Target Audience,"I guess I'm not the right target audience for this Vitamin C/Retinol Moisturizer. I'm in my early fifties. Both of those ingredients are part of my daily skincare routine, so I thought it would be perfect for me. I did not see the recommended for ages 20-30s before ordering. It has a light, barely noticeable citrus smell to it. It absorbs really quickly but in doing so, I found it to be over drying on my mature skin. Other than that issue, I didn't have any other problems with my sensitive skin. Luckily, I have an eighteen year old daughter so I will pass it along to her to use.",1582999036646,False,0
AHV6QCNBJNSGLATP56JAWJ3C4G2A,B07SW7D6ZR,4.0,Non-Greasy,"I apply body lotion every morning and night. This one is a thinner lotion than some, but it absorbs quickly. My skin just drinks it up! It's non-greasy and has a light, pleasant scent to it. The bottle is a little oddly shaped. It's thin and flat which makes it a little difficult to grip in my opinion.",1580742144072,False,0
AHV6QCNBJNSGLATP56JAWJ3C4G2A,B07JDD2L3M,4.0,Huge Bottle!,"Last summer I decided to grow out my bangs after having them for all of my adult life. I hadn't used much hairspray since the eighties and into the nineties, but I found that I needed to spray my former bangs in order to help train them to their new position. This is a huge bottle of hair spray. It has a standard hair spray smell. It gives a nice mist. It doesn't leave my hair crunchy. It's a flexible hold so my hair moves and looks natural. So far I am pleased with it.",1579351461183,False,0
AHV6QCNBJNSGLATP56JAWJ3C4G2A,B07NPWK167,5.0,Gentle!,"This goat milk cleanser is very gentle. I have sensitive skin and it doesn't irritate or annoy my skin at all. It has a pump dispenser that works nicely. It's thick, like a lotion consistency. The cleanser doesn't lather or foam. I haven't been able to notice any scent, good or bad. It doesn't dry out my skin. I'm very pleased with it.",1578928089878,False,0
AHV6QCNBJNSGLATP56JAWJ3C4G2A,B07N45YN6C,4.0,Leaves Teeth Clean,"I've used sonic toothbrushes before. I like the pink color of this. It comes with a travel case and extra brush heads. There are several different speeds/settings that you can use. As far as I can tell, there isn't a timer on it which would be nice. The bristles are pretty firm. I'm guessing maybe they are a medium. It does a good job of leaving my teeth clean.",1562550265320,False,0
AHV6QCNBJNSGLATP56JAWJ3C4G2A,B077YR3333,3.0,Doesn't Irritate My Skin,"I am in my early 50's and have been a regular user of anti-aging products for the past several years. This serum comes in a glass bottle and has a dropper applicator. It takes about half of the dropper to cover my face. It has a tacky (but not sticky) feel to it which remains for a while even after it has absorbed into the skin. The microbeads have to be crushed or else you have little white beads on your face. It's not difficult to break the beads. I just press on them and they rub into the skin. After applying the serum, my face was really dry. I have been using this at night. I have a multi-step skin care routine so I followed this with my nighttime moisturizer, then retinol, and some face oil. The serum doesn't irritate my sensitive skin. There is a mild scent, but nothing that I could recognize. Overall, it's okay. I haven't noticed any tightening or improvements in my skin. However, as a regular user of anti-aging products, I wasn't expecting anything new.",1550588697518,False,0
AHV6QCNBJNSGLATP56JAWJ3C4G2A,B07FZ5HZLM,4.0,Easy to Use!,"My husband started a business recently and was looking at options for his bookkeeping. He knew that he wanted to use QuickBooks from his previous experience. Originally he was going to use the web based version, but since this comes with a year of enhanced payroll, he decided to go with this. He consulted with an accountant in getting it set up for his company's needs. He did have to contact customer support to help him get the enhanced payroll feature working. For some reason, it had the number 1234567 prefilled and he couldn't change it without customer support. So far it has been easy to use and has done everything he's needed it to do.",1548092773968,False,0
AHV6QCNBJNSGLATP56JAWJ3C4G2A,B07KV31WDS,5.0,Soft!,"These hair towel wraps are the softest hair towels that I have ever had. They aren't the typical ""dry"" microfiber material that other hair towels tend to be.  My daughter hair goes past her shoulders a bit whereas mine is about chin length. They wraps work well for both of us. They stay in place well and take a lot of the water out of our wet hair. The towel doesn't get too heavy when wearing it either. I love the variety of colors. These really look nice and come in a gift box. They would make a great gift!",1547157494554,False,0
AHV6QCNBJNSGLATP56JAWJ3C4G2A,B071R2QPF3,5.0,Impressive!,"I have one of the original Makeup Erasers and to be honest, I can't tell the difference between these cloths or the original one. Well, that's not entirely true, I can tell the difference. These have a hanging loop and the name brand ones don't! Side by side, they are identical. These are just as soft. They do an impressive job of removing makeup, especially mascara. They are gently on my skin. These come in a set of 2, plus the set is half the price of the original. I will be ordering some of these for the girls in my life!",1544236907167,False,0
AHV6QCNBJNSGLATP56JAWJ3C4G2A,B01KJPFO9W,4.0,Nice Variety of Colors,"My daughter received a UV Light Manicure Light last year for Christmas from her aunt. It came with a couple of colors, but she is thrilled to have this nice variety of colors now. The quality of the nail polish is comparable to other gel nail polishes that we have bought. It works as it should. She has polished her nails once so far with this set. As of now, it's been one week and they all look as good as the first day. Usually gel polish lasts for about 2 weeks on her, so at this rate, she thinks the results will be the same. One thing she didn't like was that the bottles are not labeled or marked to indicate what colors they are. To solve this, we put a drop of nail polish on the back of each bottle. The polish wouldn't dry without the LED light, which we realized after 5 hours of waiting. So we took a piece of clear tape and covered the polish drop. So now she can easily identify the right bottle without having to open each one.",1541942181487,False,0
AHV6QCNBJNSGLATP56JAWJ3C4G2A,B00GUTPV4A,5.0,Doesn't Irritate My Skin,"A few months ago I got a vanity mirror that magnifies 5 times. Until then, I didn't know that I had a blackhead problem. I don't always have blackheads, so I don't use this every morning. But when I do notice blackheads, I use this for a few days until they are gone. The product is white and has a very fine grit to it. The grit scrubs away the blackheads. It does not hurt or irritate my skin. It doesn't take a lot for each use so it should last a while.",1475838820000,True,0
AHV6QCNBJNSGLATP56JAWJ3C4G2A,B00KR4AFJU,4.0,Best Peeling Kit I've Tried So Far,"This is the 3rd peel foot mask that I have tried. The others have been unsuccessful. Still wanting to experience the foot peel, I tried again. The first thing that makes this foot peel better than the others is the foot slippers. The slippers are actually a medium thickness plastic. They remind me of the “rubber pants” that my little boy wore over his training underwear when he was 2 years old. These slippers also fit the best of the three that I have tried. I had problems with using the tape, but because my feet are on the larger end, they stayed in place well without it. I wear a size 10 W shoe and these fit my feet fine. They were not too tight nor did I have to stretch them to get them on. They were a little confusing to figure out. The directions said to “cut on the dotted line” but I couldn’t see any dotted line. The 2 slippers were attached together at the top. So I cut them apart and then I had to snip a little off the top to open up where my foot was to go inside. This foot peel has a somewhat pleasant scent. I was worried because one of the ingredients is vinegar and another is fermented milk. Those did not sound appealing at all. However, what I smelled was a combination of the ginger and the chamomile. The hardest thing about this whole process was carving out the time to do it. You have to soak your feet for 15-30 minutes before hand. Then you have to wear the foot booties for 70-90 minutes. Then soak for another 15 minutes afterwards. I’m a busy mom, so it’s hard to find that much free time. I've just started noticing some peeling, so already it's looking more successful than the other ones that I've tried.<br /><br />*I purchased these at a discounted price in exchange for my honest & unbiased review. My thoughts & opinions are my own.",1460413688000,False,0
AHV6QCNBJNSGLATP56JAWJ3C4G2A,B00KXFD75M,4.0,Slight Fading of Burns So Far,"I burned my back of my hand in a couple of spots this past fall and have been using FLAWless for a short period of time to see if it helps lesson the appearance of those burns. First of all, I would say it's more of a gel than a cream. It's a tan color and is easy to rub into the skin. It doesn't leave behind any stickiness or residue. It also doesn't have much of a scent either. So far I *think* I might be seeing a little fading of my burn scars, but it's not very obvious. However, I am noticing that my freckles and age spots on the back of my hand are looking less noticeable and that's a welcome result. I am anxious to see what happens after continued use.<br /><br />*I  purchased this at a reduced price for the purpose of trying it out &amp; reviewing. My thoughts &amp; opinions are my own.",1454626110000,False,0
AHV6QCNBJNSGLATP56JAWJ3C4G2A,B00N6WHTRG,5.0,A Little Goes A Long Way!,"First of all, this is a generous amount of rosehip oil! I've been using it daily for about 2 weeks and I've barely put a dent in it. I've been using it on a burn scar that I have on my arm. The pump lid is easy to use & dispenses a nice amount of oil. One pump is enough for my scar. When I first used it, I was a little concerned, because it comes out a golden color, but when you rub it in, the color completely disappears. It does not leave my hands feeling greasy, which is very important to me. I've been keeping it on my nightstand and applying it at bedtime. If it left my hands feeling sticky or greasy, I would have to get up & wash them. There is a very light, natural scent - it kind of reminds me of a mild olive oil. It's only noticeable when I hold my arm right under my nose. My scar is beginning to diminish. It's still there, but it has faded a little bit. I'm excited to see what happens after more use! The skin around my scar is super soft.  I may start using this to moisturize this winter.",1416250542000,False,1
AECADZLPUNH3BDNACLFF7PSHN5MQ,B08TMPZDST,5.0,Cute for summer,Great wig. Straight silky hair and the highlights look very natural.,1627173047849,False,0
AECADZLPUNH3BDNACLFF7PSHN5MQ,B08Z75QDJ9,4.0,They look alright for something quick,Definitely not a professional look but very nice for a quick fix. No smudge and super fast to put on,1623866824963,False,0
AECADZLPUNH3BDNACLFF7PSHN5MQ,B09493KZ2S,5.0,Wow,The wig quality is really good for getting two wigs! Very nice and great to mix it up. Love them! Great weekday wigs,1623179188847,False,0
AECADZLPUNH3BDNACLFF7PSHN5MQ,B094VSZNNK,5.0,Summer short wig,Nice fluffy wig. The ombré color looks nice and the fibers are pretty soft. Cute for a summer look,1622414805950,False,0
AECADZLPUNH3BDNACLFF7PSHN5MQ,B0922B7GSB,5.0,So so soft,Very very soft hair. Beautifully plucked lace front and lushes waves. This is summer dream hair. I cannot get over just how soft it is. Definitely recommend.,1621474083344,False,0
AECADZLPUNH3BDNACLFF7PSHN5MQ,B08SVW5GZ2,5.0,Great halr,Beautiful extensions. Super soft and silky,1619490074912,False,3
AECADZLPUNH3BDNACLFF7PSHN5MQ,B08V4DW48W,5.0,Beautiful blonde,Really beautiful waves. The blonde is light and not too yellow or straw colored. The length is good and it doesn’t shed much which is also a plus.,1617584694245,False,0
AECADZLPUNH3BDNACLFF7PSHN5MQ,B0863FZFPV,4.0,Colorful wig,Cute and I like the color. It’s a bit tangly so I would definitely give it a soft brushing before each wear. Careful not to brush too hard because it has a bit of fallout. Overall I like the length and the color variation,1616639207392,False,0
AECADZLPUNH3BDNACLFF7PSHN5MQ,B08PYMT7BM,5.0,Great wig,Cute ombré wig. I love the bright blonde at the bottom and the curls are cute too.,1614913355799,False,0
AECADZLPUNH3BDNACLFF7PSHN5MQ,B08Q7NBBSC,5.0,Cute waves,It’s hair with nice wave pattern. Love the bangs and it’s so easy to wear!,1613866507210,False,1
AECADZLPUNH3BDNACLFF7PSHN5MQ,B08S2LYN64,5.0,Love the long curl look,Soooo looong!!! I love it! I also really love that this hair isn’t really shiny. It has a nice natural matte look. The curl is really beautiful too 💕,1611989667089,False,0
AECADZLPUNH3BDNACLFF7PSHN5MQ,B08QFGV5ZQ,5.0,So soft!!,Really soft. A little thin but works very good for straight looks.,1610266163692,False,1
AECADZLPUNH3BDNACLFF7PSHN5MQ,B08LDB8FTW,5.0,Love this wig and I love the bangs,Great hair with super soft texture!,1609210446676,False,0
AECADZLPUNH3BDNACLFF7PSHN5MQ,B0BHW7CPBL,5.0,Soft and wavy,This hair is gorgeous! Super soft and I love how it waves. The bangs are plucked very well and make it easy to style. Overall great hair,1609205830494,False,1
AECADZLPUNH3BDNACLFF7PSHN5MQ,B08NX1L1XZ,5.0,Great hair,Really soft bundles. Nice length and great texture.,1608439665602,False,0
AECADZLPUNH3BDNACLFF7PSHN5MQ,B08CVCLVS2,4.0,Cute colors,Cute colors but it doesn’t come with the gel base that it says that it needs so I had to use one from another kit. Pretty colors though and very sparkly,1607894625939,False,0
AECADZLPUNH3BDNACLFF7PSHN5MQ,B08NPGDHLM,5.0,Great piece,Beautiful hair feels like 2x the price. The little patch of lace is funny but the wig is super cute. I love the color and it’s super soft.,1607753867383,False,0
AECADZLPUNH3BDNACLFF7PSHN5MQ,B079FNX99P,5.0,Beautiful length,Really pretty for synthetic. Not mega tangly and had very long waves that stay in place. Overall really great,1607370258964,False,1
AECADZLPUNH3BDNACLFF7PSHN5MQ,B08JPKXJMV,4.0,Super shine costume wig,Very very shiny. The texture is cold and a little thick. This would be alright for a costume but not if you are trying to look natural. It’s good for a cheap costume wig,1605578303984,False,0
AECADZLPUNH3BDNACLFF7PSHN5MQ,B08H4SYXR4,5.0,Light scent,Great lightweight product. My box came a little smashed but it didn’t affect any of the products inside. The scent is light and not overpowering. Overall good product,1605114458164,False,0
AECADZLPUNH3BDNACLFF7PSHN5MQ,B086XH7BWW,4.0,Nice scent,It smells a lot like nice hotel soap. It came a little exploded but it worked well,1600048915416,False,0
AECADZLPUNH3BDNACLFF7PSHN5MQ,B08BS3WDPJ,5.0,Light and clean,Great masks!<br />They make my face feel super clean!<br />They are thin and the fragrance isn’t very strong. Really good for weekly relaxation,1599349480314,False,0
AECADZLPUNH3BDNACLFF7PSHN5MQ,B088PYN4VM,5.0,Great for haircuts at home,"So much in such a small kit. This kit comes with everything that you need to do trims at home. It comes with cutting scissors, thinning scissors, combs, clips and even a cover up. This is great for at home haircuts.",1598920150275,False,0
AECADZLPUNH3BDNACLFF7PSHN5MQ,B085MCMZLX,5.0,Incredible wig!,This wig makes you look like a totally different person. I scared my sister. It looks INCREDIBLE for a synthetic wig. It feels very soft and it’s very easy to brush without getting tangled. It sheds a bit but it is extremely nice looking. I love this wig! Pictures do not do it justice!,1596770764974,False,0
AECADZLPUNH3BDNACLFF7PSHN5MQ,B07GHPCT6T,5.0,A very sparkly beach wave tool,This is a super sparkly pink hair iron. I love how cute it looks. This iron is good for a nice beachy wave look and not like a tight curl look. This iron is great for a relaxed curl look.,1595977539524,False,0
AGFAOH3NMW2D7YV3QVZSTXMTSKIQ,B0BDFKFWQF,2.0,Fun Idea - Just Not Practical,"What you get - 10 horror style mouth covering temporary tattoos<br /><br />Pros - the designs are fun and spooky - definitely fit the Halloween bill and look like they would be a great addition to many horror costumes.<br /><br />Cons - they have to go over your whole mouth which firstly makes it almost impossible to apply well (you know how temporary tattoos can be tricky - this is that but more so because it's over your mouth.  If by some miracle you DO manage to get it on and in a good placement you then can't move your mouth at all.  No talking, eating, or drinking.  I have seen suggestions about cutting a slit in the tattoo - but that just makes it move and fall apart so it's not worth it.<br /><br />Overall - you get 10 for a cheap price - probably better to put them in a separate area other than the mouth and go for a weird look rather than use it like a mask.",1664459857423,False,0
AGFAOH3NMW2D7YV3QVZSTXMTSKIQ,B09XF4WD3V,4.0,Party On People!,"What you get - A basically ready to go (just add jeans) Wayne's World Look including Waynes World Hat, Mullet Wig (with wig cap) inflatable guitar, and plain black T-Shirt.<br /><br />Pros - While noone even from a distance is going to think you suddenly became Wayne from Wayne's World - this is a fun costume and brings back a lot of fun memories.<br /><br />Cons - The wig is particularly cheap - but it goes under a cap so not a disaster.<br /><br />Overall - for the price you would be hard pressed to get all the pieces separately so for me that counts as a win.",1658521449016,False,1
AGFAOH3NMW2D7YV3QVZSTXMTSKIQ,B09ZNXX417,5.0,As A Costume Wig You Can't Fault It!,"So I wear and review a lot of wigs and I have started breaking the review down into sections that I think will be helpful.  Note this wig comes with Spider Clip (on large braid in picture), earrings, and a silver necklace (also pictured) - Not pictured - 2 clip in thin braids that I didn't use.<br /><br />Color - Purple and black - obviously supposed to be a Mary Sanderson look from Hocus Pocus (although hers is a little redder) - not named as such though probably for licensing reasons.<br /><br />Styling- This is a take out the bag and put on ready to go wig. There is an adjustable band at the back with minimal adjusment but it was enough to fit it securly.  The style is perfect and ready to go and needed next to no effort to make it look natural.<br /><br />Comfort - Fit well  and would easily be wearable all day. Super light as the cap is very airy because of the ready to go style.<br /><br />Overall - I LOVE this. I can't believe for a costume wig this would be so fabulous. It's instantly recognizable and the accessories were a bonus!",1657476768922,False,5
AGFAOH3NMW2D7YV3QVZSTXMTSKIQ,B09ZP8TK87,3.0,Convenient but I couldn't reuse them.,"What you get - 4 pairs of ready to wear lashes with adhesive strips already on them (Can be cut to size).<br /><br />Pros - no magnetic liner or glue to worry about. These do give a pretty decent effect although takes a little practice to get them on.<br /><br />Cons - I didn't feel they stayed on as well as magnetic lashes do. I wore them for an hour show and they barely stayed. When I removed them there was no way that I would be able to use them again. They just weren't sticky enough.<br /><br />Overall - might be OK for teens, or people that don't do well with magnetic liner oe eyelash glue but for me they weren't secure enough. For the price though it could be worth a try if you don't normally wear lashes and want them for a special event.",1655057852424,False,4
AGFAOH3NMW2D7YV3QVZSTXMTSKIQ,B0B8SFDJN9,1.0,Did Not Work At All,"What you get - 2 10ml rollers with Vitamin C serum eye treament for men<br /><br />Pros - this is obviously designed with men in mind and it doesn't have any scent so my husband was happy to try it out.<br /><br />Cons - it did nothing even when used for a month. There was no cumulative improvement at all. It seems to be very watered down and you are paying for a lot of filler content and very little active ingredient which is probably why it didn't work.<br /><br />Overall it seems that you are definitely paying for the packaging and the ""male"" appeal. It's like the opposite of the pink tax.",1652794728853,False,0
AGFAOH3NMW2D7YV3QVZSTXMTSKIQ,B09GVHT2D3,4.0,Nice Gift Set!,"What You Get  -<br />12 oz Rose Gold ""Beauty begins the moment you love yourself"" insulated tumbler with lid.<br />(Straw and cleaner too)<br />Scented Candle<br />Soap<br />Bottle Opener<br />Wine Bottle Stopper<br />2 Flower Petal Bath Bombs<br />Greeting Card<br /><br />Pros - This is a really nice, complete gift set. You can send it directly and it comes nicely presented and all the things look really pretty in the box. Because of the bath bombs and soap it also smells lovely when you open it.<br /><br />Cons - It has a greeting card in it to ""Add your special message"" but if you send it directly from Amazon obviously you can't do that (they suggest adding your own on the Amazon gift option). Also the card is inside the box - so if you had it shipped to you to give to someone you would still have to open it in order to fill it out.<br /><br />Overall - this is on sale at the time of the review for under $20 and for that price it is definitely worth it. The cup and candle alone would be worth that.",1650636302421,False,0
AGFAOH3NMW2D7YV3QVZSTXMTSKIQ,B09PDY4W1T,3.0,No Grips On The Colored Pins but they are cute,"What you get - a cute tin with 100 bobby pins - 50 multi-colored and 50 black<br /><br />Pros - if you wear a lot of wigs or you want your hairpins to stand out these are fab. Honestly, I wish the whole box was the colored variety rather than just half of it - and the tin is really cute. The pins are a good size too - not the mini variety.<br /><br />Cons - the colored pins don't have the litter rubber protectors on the end so they tend to snag a bit. For the price I think they could have had them all colored - not half plain black (which interestingly did have the ends on them)<br /><br />Overall I will probably continue to use the colored ones as they blend in better with the wigs I use, but wish they had the ends on them.",1646146619524,False,3
AGFAOH3NMW2D7YV3QVZSTXMTSKIQ,B08Y8BRVMF,4.0,Surprisingly Good For A Costume Wig,"So I wear and review a lot of wigs and I have started breaking the review down into sections that I think will be helpful.<br /><br />Color - The color is very similar to the person pictured wearing it in the examples but not the one that is on the mannequin look. This wig is very light silver / grey. It is not that fake, overly shiny texture, and is the same solid color throughout.<br /><br />Styling- This has an adjustable headband and is fairly easy to fit and style. As it is a costume wig you have to be careful if you are looking to pull it back for anything as the amount of hair in the wig is really designed more for it to be worn as is (which is normal for this kind of price point)<br /><br />Comfort - This wig is light and comfortable and there is plenty of airflow. This was a little weird around my ears (because my head is a little smaller) but nothing too difficult.  This would be suitable to wear all day although I personally wouldn't.<br /><br />Overall - I really liked it but for what it was - a costume wig. If you are looking for something for a Halloween type look this is perfect.Great for pictures and videos but not one I would probably wear out (other than possibly to a costume party if it completed the look) just because I have others that look way more realistic.",1631108556288,False,2
AGFAOH3NMW2D7YV3QVZSTXMTSKIQ,B08T5LG5FT,5.0,Great Set - Especially For Eye MakeUp,I use a LOT of makeup brushes - and yes part of that is because I GET a lot of makeup brushes and I am not a fan of cleaning them but it also means that I try out a lot of different brands.  These worked REALLY well for my trickier eye makeup looks. They are soft but they hold the color well and disperse it evenly without much effort. The brush cleaner is a nice addition but being honest I probably won't use it. I do have an automatic brush cleaner if I need one and that will always be my go to.  For beginners or those looking to get a but more technical these are a great brush choice in my opinion!,1625073681851,False,0
AGFAOH3NMW2D7YV3QVZSTXMTSKIQ,B08HLJDCHD,3.0,Definitely Not The Best!,"I have lots of crowns that I use for various costumes. Full circle crowns are always harder to work with but this was made extra tricky from the fact that there is a very badly placed seam at what should be the front. Although it is sparkly - it is definitely not as well made as many of the others that I have that have been in the same price range. It is described as ""Rose Gold"" but it is definitely more ""Gold Gold"" in reality. Overall lackluster and disappointing.",1621701255366,False,0
AGFAOH3NMW2D7YV3QVZSTXMTSKIQ,B08YJ5SKZ5,4.0,A Little Hard - But Great Color!,This set of lip liners are a great set of Reds - and the colors are great. The only problem for me was that they are a little hard which means sometimes they are a little scratchy and harder to get the perfect lines. For the price though you are getting a good selection with pretty much any shade of Red liner you could need.,1621267538937,False,0
AGFAOH3NMW2D7YV3QVZSTXMTSKIQ,B07W1WJZFG,3.0,Good not Great,"This definitely moisturizes, there is no question about that. I found that because of the texture (it's almost whipped) that you end up needing to use more product than with many of the options. Not sure that my skin would be stressed - but it definitely goes through a lot with the amount of make-up I put on it.  It is supposed to be fragrance-free and there's definitely not a perfume element - but maybe there should be, It smelled weird to me. I can't put my finger on what it was exactly just that I didn't really like it, but I can be picky over scents so that might just be me. Overall it was good - but not great - but also it's a mid-range rather than a higher price product which should be taken into account.",1619896615540,False,0
AGFAOH3NMW2D7YV3QVZSTXMTSKIQ,B08PTC19VY,5.0,Like The Tea Bag Trick!,"In England when I was younger, if your eyes were tired or puffy my mum would always tell me to put used tea bags on them. This is what these patches are like! 15 minutes wear and your eyes really do feel better - especially if you are suffering because of too much screen time. Don't be put off by the fact that the instructions aren't in English. Just take out a new pair, place on closed eyes for 15 minutes, and discard. You won't regret it!",1618245242408,False,0
AGFAOH3NMW2D7YV3QVZSTXMTSKIQ,B08JCX3DL7,5.0,Worth The Money!,"I have always been a fan of black eyeliner. I never considered using anything else until now. I LOVE how bright this makes my eyes look. The pencil can be used in various ways but by far my favorite is to use it as an eyeliner. It's amazing quality, and although a little more expensive than I would have looked at before trying - now I'm a convert! I can't believe it took me so long to give it a try!",1615835103116,False,0
AGFAOH3NMW2D7YV3QVZSTXMTSKIQ,B08BLX72TP,5.0,Excellent!,These tweezers are fabulous. They grip even the smallest of hairs with no issues. The larger ones are so good that I haven't really needed the smaller ones (although I did try them just so that I could compare for the review). Very impressed! Highly recommend!,1615049749897,False,2
AGFAOH3NMW2D7YV3QVZSTXMTSKIQ,B08F4ZDVZQ,4.0,A Good Primer - But Heavy For Regular Use,"This is a great kit, for when you REALLY want your make-up to be on point. The primer gives a really great base and helps the foundation to look smooth and not crack, the ONLY downside is that for me, it doesn't allow my skin to breathe enough and I end up with breakouts if use it more than on the odd occasion which is a shame.  That being said a little goes a very long way, and on the days when I need my make up to be extra perfect then this gives me great results!",1614180124203,False,1
AGFAOH3NMW2D7YV3QVZSTXMTSKIQ,B086JDDTKR,5.0,It lives in my freezer!,"This has taken up permanent residence in my freezer. It is great when I just need a quick refresh, oh my eyes are tired, or I have a headache.  I have other rollers too but this is larger than most of them so you can hit more area at once.",1614101793852,False,1
AGFAOH3NMW2D7YV3QVZSTXMTSKIQ,B0BB8JLJLS,4.0,It Definitely Works!,"I wear a lot of wigs - and am always looking for anything that can make them easier to wear. This product definitely worked, was easy to use, but I am not sure that it is worth the price. I have other items that have worked as well that weren't as expensive.  If this was a little cheaper though it would be fabulous for cosplayers that use a lot of different wigs / toppers.",1613584239874,False,2
AGFAOH3NMW2D7YV3QVZSTXMTSKIQ,B08KJF6Y6C,5.0,Fabulous!,I love magnetic lashes - they have totally changed how I feel about False eyelashes and I use them ALL the time. This set comes with two liquid liners which I love! The lashes stay all day with no issues at all and the variety of styles means you can have them looking more natural - or super dramatic.  The only thing I would say is that they say reusable - and I know people that do wash and reuse them but my eyes are sensitive and so I only use each pair for a single use.,1612546754111,False,1
AGFAOH3NMW2D7YV3QVZSTXMTSKIQ,B08DK74M1P,4.0,Convenient Individual Packets!,"These are very convenient to throw in your purse when you are on the go, especially with everything going on at the moment. Working out at just under $1 a use they are pretty good value for money. They don't have a harsh scent and they aren't drying on your skin which is always a plus. A good product!",1612544411103,False,1
AGFAOH3NMW2D7YV3QVZSTXMTSKIQ,B08K2NG4KX,4.0,Nice options but not too sturdy (one of the gems fell off),I needed a peacock clip for my vikings cosplay and this worked really well. Having the 3 separate pieces allows for lots of variety and styling options. The only downside is that the glue on one had completely dried up and the gem had fallen off in the packet. Super glue handled that but it did stop it from getting 5 stars.,1611771882886,False,1
AGFAOH3NMW2D7YV3QVZSTXMTSKIQ,B0839FY8JG,3.0,Not My Favorite,"The color on these are strong, but they feel a little waxy for my preference. That being said they do stain quite well and there was a variety of red shades which means there would be something for most skin types. Just not one I can see me using on a regular basis.",1609783299901,False,0
AGFAOH3NMW2D7YV3QVZSTXMTSKIQ,B084GF14TQ,4.0,Nice Packaging and a Vibrant Color,This lipstick is the sort that is great to pull out of your purse in places because it just looks super classy.  The color is nice and vibrant and it doesn't dry out your lips.  The effect is quite matte so I will confess I added a staying gloss over it - but purely for visual effect. My skin tone was failing to pull off the flatter red. It didn't need it for moisture.,1604770551367,False,0
AGFAOH3NMW2D7YV3QVZSTXMTSKIQ,B08GBZGRDQ,4.0,Great Value WIth Good Color Options - And It Lasts!,"This set is great for anyone possibly looking to try a slightly different look.  12 individual, full size lipsticks all in fall / Halloween type colors.  For truer color, as with many lipsticks, several layers work better.  The color lasts really well even through eating and drinking, but comes off easily with remover!",1602098610820,False,0
AEYVPPWR4CIKWX4BGYKCBCDL2CZQ,B09V1WZTDP,5.0,Good Castor Oil,"I love castor oil and use a lot of it, but rarely for my hair. I've never seen or used castor oil ""butter"" before and I think it's very interesting. All the oils in this product are normally liquid at room temperature so I'm not sure how they got this to have a butter-like consistency. Maybe some beeswax or something was added but it's not on the list of ingredients. I really like the tea tree oil scent this castor oil butter has as tea tree is one of my favorite scents.  I think this is a very good castor oil product.",1657392280874,False,1
AEYVPPWR4CIKWX4BGYKCBCDL2CZQ,B09XT13187,4.0,Looks Real,Very good fake beard and moustache and fun for cosplay.  It looks pretty real when on.,1656267593446,False,0
AEYVPPWR4CIKWX4BGYKCBCDL2CZQ,B0B1ZSLFYQ,2.0,Not Very Good at Concealing,"I've used a lot different concealers over the years but I must say that I think the Marine Forest is my least favorite.  The sticks are fat and not good for precision application, and it seems that the concealer doesn't really do a good job of concealing.  I had to go over this concealer with another concealer to cover the dark circles underneath my eyes.",1656100749908,False,0
AEYVPPWR4CIKWX4BGYKCBCDL2CZQ,B08QKXY1KN,4.0,Good Enough,I have bleached blonde hair with a lot of silver mixed in.  I color it at home and if I don't use products to control brassiness my hair will start to turn kind of orangish.  I really like this shampoo.  It's nice and dark purple and lathers up really nice.  It cleans my hair well and thoroughly rinses out.  The creme rinse doesn't do much as far as conditioning or de-tangling but should help to keep hair from color warping.  It's not as dark purple as the shampoo and has no scent that I can detect.,1624113542325,False,0
AEYVPPWR4CIKWX4BGYKCBCDL2CZQ,B08YTC3KLG,5.0,Excellent Sweet Almond Oil,"I use almond oil in my handmade soaps to make them extra emollient.  It's also a wonderful moisturizer for skin and dry/damaged hair.  I think this is very good sweet almond oil, it's 100% almond oil and there's nothing negative I can find to say about it.",1620855578406,False,1
AEYVPPWR4CIKWX4BGYKCBCDL2CZQ,B08QHP717Z,4.0,Pretty Headbands,"These are pretty, pastel colored cloth covered headbands.  I like the scrunchie look they have.  They hold my hair out of my face very well and don't bother me much around the backs of my ears.  Sometimes head bands start to hurt my head but so far these haven't.  They're not super good quality - about a dollar each, but they do what I want them to do.",1619886116268,False,0
AEYVPPWR4CIKWX4BGYKCBCDL2CZQ,B08XQYZWCS,4.0,Good Collagen Supplement,"If you mix up approximately 2 tablespoons (close enough to 1 and 2/3rds) you can sort of taste the berry flavor but it's basically bland and flavorless.  That's fine, you can add a flavoring to it if you want too.  As far as helping me get to sleep it doesn't.  1mg of melatonin does nothing for me.  I like that one serving delivers 10 mg of collagen but it's only one type - bovine collagen.  I think it's kind of pricey coming in at $34.95 (as of this review) since I've reviewed collagen powders that contains several types of collagen and were more than 9.3 oz for as much or even less money.  Also, you won't see any results in 2 weeks so don't let those reviews get you all excited.  I've been consuming collagen on a daily basis for about a year and am now just beginning to see some positive changes in my skin and nails.  I'm 63 and realize all the collagen supplements in the world won't make me look 40 again but I have seen some improvements in less crinkly skin on my arms and some fine lines around my eyes looking much smoother.  Collagen is not the fountain of youth but it does help if you are patient and consistent.",1619365433281,False,1
AEYVPPWR4CIKWX4BGYKCBCDL2CZQ,B0857H7SCD,5.0,Excellent Castor Oil,"I have used a lot of castor oil over the years but mainly in my hand made soaps. I like it to be very viscous, sticky and have that castor oil scent. This oil fulfills all my qualifications for a good quality castor oil. It has many uses besides being a great emollient in soaps, so I will be using it for my skin and hair as well. It's one of the best that I've reviewed so far. Please note that this castor oil is for EXTERNAL use only and not to be taken internally. If you want castor oil for that search for food grade castor oil.",1619115473704,False,1
AEYVPPWR4CIKWX4BGYKCBCDL2CZQ,B08JTNQFZY,5.0,Very Good Hair Brush,This is the perfect sized boar bristle hair brush to put in my purse or tennis bag.  It's not too small but it's not full-sized either.  I love these types of brushes the best (especially those with bamboo bristles) because they brush all of my hair and not just the top of it.  It feels good on my scalp too.  The wood grain in the brown handle is lovely too making it a pretty brush as well as very functional.,1614364761422,False,0
AEYVPPWR4CIKWX4BGYKCBCDL2CZQ,B08GMC48QF,5.0,Seems to be Good Shampoo and Conditioner,"The shampoo comes out of the bottle really DARK blue but lathers up nice and white.  It cleans my hair nicely, rinses out easily and has no strong or perfumed scent at all.  I have been lightening my hair using home kits and prefer shampoos and creme rinses that help control any brassiness.  The conditioner is a much lighter color and makes my hair feel great.  It's easy to comb out and blow dry.  However, it will leave your shower floor very slick so be careful with this stuff.",1612911742143,False,0
AEYVPPWR4CIKWX4BGYKCBCDL2CZQ,B07W1WJZFG,4.0,Very Good but Pricey,"This is a little jar of face cream for $27.98 (the price as of this review).  It feels good on my facial skin, but honestly, it doesn't moisturize it any better than many less expensive creams I've used and reviewed.  It's good, but I just don't see why it costs so much money.  The texture is close to that of sour cream and it's easy to apply.  It's a little greasy for a short while until it gets absorbed.",1612308654407,False,0
AEYVPPWR4CIKWX4BGYKCBCDL2CZQ,B07Y63PY1M,5.0,Medium Gray and Waterproof!,"I have several of this type of eyebrow pencil but in a different shade.  These are the kind that allow you to try make lines that look like hairs though I have never been really all that good at doing that.  This is the first gray color eye brow pencil I've used and I like it pretty well.  The gray color is medium - not dark or light, but right there in the middle.  I use a very light touch and short strokes to get the color where I want it.  I have scant eye brow hairs and have to fill in to make it look like I have full eyebrows.  I like how this did, it seems to be waterproof and I really need waterproof because I play a lot of tennis and sweat a lot on the court under the hot sun in the Deep South.  I sweated a lot at practice last night and when I woke up this morning my eyebrows were still mostly there.  I can't complain about that.",1600967218224,False,1
AEYVPPWR4CIKWX4BGYKCBCDL2CZQ,B086MN4SRX,5.0,Excellent Natural Deodorant,"I checked the ingredients list of this non-aluminum containing deodorant and everything that's in it is what I put in my own home made deodorants.  Shea buttter, coconut oil, arrowroot powder, cornstarch, essential oils, etc...  It has a lovely scent, and you don't need much.  It won't stop sweating, but it will keep the smelly bacteria from breeding for a while so you don't stink.  I could feel the slight graininess of the cornstarch and arrowroot powder which let me know it was good quality.  I really like this and feel it is every bit as good as my own homemade deodorant.",1598796812774,False,0
AEYVPPWR4CIKWX4BGYKCBCDL2CZQ,B08BY9P4HR,4.0,Good Bamboo Brush with Comb,"I love bamboo brushes with bamboo bristles.  They feel so good on my scalp - like a scalp massage when I brush my hair with them.  This brush is really good, though I would have liked for the bristles pegs to be a little longer.  I find I have to push the brush down harder to get to my scalp.  I have another bamboo brush with longer bristles that I like best but this one is still a very good brush especially if you have short hair.  The comb that comes with it is good for getting tangles out of thick hair and one of my kids has laid claim to it.",1597671635724,False,0
AEYVPPWR4CIKWX4BGYKCBCDL2CZQ,B07Q2G3FSY,5.0,Excellent Product,"I can't tell if my teeth are any whiter or not after using but I can tell that my sink and counter top are a lot darker.  It's messy.  But I still like it a lot.  The powder is very fine and not coarse, and has no flavor.  It think the activated charcoal is very good quality.  I use activated charcoal a lot but not so much for brushing my teeth.  I make handmade soaps and I like to make BLACK soaps because they are so cool looking and clean the skin so well.  I used some of this in some soap and it worked great!  The toothbrush is good and so is the tongue scraper though I prefer a larger tongue scraper.",1583428297296,False,0
AEYVPPWR4CIKWX4BGYKCBCDL2CZQ,B07XVNJFNF,5.0,These Work Great,These are just what I need to keep some loose hairs around my face from flying around and getting into my eyes.  I played a tennis match yesterday and the wind was just ferocious.  If I didn't have these little barrettes in my hair I would have gone nuts.  These are perfect for when you need a lot of them at one time like I did yesterday.  I think I had at least 8 of them in my hair at one time but they looked fine and I like the choice of colors and they worked perfectly.,1583082404268,False,1
AEYVPPWR4CIKWX4BGYKCBCDL2CZQ,B07SW7D6ZR,3.0,Too Expensive for What You Get,"I've reviewed other lotions that were pricey like this one, as of this review this Kale Firm & Smooth Body Lotion costs $25.90.  I think that's kind of expensive because though it's a good moisturizer, it's not a great moisturizer.  I can put it on my face, arms and hands and it feels good, but my skin is not as moisturized as some other lotions and creams that I've used.  I like the shape of the bottle because I can keep it in the slot in my car door and use it as needed.  But, I wouldn't be real thrilled if I paid nearly $26.00 for a 6.8 fl. oz bottle of this lotion and only got an average level of moisturization.",1580763310383,False,0
AEYVPPWR4CIKWX4BGYKCBCDL2CZQ,B07X1NG7TG,5.0,Great For Scraping Gunk Off the Tongue,"These tongue scrapers do an excellent job of getting all the yucky stuff off your tongue which is LOADED with bacteria and is the main source of halitosis.  I always brush my tongue with a stiff bristled tooth brush, then my teeth with my Sonicare and to finish off the routine I use my tongue scraper to get the last bit of slime off my tongue.  I've used a plastic tongue scraper for years and it does real well and so do these metal ones.",1579982684854,False,0
AEYVPPWR4CIKWX4BGYKCBCDL2CZQ,B081632HX6,2.0,Organic Argan Oil???  I Don't Think So,"I was really happy to receive this 4 oz. bottle of ""Organic Moroccan Argon Oil"" but it does not appear to be very organic nor pure argan oil.  It's loaded with other chemicals, and perfume.  Upon opening the bottle I wondered why it had a scent, was clear and somewhat thin.  I have several other brand of PURE Argan oil and it is thick, yellowish and has a musty/dirt-like scent.  I can't give this Livordo Argan oil a high star rating since what it advertises doesn't seem to be what you get.",1579538077798,False,1
AEYVPPWR4CIKWX4BGYKCBCDL2CZQ,B082VS3W6R,3.0,Too Rough For Me to Use,"These are o.k. nail files, but I wouldn't use the gray side at all as it too rough.  I would use the buff side to actually file my nails - if I wanted to use them.  I find the thickness of the nail file a little hard to hold and will continue to use my wonderful slim glass nail file and super fine sandpaper to smooth the edges.  I play and teach classical guitar and I need my nails to be just right to get good contact with the strings and these nail files leave my nails too rough on the edges.  They are well packaged and colorful and would make a nice gift for someone who isn't as fussy as me about their nails.",1579121667320,False,0
AEYVPPWR4CIKWX4BGYKCBCDL2CZQ,B07S6CYNBK,5.0,Works Really Well,"This nail polish remover is not watered down like the cheap kind you buy at Wallmart.  This really got some old, thick nail polish off quickly and easily.  That said, I only had my toes painted so it was not really possible for me to stick my toes in the jar and rotate them so I took the sponge out, gave it a squeeze to get to the excess nail polish remover off and went to work with on my toes.  It was very easy and very fast.  This nail polish remover is at least 3x better than what I have in bottles underneath my bathroom sink.  I think as the nail polish remover is used up and/or evaporates I will refill it with more nail polish remover.  The pink sponge was soft, yet still rough enough to get the old nail polish off.  At first I was thinking this thing was going to be a bust, but it has turned out to be extremely useful.",1569621892266,False,0
AEYVPPWR4CIKWX4BGYKCBCDL2CZQ,B07N45YN6C,4.0,Good Sonic Toothbrush,"I like this sonic toothbrush a lot - the color is so retro pink and lovely and it seems to do as good a job as my expensive Phillips sonic toothbrush.  It has a tough case for traveling, sits nicely on it's charging stand and has 6 extra tooth brushes.  I just wish it took the same kind of toothbrushes as my Phillips sonic toothbrush.  They are so close to being the same size to fit, but the post on this toothbrush is too big for my replacement Phillips heads to fit.  So, replacement heads will have to be ordered specially and sometimes finding non-brand sonic toothbrush heads can be hard.  I have another sonic toothbrush that I love, but can't find any replacement toothbrush heads for it.  Other than the toothbrush heads, I think this is an awesome sonic toothbrush, does a great job (has lots of different settings but I only use one), and will make a retro bathroom look even more retro.",1562703345558,False,0
AEYVPPWR4CIKWX4BGYKCBCDL2CZQ,B077YR3333,3.0,Didn't do Much For Me,"I've used this serum several times and I can't say I noticed any ""tightening"" or any smoothness occurring.  It looks cool in the bottle being gold-ish with sparkles, but it did little to help my face feel moisturized.  I have to go over it with a good moisturizer.  The little beads rubbed in o.k. but again, nothing really happened.",1552503245392,False,0
AHT6AM6BNIZUHFJB5V2M6XM72G7Q,B09NFKDCPG,5.0,Easy to set up easy to store,"I have loved the idea of having a pedicure tub, but they're so big and only good for one thing. I love that this not only has all the bells and whistles, it folds flat for storage. It has rollers for massaging, it keeps the water warm so you can keep your feet in as long as you need. There's a remote so you can change modes without bending down. This is like the Cadillac of at home foot spas.",1666048616091,False,0
AHT6AM6BNIZUHFJB5V2M6XM72G7Q,B009GPP546,5.0,Smells like fresh lemonade!,"This lotion smells so good! It smells like fresh squeezed lemonade and sugar, its so refreshing. The texture is great, its nice and lightweight. I typically put on lotion after a shower and it leaves my skin feeling soft and well hydrated. It takes a bit to absorb, but by the time I'm finished getting all my parts the first limb I started with is dry. The scent doesn't last long, which for me is sad, its so good! but I know that can be too much for some people. This lotion keeps my skin hydrated for days, but I might need a refresher in the winter.",1654549256101,False,0
AHT6AM6BNIZUHFJB5V2M6XM72G7Q,B09KYJJ3D5,5.0,Take your bath or shower to the next level,"If your bath or shower is missing something, this might be it! This scrub is so nice and cozy. It smells amazing, like a cup of hot cocoa. It has great grains for exfoliation, there's different sizes to make sure your skin gets the best exfoliation. The mask in it is great to keep your skin soft and smooth too. For the ultimate treatment put a thick cream on after this and your skin will glow!",1653172929777,False,0
AHT6AM6BNIZUHFJB5V2M6XM72G7Q,B096YHL82K,4.0,Smells very coconutty and it is VERY thick,"This lotion does a great job of moisturizing, it smells very tropical. It comes in a bottle with a flip type lid and the lotion is so thick, it is rather difficult to get it out. If you use a thin layer it absorbs relatively quickly and my skin was nice and moisturized for at least 24 hours.",1633656111563,False,0
AHT6AM6BNIZUHFJB5V2M6XM72G7Q,B097H7H3MT,5.0,Best cloths for soft skin,"These cloths are the best for getting your skin soft and keeping it well exfoliated. The cloths really get your soap lathered up too, don't get them too much in the water because the soap will rinse right out. You can also use these exclusively for scrubbing your skin, if you soak in the tub you can use the cloths to roll your dead skin right off. Its gross and so satisfying. Follow up with a nice bath oil and or lotion and you are good to go.",1627185606591,False,1
AHT6AM6BNIZUHFJB5V2M6XM72G7Q,B08M8Z51F1,5.0,Amazing skin!,"My skin looks hydrated and feels soft. I double cleanse with an oil and a foaming cleanser. I used the Ordinary exfoliating acid and then a toner. I put the eye cream on thick and put the sheet mask on top of it. I left it for 20 minutes and then took off the mask. I tapped in the extra serum until it was dry. I put the night pack on and went to bed. In the morning my skin felt so soft and was hydrated. It was a little much for my nose area, I got a very full whitehead the next day, but my nose is very oily. This is a nice treat once a week.",1619224284623,False,0
AHT6AM6BNIZUHFJB5V2M6XM72G7Q,B08P1X94FX,4.0,Like a DIY biore type strip,"This kit is pretty easy to use. I clean my face and then let a warm washcloth lay on it until it's cool. The bottles of formula have nail polish brushes in them to make it easy to apply the product where you need it. I put this on my nose, but you can use it wherever you have clogged pores. Once the liquid is on, you press the strip onto your face and then wait. It dries quicker than other pore strips I've used. After a little more than 5 minutes it was ready to peel. After peeling I looked at the strip and I could see the little hairs and stuff that came out of my skin. My nose feels smoother and looks clear. I wiped my face and my nose in particular with a toner pad and proceeded with a serum and moisturizer. This is a really easy to use kit that will last a while.",1616962256861,False,0
AHT6AM6BNIZUHFJB5V2M6XM72G7Q,B08SQ31H8P,5.0,Gentle scrub,"I like using a shampoo brush, they really help the shampoo work to its fullest when I'm cleaning my hair. The nubs are gentle, but they get down to your scalp even through thick hair. There are holes in the bottom of the brush so you might want to remove the part with the bristles and let that dry out to keep the mold out. There are a bunch of brushes in this pack so if it gets bad you could easily replace it. These are great as a part of a spa gift or for yourself.",1616360432299,False,0
AHT6AM6BNIZUHFJB5V2M6XM72G7Q,B09GNXK3N1,4.0,Tight on your head,"If you have a large head and plan on wearing this for a long period of time it might not be comfortable. I have a normal ish size head and it pressed my earrings into my head which wasn't comfortable, but I'll just take my earrings out next time. The side that sits on your forehead has a sticky strip to keep the cap from sliding and the side that goes on the base of your skull has a stretchy band to allow for sizing. The bow is cute and so is the pattern. I use these types of caps for incubating oil and deep conditioning masks. They are great for this, keeps the ""juice"" inside and the outside dry.",1614229912744,False,0
AHT6AM6BNIZUHFJB5V2M6XM72G7Q,B08PPF5HRZ,5.0,Nice set for a facial treat,This set is great for a nice facial massage. I like using the roller over my safety makes to make sure they stay in place and help the serum into my skin. The cool feeling of the stone is super soothing. The gua sha is a nice massage with a moisturizer or serum too. It comes nicely presented and would make a great gift.,1610575481377,False,0
AHT6AM6BNIZUHFJB5V2M6XM72G7Q,B089D16BWJ,3.0,Weird reactions,"After cleansing and toning I smoothed this sheet mask on my face and left it about 20 minutes. After taking it off I tapped the excess into my skin until it was dry. I applied my normal moisturizer and went to bed. In the morning my eyelid was swollen and my face felt very tight and almost plastic coated. I washed my face right away, but the swelling persisted until the next day. That was the only new thing I tried on my face that day. Be cautious!",1604872261031,False,0
AHT6AM6BNIZUHFJB5V2M6XM72G7Q,B08F75GWBS,5.0,Don't judge it right out of the box,"Ok, so when you open the box this thing seems kind of suspect. It smells like it is made of layers of spray paint and it feels like it is going to fall apart as soon as you get it wet. Let me just say, one trip through the wash and it held up and it smells much better. It fits great and conforms to your face, it is tight against your nose and cheeks and the chin to keep air in/out. It is breathable, but the good way.",1604033772038,False,0
AHT6AM6BNIZUHFJB5V2M6XM72G7Q,B08CZDFBPC,4.0,Interesting concept,"I use q tips to get water out of my ear, these won't do that. They are good for getting excess earwax out or gentle scratching if need be. There are lots of different tips to choose from and spares if you need. The case is flexible and made of silicone as well. There is a really nice mirror on the opposite side of the ear buds. The hinge(connector part?) between the two sides seems very flimsy like it might break, but so far it has held up.",1600967258318,False,0
AHT6AM6BNIZUHFJB5V2M6XM72G7Q,B08WCG4JCC,4.0,Decent moisturizing conditioner,"My hair is dry and damaged from bleaching and  I try to do all I can to keep it happy and healthy. I shampooed my hair, towel dried and added conditioner to my hair and combed it through. I put on a shower cap and a towel wrap and slept on it. In the morning I rinsed it out and let it air dry. It felt reasonably moisturized and looked good. I usually wash twice a week and switch between conditioner and hair mask. The scent is different than any I have smelled in a conditioner, but it isn't bad and it doesn't really stay around. There was no seal on the conditioner and it was all over the box when I got it, but it was only a little bit.",1600377992889,False,0
AHT6AM6BNIZUHFJB5V2M6XM72G7Q,B08WCG4JCC,5.0,Great hair spray/oil,"This is an oily consistency, but it sprays easily and there is a heavy stream. I was surprised by that at first, but managed to rake it evenly through the rest of my hair. It soaked in pretty quickly and left my hair nice and soft and even though I accidentally over applied, it looks decent and not like an oil slick. There is a light scent that is ok, it doesn't hang around though so that's fine.",1599516081950,False,0
AHT6AM6BNIZUHFJB5V2M6XM72G7Q,B08BS19VF8,4.0,Refreshing,"These are very juicy, I squeezed some off before putting on my face. The mask smells fresh and a little like rubbing alcohol. It's wider than long, like really wide so it fits weird on your face. The eye and mouth holes are thin and wide so it hung over my eyes and my mouth. I left it on for 20 minutes and tapped the leftover serum on my face and it made my face feel nice and moist.",1599274328674,False,0
AHT6AM6BNIZUHFJB5V2M6XM72G7Q,B08BF4BKKM,5.0,Facial kit has everything you need,"Lots of great stuff in here, face brush, eye mask, cleanser, wipes, nose strips, eye mask, lip mask, its a great pampering box.",1599188349364,False,0
AHT6AM6BNIZUHFJB5V2M6XM72G7Q,B08FD2KP9R,5.0,Sturdy scrubbing,It's long enough to get around your back and sturdy enough to not flip around when you are scrubbing your back. It has a scrubby side and a massaging nubby side. They both feel great on your skin. It came with a little natural sponge and several sticker hangers for in the shower that come in handy to help them dry better.,1598585090381,False,0
AHT6AM6BNIZUHFJB5V2M6XM72G7Q,B082VKPJV5,5.0,Great for working hands,"This is a great set if your hands regularly get dirty or dry. There's a barrier cream that can be used as a hand lotion, charcoal exfoliating hand soap, and a thick hand cream. There is a faint scent, but it's clean smelling if anything. The soap says you can use it with or without water. I wouldn't eat anything with my hands without using water with it though. The heavy cream is really nice to out on just before bed, just the tiniest amount will take care of your hands. Both creams soak in quickly and aren't greasy at all. I wash my hands it seems like a thousand times a day and these keep them from being tight and dry.",1580962056523,False,0
AHT6AM6BNIZUHFJB5V2M6XM72G7Q,B0778G25S7,4.0,"Cute, but very tight","These are super cute and really soft. I think I have a normal size head, but these fit really tight, like I have to scrape it over my face to get it on my head. I'm hoping they'll stretch a little with use, because it's not very comfortable to wear longer than washing my face. I haven't tried a face mask yet, I don't really know if I could handle the pressure.",1579834776250,True,0
AHT6AM6BNIZUHFJB5V2M6XM72G7Q,B07YBW9KTX,4.0,"Light smell, nice moisture","This is a nice creamy body wash, I use it for myself. It is very mild, but lathers nicely. The scent is very light, the bottle says lavender, but you can barely tell.",1573956948643,False,0
AHT6AM6BNIZUHFJB5V2M6XM72G7Q,B01MAYLP82,3.0,"Meh, there are better.","I got a packet in a subscription box. I've tried a few other foot peels and have had way more success. I always soak my feet for about 15 mins before, leave them on for the suggested time and soak my feet for 15 mins each night until they stop peeling. My feet didn't start peeling for about 5 days after and it was only the soles of my feet. I was hoping it would take care of the calluses on the heels of my feet, but so far no deal.",1540609859401,False,0
AGYVC7KVHP2AWM7BDCEYNHFA6F3Q,B0B6DPNJHQ,4.0,Korean serum that delivers gentle hydration with ceramides and squalane,"This Skin & Lab  Milky Serum is lightweight and unscented. I like the texture and feel of this serum - not sticky nor greasy but offers immediate hydration. It leaves the skin feeling soft and well hydrated.  The serum contains squalane and ceramides, providing moisture below the surface.",1670380531727,False,0
AGYVC7KVHP2AWM7BDCEYNHFA6F3Q,B0B34GRFL2,5.0,Light gel cleanser,This Cica Green Cleanser comes in a gel form and is lightweight. It works well to remove layers of sunscreen without leaving my skin feeling stripped or overly dry.,1660085743490,False,0
AGYVC7KVHP2AWM7BDCEYNHFA6F3Q,B09KX5N1DR,5.0,Exfoliates and doesn't feel greasy,"I like the scent of coconut but was a little worried that the scrub would feel greasy on the skin.  It was comfortable and left my skin feeling softer without feeling dry or oily.  The scrub has large salt granules and these are slow to dissolve, I like this better than a sugar scrub.",1647196099421,False,0
AGYVC7KVHP2AWM7BDCEYNHFA6F3Q,B09G3KBK7Y,3.0,Light lavender water,This baby cologne is similar to lavender water in scent and feel. It comes in a plastic pump bottle and arrived in good condition. The baby cologne's scent dissipates fast but it smells and feels refreshing.,1645751047543,False,0
AGYVC7KVHP2AWM7BDCEYNHFA6F3Q,B09FNTZFZZ,3.0,Hydrates well without any stickiness or greasiness,This face cream is more liquid than cream. It doesn't feel sticky or greasy on the skin and is absorbed quickly. It leaves my skin feeling very soft and hydrated.  The cream does have a strong scent similar to tulips. I like the feel of the cream but not the scent.,1634940518670,False,0
AGYVC7KVHP2AWM7BDCEYNHFA6F3Q,B095YMNNJD,4.0,Comfortable headbands,I find these cloth hairbands comfortable.  I tried using them while jogging and they stayed in place and kept sweat from my face.  The floral prints are pretty and ones that I'd choose again.,1632834848047,False,0
AGYVC7KVHP2AWM7BDCEYNHFA6F3Q,B083PXJBVY,5.0,"Leaves scalp feeling clean, light and not dry","This Hibiscus Moisturizing Scalp Pack is used after shampooing. Unlike a conditioner, the scalp pack focuses on the scalp and hydrates without feeling heavy or greasy. It leaves the scalp feeling clean, light and not dry.",1632264365690,False,0
AGYVC7KVHP2AWM7BDCEYNHFA6F3Q,B097H7H3MT,5.0,Maximum exfoliation but takes some getting used to,These exfoliating mitts are strong but work well.  They're Korean style exfoliating mitts which are different from the usual drugstore type. They're made of lightweight material that dries quickly but shouldn't be put in the dryer.  They are also much rougher than the regular ones and provide excellent if strong exfoliation. I usually use them on dry skin first and then wet them with shower gel for maximum effect. I rinse them out and airdry them.  They help keep skin soft.,1627144838058,False,1
AGYVC7KVHP2AWM7BDCEYNHFA6F3Q,B08R2MJJV3,5.0,Efficient packaging and excellent moisturizing essence,"This 5-pack of Shinsiaview Vita Essence are well packaged and easy to transport when traveling.  I like the light cooling feel of the essence which is easily absorbed into the skin. It moisturizes without making my skin feel shiny or sticky.  It left my skin feeling well hydrated and soft.<br /><br />I have combination sensitive skin and experienced no redness, sensitivity or irritation using this product.",1624644318661,False,0
AGYVC7KVHP2AWM7BDCEYNHFA6F3Q,B07RBSLNFR,5.0,Helps increase collagen and protect the skin barrier but feels very light on the skin,"I'm always interested in trying new skincare products, brands, and innovations. I'm new to the Ogana Cell brand but knowing that the brand is created by a South Korean dermatologist caught my attention. I have had very good experience with South Korean skincare at different price points.<br /><br />This Amazing Lotion has a light texture, similar to a serum. I have combination sensitive skin and need anti-aging products.  I found that this worked very well for me.  There is a light fruity scent but the lotion doesn't feel sticky or oily and is quickly absorbed into the skin. It looks matte but hydrates well and left my skin feeling very soft.  The lotion strengthens the skin barrier but doesn't have the slightly oily feel of many products that have the same purpose.  I also like that the lotion helps to increase collagen -- at my age this makes a difference.",1618074273765,False,0
AGYVC7KVHP2AWM7BDCEYNHFA6F3Q,B08NJ5BTWG,5.0,Gentle and effective 50 SPF,"I was late to use sunblock regularly.  The older versions were too whitish and thick, uncomfortable on the skin.  This South Korean version with 50 SPF is quickly absorbed into the skin and does not leave any whitish color or streaks.  It does not feel oily or sticky but instead more like a light lotion.  It does not use parabens - the product list shows the harsh ingredients that the sunscreen does not contain.  Aside from SPF, the sunblock also has moisturizing ingredients.  It is easy to use this everyday without causing a breakout or irritation of the skin.",1617730415402,False,0
AGYVC7KVHP2AWM7BDCEYNHFA6F3Q,B083BLZJ9M,5.0,Hydrating and brightening sheet masks,"I've been using sheet masks for years and these masks have a lovely texture. There are generous amounts of serum and the mask stays moist for over 20 minutes.<br /><br />Overall, these are a great complement to the other skincare products and sheet masks that I use regularly.  I have sensitive combination skin and this did not cause any redness, sensitivity or irritation.<br /><br />If this was helpful to you, please indicate it below.",1612876784714,False,0
AGYVC7KVHP2AWM7BDCEYNHFA6F3Q,B08M9TJ3NJ,4.0,Luxurious body oil and fingernail moisturizer,"I decided to pamper myself and enjoy the luxurious feel of this body oil and fingernail moisturizer. Oh-la-la, this lotion is so soft and light, with a very subtle and fresh, clean smell.  It  hydrates the skin so well, using mainly organic material - plant & flower oils, some coming from the Pacific islands.",1611335264648,False,0
AGYVC7KVHP2AWM7BDCEYNHFA6F3Q,B07MZT83KK,5.0,Gentle effective cleanser that targets sensitive skin,My skin has become more sensitive over time and the cold weather and dry air during winter exacerbates the condition.  This Easydew Starter Cleansing Milk works very gently and is effective at cleaning.  My skin doesn't feel stripped or dry and the ceramides increase hydration so that my skin feels soft after cleansing even without toner or moisturizer.<br />I have sensitive skin and the cleanser did not cause redness or irritation or sensitivity.,1606052353224,False,0
AGYVC7KVHP2AWM7BDCEYNHFA6F3Q,B07ZSRTCH8,5.0,Effective Vitamin C serum & K-beauty,"I'm always interested in trying new skincare products, brands, and innovations.  Mizon is a well regarded South Korean skincare brand.  Vitamin C serum loses efficacy when it is exposed to oxygen, Mizun uses Arbutin to lengthen the efficacy of the serum.<br /><br />Topical Vitamin C sometimes  irritates my skin but I had no sensitivity to this.  It did go on easily with no greasiness or tacky feel.  It does feel like it tightens my skin and gives it a more even, brighter tone.",1604968850900,False,0
AGYVC7KVHP2AWM7BDCEYNHFA6F3Q,B08YJV9YL2,4.0,"Comforting scent, cleans without drying out my skin","I chose the Baby Powder Scent which brings back memories of babies and childhood.  My skin felt instantly clean and soft.  It is made of natural nourishing ingredients and provides relief from dryness.  The scent really brings comfort - I'm looking for that sort of soothing scents nowadays.  The packaging is old fashioned with flower, lambs, etc.",1604566356748,False,0
AGYVC7KVHP2AWM7BDCEYNHFA6F3Q,B08H4SYXR4,5.0,Caudalie's Vinosource - a treat for the skin,"I'm always interested in trying new skincare products, brands, and innovations. The Caudalie products are among those often discussed by beauty bloggers and are prominent on ""what skincare to buy when you visit France""  lists.  This set has their famous vinosource serum that contains the antioxidants from grape seeds.  This Vinosource serum smells lovely, is quickly absorbed into the skin, and hydrates deeply. It's a lightweight and effective serum that leaves my skin feeling pampered and very soft.  It works very well during the dry cold months of autumn and winter.<br /><br />The cleanser is gentle but effective.  The moisturizing cream has a lovely scent and the antioxidants that have made the brand famous.  It is particularly welcome during the cold, dry months.  I love that Caudalie's products work so well.  I have sensitive skin but these products have not caused me sensitivity or irritation or redness.<br /><br />The set is beautifully packaged and would be a lovely gift.",1604196784845,False,0
AGYVC7KVHP2AWM7BDCEYNHFA6F3Q,B08DXLRTSB,4.0,Slowly absorbed into the skin,"I am always interested in trying new skincare innovations, products and brands.  I am new to the Laloirelle brand and  was intrigued by the description of this Luminous Face Oil.  I'd used different face oils in the past with varying success.  I have oily skin in parts (T zone) and sensitive skin.<br /><br />This Luminous Face Oil combines several high quality antioxidants to help moisten and brighten the skin.  I found the face oil was not quickly absorbed into the skin.  I would prefer to use this at night because of the time it takes for the oil to be absorbed.  I did wake up with well hydrated skin. Considering the high cost of this face oil, I had expected it to standout. I may have to use it for an extended time before I feel or see results.<br /><br />I did not experience any redness, irritation or sensitivity.",1601955064771,False,0
AGYVC7KVHP2AWM7BDCEYNHFA6F3Q,B08BZ1RHPS,4.0,"Vitamin C serum with a slightly thick texture, takes a little time to be absorbed","I'm always interested in trying new skincare innovations, products and brands.  I'm new to this American brand MD Complete but found the Vitamin C serum nicely packaged and high quality.<br /><br />I use different serums in the morning and at night. This Vitamin C is a little thicker than what I usually use and is feels a bit oily -- but going on it is absorbed quickly and doesn't leave the skin feeling greasy.  I would use it at night though.  It felt deeply hydrating and the Vitamin C helps brighten and even out skin tone.<br /><br />I have sensitive skin but did not experience any irritation, sensitivity or redness using this product.",1599343751672,False,0
AGYVC7KVHP2AWM7BDCEYNHFA6F3Q,B07RGZNDV4,5.0,Small stick sunblock that is easy to apply - also not greasy and great smell,"This is a very small tube but the sunblock works well and is small enough that I can bring it everywhere, even on long bike rides. I love the stick medium - the sunblock was easy to apply and to smooth on without getting your hands dirty.  It can get to the tough angles around the eyes and the nose. The sunblock is thicker than usual but effective. It has a great smell and not greasy.  One application lasts reasonably long even when I exercise.  It is important to reapply sunblock especially to do so frequently on hot and sunny days.<br /><br />I didn't have any redness or irritation or sensitivity when using the sunblock.",1597193740998,False,0
AGYVC7KVHP2AWM7BDCEYNHFA6F3Q,B07LCF4BK5,4.0,Inexpensive stone roller,"My quartz roller worked well. I washed it carefully first and then used the larger roller for my forehead, cheeks and chin. The smaller roller worked well under my eyes.  I liked the feel of the rollers as they massaged my face.  They did make a slight squeaky sound but they held up well.  It is similar to a face massage but very easy to do while relaxing at home. At this price, it is a reasonble buy.",1550613079698,False,0
AGYVC7KVHP2AWM7BDCEYNHFA6F3Q,B0BG6WX4DH,4.0,Natural ingredient hair refresher,"This AG Hair Natural Remedy Apple Cider Vinegar is relatively expensive at $20 for a small bottle, but it is made of natural ingredients like apple cider vinegar, organic argan oil and protein from quinoa.  The spray is supposed to refresh the scalp and the hair, to reduce irritation to the scalp and to help soften hair.  I have been trying different scalp treatments and was eager to see how this would work.  It is less of a scalp treatment and more of a hair refresher but it does add bounce and lift to my hair.",1545432287894,False,2
AGWDYYVVWM3DC3CASUZKXK67G6IA,B000J1HR6U,5.0,A Surreal Dreamy Experience – Say Goodbye to Anxiety and Hello to Confidence!,"Today I tried out Liquid Trust for the first time. I put some on before getting in the car with my husband. He sort of looked over at me at one point but I don't think he knew why. Two sprays on my wrists was all it took to see real effects. It made me feel sort of dreamy and not talkative. Like I just felt very relaxed and happy. We did not argue in the car for the first time in weeks probably because I was not talking up a storm as usual.<br /><br />People at the grocery store seemed to be smiling at me as I was walking around pushing my cart. I will say smiling may be an effect because when I saw my husband walking down the hallway at home before we left I smiled spontaneously and felt very happy to see him.<br /><br />My cat Wolfie thinks I'm great now too and when he smelled this on my wrists he got really affectionate and marked my wrists with his cheeks. A sure sign of approval.<br /><br />This has a slight powdery musky scent if anything. It is barely noticeable and my husband who hates me to wear perfumes did not complain at all! The ingredients are SD alcohol, purified water and oxytocin.<br /><br />So I feel this oxytocin perfume calmed down my anxiety in general which made other people around me more open and friendly.<br /><br />To be honest this was a surreal and dreamy experience. I felt calm, yet open and loving and very relaxed. When I keep sniffing my wrists after using it I feel a sort of calmly ecstatic in love feeling.<br /><br />I'd say this is the real thing. It also did not cause any sensual feelings and no one was attracted to me or me to them, this just reduced anxiety and made me more accepting. I did notice however that I was hyper aware of every man in the store. So it must trigger some protective elements in the brain.<br /><br />I'd recommend this to married couples who are looking to deepen their intimacy and who want to stop being irritated with each other and get along better.<br /><br />I avoided anyone pregnant while wearing this as advised!<br /><br />I am not a doctor nor is this review medical advice. Please consult with your doctor before using. I also don't advise using this for nefarious or deceitful purposes because the karma would not be good! Use at your own risk!<br /><br />For people in love in a committed marriage relationship, this Liquid Trust can help keep you calm when needing to talk. I'd suggest both people wearing the perfume on their wrists. The scent is sort of unisex and not overly strong. Very mild really, barely noticeable.<br /><br />So a good experience and it does what it says it is supposed to do. The anti-anxiety or anti-cortisol effects are very apparent. Don't you just need a break from stress now and then? Now you can spay this on your wrists and sit down and feel dreamy, happy and secure. For some confidence might be a nice side effect. That is probably why salespeople use this.<br /><br />~The Rebecca Review",1658031620756,True,1
AGWDYYVVWM3DC3CASUZKXK67G6IA,B0948NMZ1F,4.0,Loved Two Movies!,"If you are looking for Harvest themed movies the first two in this collection are perfect. Harvest Love is about a woman who find herself again when she goes home for a vacation. The love story has the usual conflict at the start but the characters fall in love slowly and with a lot of restraint. No kissing until right at the end! Made me want to try pear desserts. Harvest Love is very innocent but has a little romantic dancing at a festival. I'd say it should be rated PG for this.<br /><br />Pumpkin Pie Wars was really cute and I loved that the women in the movie all ended up friends again in the end. Basically you have two best friends who have a falling out and it takes years for them to even speak to each other again. The happy ending in this can't be beat! Plus lots of baking competitions and romance. A little kissing but that is it.<br /><br />Truly Madly Sweetly made me feel uncomfortable for the most part because the characters were always in conflict. While the ending is happy I just felt like I would probably not watch it again. I don't mind when characters don't like each other at the start, but to be fighting for different goals basically the whole movie was not as enjoyable to watch. I also wondered what would really happen in their circumstance if the ex wife decided she wanted her husband back. It all felt a bit too risky for me.<br /><br />But no violence, swearing or anything objectionable in any of the movies. The G rating seems true for the last two of the movies at least. PG for Harvest Love.<br /><br />And I must admit my big strong husband came and sat right next to me while I was watching Harvest Love. These movies are enjoyable for men to watch too. Apparently. ;)))) He watched all three. But his question was...""Why are all these movies the same just with different actors?"" I told him they are just what women love to watch over and over again. It is the romance we crave. So we enjoy watching two characters fall in love.<br /><br />~The Rebecca Review",1637374784203,True,2
AGWDYYVVWM3DC3CASUZKXK67G6IA,B06XYJP7J8,5.0,Body Lotion That Also Works As A Hand Cream!,"I keep a bottle of this lotion in three rooms of my house because I love it that much. I have one in the bathroom on the counter, one in the kitchen and one on my bedside table. That way any time I need a hand cream this is available. I also use this as a body lotion. This is the one Zum fragranced cream that smells the best to me and the scent dissipates quickly after use. To be honest my hands look ten years younger when using this particular lotion. There are a lot of essential oils in it so I think it is antiaging. I also love the particular scent of the Bulgarian lavender.<br /><br />~The Rebecca Review",1634782565579,True,0
AGWDYYVVWM3DC3CASUZKXK67G6IA,B019G5MNN6,5.0,Deep Cleaning Face Mask,"Are you looking for the ultimate in squeaky clean skin? This citrus-based mask cleanses pores like a dream, removing oil and dirt while softening skin too. You will need to moisturize after using this as your skin will feel a little tighter and drier. If you have oily problem skin, this will impress. Leave it on 8 minutes for the best effect. The texture of this mask is a little like firm whipping cream instead of clay. It is easy to apply and remove with a little extra care. You will immediately notice how absolutely purified your pores look. Impressive!<br /><br />~The Rebecca Review",1616371551403,False,0
AGWDYYVVWM3DC3CASUZKXK67G6IA,B08WCG4JCC,5.0,Fine Mist of Oil Creates a Glistening Shine,If your hair takes a lot of abuse with heated drying and hot styling tools this fine mist creates a glistening moisturizing shine on your hair. I've been finding out lately how the hemp plant can make you more beautiful and even lose weight and cause your skin to be clear. This hair shine product is the icing on the cake of your hemp expenditures.<br /><br />The scent of this oil is very mild and pleasant. The oil is such a fine mist that it does not weight down the hair and seems to absorb well leaving a glossy shine. I saw this product a while ago and finally purchased some for myself! It will impress you with its natural ingredients and beautifying effects. I love it and I think after doing research around you will find this is the best shine product.<br /><br />This ships in a plastic bag but I did not find it leaking at all! Happy about that!<br /><br />~The Rebecca Review,1614399293205,True,8
AGWDYYVVWM3DC3CASUZKXK67G6IA,B07HCR8QDN,5.0,Lightly Exfoliating Soap,I enjoy using Zum Bar Goat Milk Soaps and this one is no exception. It is very nicely scented and has a slight exfoliating action due to what appears to be bits of seaweed in the soap. I can't guess what the essential oils are in this soap but they are heavenly. I noticed the scent of this soap is very calming. Love it!<br /><br />~The Rebecca Review,1567029484080,False,0
AGWDYYVVWM3DC3CASUZKXK67G6IA,B0037ML1O2,5.0,Sparkly Gloss - Mildly Flavored - Not Overly Sweet - Not Sticky!!!,"As a fan of the philosophy lip glosses I used to use the vanilla cake one which I miss not being able to purchase on its own these days. So this is my second favorite and it is nice and sparkly, mildly flavored, not overly sweet and definitely not sticky. What is not to love?<br /><br />I use a lip balm first, apply a lipstick and then put this on top to hold the look together. It lasts quite a while or until you eat something, then you need to reapply. But I put this on before I go out and it lasts for hours. So I hope this flavor is going to be around for a while. :) I will admit that sometimes I even wear this one to bed! Love, love love!!!<br /><br />~The Rebecca Review",1557354649224,True,0
AGWDYYVVWM3DC3CASUZKXK67G6IA,B01BYWYNUA,5.0,Man Sized Minty Lip Balm,I bought this for my husband and he loves it. It is man sized and will last a long time. He is using it now in the winter but I hear it is heat stable in the summer as well so he can leave it in the car. This tube is about three times the size of Burt's Bees lip balm. So if you want to make a man in your life happy this is the thing to buy. Chapped lips are no fun. This solves a big problem year round and is minty fresh too.<br /><br />~The Rebecca Review,1483479838000,True,1
AGWDYYVVWM3DC3CASUZKXK67G6IA,B00L4HJX7O,5.0,Cooling and Calming,"If you live in a dry climate you will especially love this moisturizing, calming mask. It goes on like a gel and cools the skin while it refreshes your complexion. I can't say enough good things about this mask. I have sensitive skin and it calms redness and irritation completely. The truth is you will want to use this every day. I put the mask on at night before bedtime and leave it on for ten minutes. Once washed off my skin is baby soft and plumper. Hours later it still feels like my face is cool and comforted. It especially helped to calm my skin down after I used a serum with retinol in it. So this is something I will want on hand at all times as it is very healing.<br /><br />~The Rebecca Review",1447816698000,True,3
AGWDYYVVWM3DC3CASUZKXK67G6IA,B005R82T5E,5.0,Super Moisturizing,"Does dry weather get you down because your hands feel uncomfortable and dry? Welcome to the experience of J.R. Watkins hand creams. I've tried nearly every scent and love them all. I have a lavender one I love using at night. This one is great for daytime as it is floral scented. You really don't need a lot so it lasts a lot longer than other less rich hand creams. This one is super moisturizing with luxurious shea butter, apricot kernel oil, coconut oil, aloe leaf juice and safflower seed oil. It also has a calming flower extract. So your hands get pampered to the max. I've pretty much stopped buying other hand creams and just reach for this.<br /><br />~The Rebecca Review",1445910019000,False,2
AGWDYYVVWM3DC3CASUZKXK67G6IA,B0058AA5UM,3.0,Strongly Scented,I have never purchased pure cocoa butter before but I needed some for making some body butter. I found it very difficult to get this butter out of the container. I managed to get half a cup out with a dessert spoon. I can't see how anyone could use this on a regular basis. I'd only recommend it for making natural recipes. It has a very strong scent of chocolate.<br /><br />~The Rebecca Review,1427669867000,False,1
AGWDYYVVWM3DC3CASUZKXK67G6IA,B00JXRBVYU,5.0,Use as an Ingredient in Body Butter,I recently made myself a body butter and used this oil in place of the almond oil the recipe called for. It worked really well. I will say however that this one bottle seems to be 125 ml as it filled up a half a cup. Using this in the body butter made the butter very luxurious. I now use it nightly on my hands and feet. You could also use this as a massage oil. I'm finding this really does make my skin look younger. After about a week you may notice a difference too.<br /><br />~The Rebecca Review<br /><br />I received one free bottle for review purposes. This review is my honest opinion.,1427667434000,False,2
AGWDYYVVWM3DC3CASUZKXK67G6IA,B0043XZXJI,5.0,Warm Soothing Scent,"Kama Sutra Treasures of the Sea is an intriguing bath salt with a warm sensuous room enveloping fragrance. One scoop of the salts in a tub of water and you transform everyday bathing into bubbles and water the color of the ocean.<br /><br />The color reminded me of the turquoise waters near the Aiya Napa white caves in Cyprus. The texture of the water turns silky and you may notice your skin is more moisturized from the natural oils, especially the Wheat Germ Oil.<br /><br />While many may see the color as ""Azure"" there is a definite green vs. purple color mingling in the depths of blue and this does contain Algae. The texture of the salt is more like a sand than a salt and the shimmering finely ground blue salt crystals mingle with what looks like tiny pieces of broken marble. Of course, this all dissolves quickly and the bubbles last through the entire bath. In fact, the more you move around, the more bubbles appear.<br /><br />The warm scent soothes the soul and the color is dreamy and the bubbles look like clouds floating across an open sky.<br /><br />~The Rebecca Review",1317679139000,False,2
AGWDYYVVWM3DC3CASUZKXK67G6IA,B000JJMTJC,5.0,Citrus Scented Gel,"If you have sensitive skin and dislike the abrasive quality of most exfoliating washes, then the Start Up Exfoliating Wash may impress you.<br /><br />The clean smooth feeling of the citrus scented gel is a pleasure for your face. You are actually exfoliating with the natural fruit acids in this product. There are also anti-inflammatory ingredients and astringent properties.<br /><br />Some of the natural ingredients: Lavender, Rosemary, Sage, Red Clover, Golden Seal, Juniper Berries, Lemon Balm, Aloe Vera, Extracts of green Tea, Apple, Sugar Cane, Orange Oil, Lime, Lemon, Grapefruit, tangerine, Clementine and Lemongrass.<br /><br />~The Rebecca Review",1169416280000,False,1
AGWDYYVVWM3DC3CASUZKXK67G6IA,B000LZR5XE,5.0,Warm Soothing Scent,"Kama Sutra Treasures of the Sea is an intriguing bath salt with a warm sensuous room enveloping fragrance. One scoop of the salts in a tub of water and you transform everyday bathing into bubbles and water the color of the ocean.<br /><br />The color reminded me of the turquoise waters near the Aiya Napa white caves in Cyprus. The texture of the water turns silky and you may notice your skin is more moisturized from the natural oils, especially the Wheat Germ Oil.<br /><br />While many may see the color as ""Azure"" there is a definite green vs. purple color mingling in the depths of blue and this does contain Algae. The texture of the salt is more like a sand than a salt and the shimmering finely ground blue salt crystals mingle with what looks like tiny pieces of broken marble. Of course, this all dissolves quickly and the bubbles last through the entire bath. In fact, the more you move around, the more bubbles appear.<br /><br />The warm scent soothes the soul and the color is dreamy and the bubbles look like clouds floating across an open sky. A shell of salts is all you need and a beautiful shell is included.<br /><br />I had so much fun taking a bath with these salts, that I ran my husband a bath too. These salts seem to inspire sharing and recently inspired a poem:<br /><br />Bubble Bath<br /><br />Turquoise mystery<br /><br />Opalescent bubbles<br /><br />Scent lingers in the air<br /><br />Water splashing over painted toes<br /><br />Sinking into the soothing warm<br /><br />Soul comfort misplaces cares<br /><br />Troubles dissolved<br /><br />Sinking down the drain<br /><br />The wisdom of silence<br /><br />Bliss of Escape<br /><br />Liquid remedy<br /><br />Immersion in solitude<br /><br />~The Rebecca Review",1167702804000,False,2
AGWDYYVVWM3DC3CASUZKXK67G6IA,B000BO4ZL0,5.0,Loquat Leaf and Seaweed,"""The decrease in collagen shows up most dramatically in the `laugh lines' around the eyes and mouth. Eye Moist Jell targets these areas effectively.""<br /><br />So we all want those pouty full lips and no lines around our eyes. Here is the perfect solution and you can use this smooth jell around the entire eye area and also around the mouth. The ingredients help to stimulate collagen production:<br /><br />Fountain Water<br /><br />Rice Bran & Rice Bran Oil<br /><br />Sake Yeast<br /><br />Seaweed - Improves skin tone<br /><br />Aloe - Relieves dry skin<br /><br />Apple Acid - Promotes circulation<br /><br />Lemon - Alpha hydroxyl acids and vitamin C<br /><br />Loquat Leaf - moisturizing antioxidant<br /><br />Vitamin E<br /><br />Lithosperm Root - Smoothes and moisturizes skin<br /><br />The jell glides on smooth so you don't pull on the sensitive area around the eyes. This is non-greasy and non-sticky. Basically perfect.<br /><br />~The Rebecca Review",1153336182000,False,8
AGWDYYVVWM3DC3CASUZKXK67G6IA,B0009EILUS,5.0,Skin Treat,"Body butter is the perfect after-bath treat for your skin. Zia body butter is a combination of shea butter and mango butter blended into a smooth moisturizer that could become a hand cream essential. (The small sample container in the Spa To Go kits fits nicely in your purse.)<br /><br />This cream is super luxurious to use in the winter. This is one of the few products with myrrh essential oil.<br /><br />Ingredients: Infusion of organic aloe vera extract, organic ginko biloba extract, organic elder extract, organic chamomile extract, caprylic/capric triglyceride, stearic acid, glycerin, glyceryl stearate, safflower oil, shea butter, mango butter, polysorbate 60, stearyl alcohol, sweet almond oil, tocopherol, beta carotene, rosehip seed oil, cucumber extract, green tea extract, algae extract, sodium carbomer, lavender essential oil, myrrh essential oil, neroli essential oil, vetiver essential oil, benzoin gum, phenoxyethanol, methylparaben, propylparaben.<br /><br />Zia body butter is a rich moisturizing cream that absorbs fast and leaves your skin looking smooth and deeply moisturized. Using this product after the brown sugar body buff and Lavender Clary Sage Body Wash takes smooth skin to entirely new levels. If you use these three products and take a salt bath, then you may reach spa nirvana.<br /><br />~The Rebecca Review",1144113655000,False,1
AGWDYYVVWM3DC3CASUZKXK67G6IA,B0007CHJGY,5.0,After Bath Skin Treat,"Body butter is the perfect after-bath treat for your skin. Zia body butter is a combination of shea butter and mango butter blended into a smooth moisturizer that could become a hand cream essential. (The small sample container in the Spa To Go kits fits nicely in your purse.)<br /><br />This cream is super luxurious to use in the winter. This is one of the few products with myrrh essential oil.<br /><br />Ingredients: Infusion of organic aloe vera extract, organic ginko biloba extract, organic elder extract, organic chamomile extract, caprylic/capric triglyceride, stearic acid, glycerin, glyceryl stearate, safflower oil, shea butter, mango butter, polysorbate 60, stearyl alcohol, sweet almond oil, tocopherol, beta carotene, rosehip seed oil, cucumber extract, green tea extract, algae extract, sodium carbomer, lavender essential oil, myrrh essential oil, neroli essential oil, vetiver essential oil, benzoin gum, phenoxyethanol, methylparaben, propylparaben.<br /><br />Zia body butter is a rich moisturizing cream that absorbs fast and leaves your skin looking smooth and deeply moisturized. Using this product after the brown sugar body buff and Lavender Clary Sage Body Wash takes smooth skin to entirely new levels. If you use these three products and take a salt bath, then you may reach spa nirvana.<br /><br />~The Rebecca Review",1133673800000,False,2
AGWDYYVVWM3DC3CASUZKXK67G6IA,B00094DTSW,5.0,Banana Cream Pie Scent,"When I first tried this Marshmallow Vanishing Crème in a sampler kit, I purchased five more kits and then a 1.5 ounce glass container of this product. Can I say it is addictive? Yes, I guess it does have a banana scent and the texture is similar to a banana cream pie topped with whipped cream.<br /><br />To say this is decadent is an understatement. You will be very tempted to slather your entire body in a good helping of this cream. Fortunately, it goes a long way and absorbs extremely well. In fact, that is why they call it ""vanishing"" crème. The ingredient list is impressive and contains rose water, mango butter, beeswax, grapeseed oil, rosehip seed oil, Vitamin E, marshmallow extract, willowbark extract, calendula flower extract, and a heady fragrance.<br /><br />Grapeseed oil is one of the most powerful antioxidants and is high in proanthocyanidins, a group of bioflavonoids that are superior because they are water soluble. This ingredient also prevents skin cell damage caused by pollution and sun exposure.<br /><br />""Marsh Mallow"" is actually a pink flowering herb found in marshes and damp meadows. It has been used for centuries as a food and a medicine. The leaves and roots secrete an emollient fluid with healing properties for inflamed skin. In the past, people boiled the roots in wine to make a cough remedy.<br /><br />I found this luscious creamy dreamy product to be healing for the body and mind. Not only will you feel comforted by nature, your skin will be baby soft and this product can be used for all-over body healing. The silver lid and glass jar have an unusually cute appeal. If you love this product, you might want to try the Pore-refining mask, Evening Primrose Overnight Crème and the very unique parsley blemish stick. To take luxury to the next level, try the Shea Butter Decollete Crème on your feet, hands or all over your entire body. What an amazing line of products. They heal, protect and soothe your mind.<br /><br />I'm still trying all the Burt's Bees products, and love how these products make me feel. They add a level of protection to your skin care routine and the clay mask I recently tried cleaned my pores like a dream.<br /><br />~The Rebecca Review<br />A Total Burt Bees Fan Until the End of Time",1119977461000,False,2
AGWDYYVVWM3DC3CASUZKXK67G6IA,B00064A816,5.0,Spa Nirvana,"Body butter is the perfect after-bath treat for your skin. Zia body butter is a combination of shea butter and mango butter blended into a smooth lemon yellow moisturizer that could become a hand cream essential.<br /><br />This cream is super luxurious to use in the winter and is one of the few products with myrrh essential oil.<br /><br />Ingredients: Infusion of organic aloe vera extract, organic ginko biloba extract, organic elder extract, organic chamomile extract, caprylic/capric triglyceride, stearic acid, glycerin, glyceryl stearate, safflower oil, shea butter, mango butter, polysorbate 60, stearyl alcohol, sweet almond oil, tocopherol, beta carotene, rosehip seed oil, cucumber extract, green tea extract, algae extract, sodium carbomer, lavender essential oil, myrrh essential oil, neroli essential oil, vetiver essential oil, benzoin gum, phenoxyethanol, methylparaben, propylparaben.<br /><br />Zia body butter is a rich moisturizing cream that absorbs fast and leaves your skin looking smooth and deeply moisturized.<br /><br />~The Rebecca Review",1102752269000,False,1
AGWDYYVVWM3DC3CASUZKXK67G6IA,B00014DMLO,5.0,Heady Sweet Skin Cream,"When I first tried this Marshmallow Vanishing Crème a few weeks ago in a sampler kit, I purchased five more kits and then a 1.5 ounce glass container of this product. Can I say it is addictive? Yes, I guess it does have a banana scent and the texture is similar to a banana cream pie topped with whip cream. To say this is decadent is an understatement. You will be very tempted to slather your entire body in a good helping of this cream. Fortunately, it goes a long way and absorbs extremely well. In fact, that is why they call it ""vanishing"" crème. The ingredient list is impressive and contains rose water, mango butter, beeswax, grapeseed oil, rosehip seed oil, Vitamin E, marshmallow extract, willowbark extract, calendula flower extract, and a heady fragrance.<br /><br />Grapeseed oil is one of the most powerful antioxidants and is high in proanthocyanidins, a group of bioflavonoids that are superior because they are water soluble. This ingredient also prevents skin cell damage caused by pollution and sun exposure.<br /><br />""Marsh Mallow"" is actually a pink flowering herb found in marshes and damp meadows. It has been used for centuries as a food and a medicine. The leaves and roots secrete an emollient fluid with healing properties for inflamed skin. In the past, people boiled the roots in wine to make a cough remedy.<br /><br />I found this luscious creamy dreamy product to be healing for the body and mind. Not only will you feel comforted by nature, your skin will be baby soft and this product can be used for all-over body healing. The silver lid and glass jar have an unusually cute appeal. If you love this product, you might want to try the Pore-refining mask, Evening Primrose Overnight Crème and the very unique parsley blemish stick. To take luxury to the next level, try the Shea Butter Decollete Crème on your feet, hands or all over your entire body. What an amazing line of products. They heal, protect and soothe your mind.<br /><br />I'm still trying all the Burt's Bees products, and love how these products make me feel. They add a level of protection to your skin care routine and the clay mask I recently tried cleaned my pores like a dream.<br /><br />~The Rebecca Review<br />A Total Burt Bees Fan Until the End of Time",1092602547000,False,20
AFPPNF3RSFMMNC5UAM6V4B475MBQ,B0B2DN2MHK,5.0,Excellent Clips,"These hair clips work very well for medium to long length hair. They don't pull, itch, or slide like some of my other clips do. I like the color assortment, as it matches virtually any outfit I wear. Overall great quality and price!",1667485486951,False,0
AFPPNF3RSFMMNC5UAM6V4B475MBQ,B09LX1NLG3,5.0,Love these masks,"These face and body masks are fantastic quality. I had zero issues with skin reactions or breakouts from using them! Natural, plant based, non-irritating ingredients for healthier, happier skin. Highly recommended!",1647372106901,False,1
AFPPNF3RSFMMNC5UAM6V4B475MBQ,B09JNRPRKT,5.0,Works Well,"Great for holding numerous types of massage oils. Warms up nicely, and overall a good product.",1647370353712,False,0
AFPPNF3RSFMMNC5UAM6V4B475MBQ,B0912BNP4J,5.0,Love this!,"I ordered this for my 11 year old niece, and she absolutely loves it! Its made really well, has a ton of fun little accessories for diy manicures and pedicures, and is easy to clean up. Its priced really well, and certainly made her feel special for her birthday! Highly recommended!",1637355624558,False,0
AFPPNF3RSFMMNC5UAM6V4B475MBQ,B09473GGM4,5.0,Super fun!,"I never thought about needing portable hand soaps, but these are great for traveling! Lots of variety when it comes to scent, comes in a convenient little tin for carrying, and overall a great buy! Super helpful for camping trips!",1626465531580,False,0
AFPPNF3RSFMMNC5UAM6V4B475MBQ,B08R2SBKXM,5.0,Great for travel,"These individual moisturizing lotion packets are great for traveling, especially on airlines or camping trips. It makes packing a breeze, saves room, and best of all, the product is excellent. Overall recommended.",1626380383880,False,0
AFPPNF3RSFMMNC5UAM6V4B475MBQ,B08W8LKLHB,5.0,Super bright and fun!!,"Love this set of neon gel colors! They are super bright, fun, and the overall quality of the polish is really really good. It easily lasts the full 2 week duration of my manicures without chipping or peeling. The formula for the polish is also excellent. Not too sticky, not too thin. Highly recommended.",1623768120985,False,0
AFPPNF3RSFMMNC5UAM6V4B475MBQ,B0C5FZDPD3,5.0,Excellent waxing beads,"These hard wax beads work well with at home warmers. These are specifically slated for leg hair removal, although I suppose you could use it on other areas. They melt easily, its relatively comfortable removing the hair, and overall is great quality. I'll definitely buy these again in the future when I run out.",1621356187534,False,0
AFPPNF3RSFMMNC5UAM6V4B475MBQ,B08R6R1LNP,4.0,Pretty Good,"These 18 inch human hair extensions are easy to apply, are pretty unnoticeable once in, and look pretty good. I did find however that for some reason, they did not want to curl as easy as my natural hair. Overall, they blend well, the color is pretty much spot on to the picture, and they work well.",1619467157224,False,0
AFPPNF3RSFMMNC5UAM6V4B475MBQ,B07SLFWZKN,5.0,Silky Smooth,"I haven't had a hair cut in over 2 years. Its kind of crazy, but between going through IVF treatments, a pregnancy that we were on pins and needles about, and then COVID hitting, I haven't had my hair colored or been inside of a salon since January 2019. Now that I have a 13 month old, finding time by myself to go is nearly impossible.<br /><br />With that said, my hair is crazy long and healthy. But going through postpartum, I ended up with some hair loss that is now in the process of growing back. I used to love getting Keratin treatments in the salon because it always made my hair feel so good, look super shiny and healthy, and just overall made me feel good. I was anxious to try this at home Keratin system to see if I could get similar results, and much to my surprise, I did! Not only is it easy to do, but my hair looks, and feels so much healthier! It really did wonders on smoothing out some of the frizzy dead ends that need trimmed, and created a sort of gloss look overtop my hair. It brightened up my naturally dark ashy hair color, and was just what I was looking for.<br /><br />Definitely recommended for anyone with long hair looking to revitalize your long locks!",1615921592486,False,0
AFPPNF3RSFMMNC5UAM6V4B475MBQ,B08M256NMN,4.0,Works Well,"This peel and reveal lip color works pretty well. It was easy to apply, I had no issues with it cracking or coming up, and reminds me more so of a stain. The downside that I found with this lip color is the actual color itself. It seems like you can only select colors that are either super pink, or super red. I tend to favor more natural and neutral lip tones. Perhaps because the way the product is made and works you cant do a neutral lip color but I'm not a huge fan of the pink.",1615581100917,False,1
AFPPNF3RSFMMNC5UAM6V4B475MBQ,B08HGZXLP6,5.0,Large and durable,"These amber glass spray bottles are perfect for using around the house. Currently I have one for a mixture of house cleaning products with some essential oils mixed in, as well as water in one to take care of several house plants. These would be useful for a wide variety of things including beauty care, cleaning, and watering plants. Because they are glass, they have a comfortable weight to them, much better than cheap plastic. The sprayers all worked easily and didn't leak, and it was easy to control the type of spray output. Very happy with their quality.",1611261140400,False,0
AFPPNF3RSFMMNC5UAM6V4B475MBQ,B08CVTNQP1,5.0,Great nail set for little girls!,"I have a 6 year old niece who is obsessed with all things Frozen, and who is a complete and total ""girly girl"". She loves doing her nails and makeup, so when I saw this kit I knew it would be the perfect item for her to try out while over at our house. She was so excited when she saw it, and immediately wanted to try it out. Upon opening up the box, there were a ton of nail polish colors to choose from, several nail embellishment options, and even a ""salon"" dryer for her to use. Best of all, it was easy for her to pick off and did not damage her nails! Highly recommended as this is a great kit for kids!",1611091093072,False,0
AFPPNF3RSFMMNC5UAM6V4B475MBQ,B08HTZKMJ5,5.0,Very nice kit,"This eye lash lift kit is perfect for DIY lash lifts at home without the need of going to a salon. I've used several brands and this one is one of the top 3 I've tried. It works really well, has clear instructions, and I can get multiple uses out of it. Highly recommended!",1609184111997,False,0
AFPPNF3RSFMMNC5UAM6V4B475MBQ,B08M3C6LVS,5.0,Excellent set!,"I really love the packaging on this 24k gold under eye mask set, as odd as that may sound. It really makes it perfect for gift giving. My sister LOVES these types of things at the holidays so if you have a family member or friend that likes to try out beauty products, this is an excellent option.<br /><br />Now as far as the masks themselves go, they stick on to your under eye area very well. I also like how they are cool and make my skin feel great. I did notice a difference in the amount of puffiness I had once taking them off. The little face massager roller thing is nice, it feels good on your skin. Although I'm not exactly certain of what the purpose behind using it is.<br /><br />Overall this is a great little set and I'd recommend it!",1604431568839,False,0
AFPPNF3RSFMMNC5UAM6V4B475MBQ,B08BZ1RHPS,5.0,Perfect!,"Everyone needs to try a Vitamin C serum atleast once in their life. At the age of 30, I have discovered the wonerful awesome power that is Vitamin C and will never go back! It makes my face so silky smooth and bright. I love that this serum has a super pleasant smell, doesn't make my face greasy, and really soaks into my skin. I also love that it doesn't break out my skin which can be a major issue with certain skin care products. Overall, I really like everything about the MD brand Vitamin C serum and highly recommend it to anyone looking to brighten up their skin tone!",1601499038084,False,0
AFPPNF3RSFMMNC5UAM6V4B475MBQ,B087BWY1Z5,4.0,Nice Kit,"Overall, this is a pretty decent kit if you want to forgo a trip to the salon. It has all of the products you need to complete your lash perm, however there is a bit of a learning curve to it. Once you get the hang of it however, it goes pretty smoothly. I myself have used several different kits, and this one ranks in my top 5. The results were pretty good and there was noticeable lifting of my lashes. I estimate I will be able to get roughly 3 perms out of this kit in total which is pretty good, especially considering the price. It says it can last upwards of 4 weeks, but I guess only time will tell how long the perm actually lasts. Regardless, you cant beat the price for an at home DIY.",1598985512093,False,0
AFPPNF3RSFMMNC5UAM6V4B475MBQ,B08BYK8SKR,5.0,Excellent value!,"Super cute set of headbands, very stretchy and stay on well. I like that they can be folded over to make them look smaller, or unfolded to have more coverage on top of your head. The colors are much more rich and vibrant in person than they look online. It’s a good value for a pack of 7!",1598386511721,False,0
AFPPNF3RSFMMNC5UAM6V4B475MBQ,B08BY9P4HR,5.0,Detangles my mess of hair!,"I'm struggling with postpartum hair loss and this does a fantastic job of NOT yanking out more hair than my other brushes and combs. I really like the wide teeth comb because it detangles nicely but doesn't pull out globs and globs of hair. My husband really likes the paddle brush because it helps him style his hair with ease. Overall, its a really nice set and I am very happy with it!",1597085508940,False,0
AFPPNF3RSFMMNC5UAM6V4B475MBQ,B085RQKWNF,5.0,Perfect manicure tool!,"I love doing my own powder dip nails, and have recently gotten in to bedazzling them! This tool makes it 10000x easier to pic up the super tiny gems that using a set of tweezers. It also makes it much easier while using my left, non dominant hand because I'm not trying to grasp the tweezers and the tiny gems and place them on the nail! If you are into dyi manicures and like to add some pizzazz to your nails, this is an excellent tool to have!",1597078452973,False,0
AFPPNF3RSFMMNC5UAM6V4B475MBQ,B08BFH35VX,5.0,Excellent for ingrown hair issues,"So my husband is in Law Enforcement and has to shave daily for work, which means his sensitive skin often times gets irritated and is prone to ingrown hairs. He started using this gentle exfoliating facial scrub and has seen fewer issues with the skin irritation. He doesn't use it everyday, but it seems to be working great!",1596640260735,False,0
AES3YWD3ONJOUDRWFIV2ZO44QDAQ,B09G3KBK7Y,3.0,"Very strong scent at first, but it disappears very quickly.","I really loved the idea of this Boiess Baby Cologne ""Les Enfants"" in White Blossom. Not because I think it is a good idea for a baby, because boy, is it not. I actually thought it would be perfect for myself since I don't like loud fragrances. The description of the scent profile really enticed me, as I love all of the notes. I was able to try both the Lavanda and the White Blossom scents.<br />Both of the ""Cologne"" sprays smell identical to me. I can't say that I can tell them apart at all. They both have a very strong earthy, herbal, slightly floral scent that is heavily ladened with alcohol upon spraying. It stays very strong for several minutes, but then starts to dry down.<br />Sadly, once it dries down, the scent pretty much dissipates. If I don't spray it heavily at first, which is too much for my asthma to handle, much less any baby, the scent just goes away completely. I must spray it on me again. If I spray it on a few times over an hour or so, I can smell the ever so slightest hint of it on my clothing later, if I put my nose right on it. That is a lot of spraying for very little payoff.<br />I know this is meant for kids mostly, but I would think the scent would and should last longer. Sure, my grandsons will like using it, maybe or not, as it is quite strong at first. But, I think it would just be more for the fun of it and very short lived. This is also very expensive ""Cologne"" to not be able to smell it after 30 minutes, and right at $28 is too expensive for me to buy just for the fun of it.  <br />For others this ""Baby Cologne"" may be something wonderful or maybe they can smell it more than I can. As I said, I really love the idea of a light fragrance, but not for babies. I do wish the scent stuck around more for me.",1645680679052,False,0
AES3YWD3ONJOUDRWFIV2ZO44QDAQ,B09G3KBK7Y,3.0,"Nice strong scent at first, but it disappears very quickly.","I really loved the idea of this Boiess Baby Cologne ""Les Enfants"" in White Blossom, and thought it would be perfect for myself since I don't like loud fragrances. The description of the scent profile really enticed me, as I love all of the notes. I was able to try both the White Blossom and the Lavanda scents.<br />Both of the ""Cologne"" sprays smell identical to me. I can't say that I can tell them apart at all. They both have a very strong earthy, herbal, slightly floral scent that is heavily ladened with alcohol upon spraying. It stays very strong for several minutes, but then starts to dry down.<br />Sadly, once it dries down, the scent pretty much dissipates. If I don't spray it heavily at first, which is too much for my asthma to handle, the scent just goes away completely. I must spray it on me again. Once I spray it on a few times over an hour or so, I can smell the ever so slightest hint of it on my clothing later, if I put my nose right on it. That is a lot of spraying for very little payoff.<br />I know this is meant for kids mostly, but I would think the scent would and should last longer. Sure, my grandsons will like using it, maybe, as it is quite strong at first. But, I think it would just be more for the fun of it and very short lived. This is also very expensive ""Cologne"" to not be able to smell it after 30 minutes, and right at $28 is too expensive for me to buy just for the fun of it.  <br />For others this ""Baby Cologne"" may be something wonderful or maybe they can smell it more than I can. As I said, I really love the idea of a light fragrance, but not for babies. I do wish the scent stuck around more for me.",1645516422892,False,0
AES3YWD3ONJOUDRWFIV2ZO44QDAQ,B085XZF8WQ,5.0,"The whole set makes my skin feel much softer, plumper, and hydrated. 5 stars⭐","using this set for about a week now and I love it. It really makes a difference in how my skin feels. It's plumper, much softer and smoother, and well hydrated. It's not heavy or greasy and sinks easily into my skin. I'm so glad that I got to try the skin softener and the cream. They work very well together and with my other products, as well. I look forward to trying other products by this brand. Definitely recommend!",1622011931581,False,0
AES3YWD3ONJOUDRWFIV2ZO44QDAQ,B07V3WW6SV,5.0,"First time trying snail mucin, but it won't be the last. Excellent Stuff! 5 stars⭐","This is my first experience trying anything with snail mucin in it and also some of the other ingredients, like peptides and adenosine. I can't say which one it is for sure, but I suspect it's the snail mucin that made a noticeable and immediate difference in my skin.<br />My forehead skin has a few dimples and I have some fine lines and wrinkles under my eyes. I am 50 years old, but I've been using Retin-A for several years now. I've had a mostly natural skin care routine, other than the Retin-A, but recently decided to try a few of the K-beauty products out. This one was the first I used, and with the first use I can see my forehead and wrinkles were much smoother, along with the rest of my skin, as well. It also gave my skin a brighter look. With each use, it just gets better and better.<br />A little definitely goes a long way. Its texture is slimy, but I've found that I only need a very small amount to cover my face, and it massages in so easily. I also apply it to my neck & decollete.<br />I'm so glad that I tried this, and now I will just keep adding to it until I get the full K-beauty routine down. I would gladly purchase this again and I highly recommend it!",1621067920576,False,0
AES3YWD3ONJOUDRWFIV2ZO44QDAQ,B08KFLJQMR,4.0,Great for Sun damage. 4 stars⭐,"I don't have an uneven skin tone on my face, but I do on my decollete area. I'm using this serum there instead of on my face, and I love the consistency and how well it sinks into my skin. I also love the pump bottle that keeps it fresh and free from contaminants. It does have an odd scent, but it doesn't linger long. Once I add my moisturizer, I don't notice it anymore. I haven't been using it long enough to notice a big difference yet, but my skin does feel smoother and softer overall. I would recommend it.",1620902002902,False,0
AES3YWD3ONJOUDRWFIV2ZO44QDAQ,B08XZDXTG2,5.0,Much more than just hyaluronic acid! Very moisturizing and best fitting for my face. 5 stars⭐,"I love these masks! For the price and how many you get, I was surprised to find the plastic backing. I really like this, because I can open it up and make a few cuts using the plastic and its cutouts as my guide to make it easier. I cut right through the plastic and the mask at the same time. I always have to cut a little slit at both the inner and outer corners of the eye openings, and also the outer corners of the mouth opening, as I like to move my mouth a bit and I have extremely dry eyes and the serum always gets into them, if I don't. This also lets it lay down flat on my nose and eyebrows better. I also cut four slits at about 10 and 2 o clock and 4:30 and 7:30, or roughly equal spacing coming upward diagonally from my eyes and coming down and outwards diagonally from the corners of my mouth. My face is a bit small, and this helps me to be able to overlap those areas and make them fit better, especially with larger masks. With these, I have to do the shallowest cutting ever, because they fit so well. They cover my entire face better than any mask I've used. I haven't had a problem with them lifting up or drying out at all. It also helps with something I will share later in my review.<br />It takes a little finagling, but I manage to squeeze a bit of the serum off the mask while removing it from the package. I start before I even open the package by pushing all the serum to the bottom. I cut the top open, grab the top of the Mask, and fold the sides of the package inward, almost in half, using my non-dominant hand. I start pulling out the mask while squeezing the top closed around it as best I can. This squeezes out a good bit of the way too much extra serum that comes out if I don't do this.<br />I love hyaluronic acid, but these masks have so many more wonderful ingredients than just that. Almost every ingredient is so nutrient-rich or moisturizing for the skin. I use Retin-A and these are the most soothing masks 1 to 2 days after my application nights, which are every 3 nights. These moisturize my face so well and they feel great while I have them on. I don't want to take them off when the timer goes off. There's plenty of serum in the package to use elsewhere, like on your neck & decollete, and even on your hands. I always put a moisturizer on afterwards to hold all the nutrients and moisture in properly.<br />I learned a trick while back from another reviewer that I've been doing since I read it. When taking a mask off my face, I cut it into 4 pieces. Mainly, I cut them apart at the forehead, cheeks, and chin areas, using the four diagonal cuts I made, but you can make the cuts as you wish. I usually discard the small pieces that cover the nose and upper lip. I then take those four pieces, put them back in the serum that's left in the package remoisten them, with these that is no problem, or just add a little hyaluronic acid serum to moisten them again, put them on my neck and decollete area the best I can, and wait another 15 or 20 minutes. This really lets me get the most possible use out of every mask.<br />I really love these masks and all of the skin loving ingredients they contain. They make my face feel wonderful afterwards and the effects last all day, if not longer. These are definitely on my must-have list. Highly recommend!",1620378771291,False,0
AES3YWD3ONJOUDRWFIV2ZO44QDAQ,B08L99168S,3.0,Base coat brush dried up before finishing 2 nail swatches. 3 stars⭐,"I've used this brand's dip powders and thought they were great, so I wanted to give their liquids a try, as the powders did not come with them. I did two nail swatches, and before I was finished with the second one the base coat brush had dried almost completely out. It's unusable until cleaned. The top coat brush was also drying out.<br />Luckily a different brand sends several brushes along with their sets, and they actually fit these bottles. It would have been nice if this company had sent along extra brushes. A brush cleaner would have been nice, also. If I didn't have extra brushes, I would just be out of luck.<br />I've used so many dip liquids and have done so many dip nail sets, and this is the first time I've ever had a brush dry out. That doesn't make me feel good about using these liquids. I think I will stick with those that I know won't dry out.",1620022223787,False,0
AES3YWD3ONJOUDRWFIV2ZO44QDAQ,B07SLFWZKN,2.0,Formaldehyde?! Not safe. 2 Stars ⭐,"After going over the ingredients in these products, the only two I would feel even remotely safe using would be this shampoo and conditioner. As a hair stylist, you do not want to use a product that contains formaldehyde and apply heat to it. You certainly do not want to use it every 6 weeks, as it's harmful to your health. It can cause breathing issues among other things. It's very hard to believe that I even saw actual formaldehyde on the back of this product, and so high up in the ingredients list.<br />Even hair stylist must wear protective gear, such as gloves, aprons, masks, and be trained how to safely work with this hazardous chemical. Salons must have adequate ventilation and follow strict protocols regarding blow dryer temperatures and monitor formaldehyde levels at all times when they provide Keratin Treatments containing formaldehyde because of the immediate and long term health dangers.This is something you cannot possibly do at home.<br />Also, the pretreatment that you add to the shampoo is extremely strong and stripping to your hair. When they say add just a little, no one knows what that means. That particular product, or the two main ingredients, should only be a small percentage of the product you're adding it to. I don't think you can mix this properly at home without causing damage to your hair and/or your skin.<br />I ""might"" use the shampoo and conditioner, but I will not touch the pre-treatment nor will I touch the DIY home keratin treatment. Over the course of a few treatments, I can see this product going really awry for some people. They will end up with damaged hair and possibly other problems. It is not safe. I absolutely would not recommend it!",1616470171498,False,2
AES3YWD3ONJOUDRWFIV2ZO44QDAQ,B083BLZJ9M,4.0,"Very hydrating, but left my face sticky. 4 stars ✨","This is only my second time using a face mask, and this one was a much better experience than the last. I chose the morning to do the mask while I was having my morning coffee, checking the computer, and using my LED White light therapy lamp. The Mask itself is made of a very durable fabric like material that does not tear. The serum is nice and silky feeling without any scent, that I could tell. I appreciate that, as I have a sensitivity to certain smells.<br />For me, the mask was a little bit short on the forehead and not wide enough on the cheeks. I don't have a large face at all, and I had quite a bit of skin left to cover around the sides and top.<br />There's an ample amount of serum left in the package that I was able to keep re-wetting the mask with, as it seemed to dry fairly quickly. I also rubbed some on my neck and decollete. I left it on for about an hour, so that my skin could soak in as much as possible. I then used the mask to rub the rest on my neck, decollete, and the backs of my hands. I wanted to make use of every bit I could. I use Retin-A on my face, and had done a treatment the night before, so my skin really needed the hydration and nourishment. It looked and felt very hydrated and nourished afterwards.<br />The only thing I did not care for was that my skin was very sticky after removing the mask, and it stayed that way. I ended up having to take a damp cloth and blotting it off. After that, my face felt a bit greasy, and I had to keep blotting it until it was time for my bedtime skincare routine.<br />Overall, I really enjoyed using this mask and will be using it at least once a week. It is very hydrating and nourishing, I just wish it didn't leave the sticky and greasy feeling behind. Maybe, I left it on too long, as I do have combination normal to oily skin. Next time I will only leave it on for about 15 minutes, as I think that may work much better for me. I would definitely recommend this mask, but would also recommend starting with less time than I did if you have combination to oily skin.",1613726358633,False,0
AES3YWD3ONJOUDRWFIV2ZO44QDAQ,B08N6CLJ6P,3.0,"Somewhat good in theory, not so great in reality. 2.5 Stars ✨","This mirror really wants to be elegant looking. It has a pearlized finish with some elegant swirls at the top, but it really just looks like a plastic vanity mirror that should come with one of the Barbie mannequin heads that little girls put makeup on and do their hair.<br />The mirror has three light settings, bright white, really yellow, and I'm assuming a daylight, which is the only light I can somewhat see myself a little bit with it on. Really, it's just awful trying to see in this mirror with the light on. This is the first lighted mirror that I've experienced this with. For some reason, the light seems to shadow your face somehow, or either it's just the wrong color or brightness, and you can hardly see yourself in the mirror at all. And, no matter which mirror I want to look in, I have to pick the mirror up and bring it close to my face. And even then, I feel like I'm looking at light, and not my face being brightened by the light.<br />Also, once put together, the fold out mirrors do not stay flush when folded in. It gives it the look like you've broken it and are just living with it like that. And, I find the fold out mirrors very cumbersome to look at myself in them, with the light on or off. Especially the bottom one that has the most magnification, which really should have been on the top, in my opinion. If I don't pick it up, I have to bend way down to see in the bottom one, and then I can only see half of my face if the light is on. The other half is in a shadow, whether the light is on or off. The upper mirror is just as hard to see in, as my face is shadowed on one side very heavily if the light is on. It's just an awkward design.<br />This mirror seemed somewhat good in theory, but because of the very poor design and the lack of quality materials, it is rendered nearly useless. Each mirror, in and of itself, is nice and clear and seems great. One might think of recycling them, or a young girl may find better use of this vanity mirror as she's playing dress up, or learning to do makeup. For myself, because I cannot see into it with the lights on, as it's meant to be used, and I don't find it aesthetically pleasing to display, I will not be using it.",1613555086658,False,2
AES3YWD3ONJOUDRWFIV2ZO44QDAQ,B08HGZXLP6,4.0,Nice quality bottles with lots of the goodies! 5 stars ✨,"These are good quality thick amber colored bottles, and they arrived very well packed. I love that they come with a funnel, labels, marking pen, a dropper, and screw top lids along with the sprayer tops. They work great for making my witch hazel facial toner spray and colloidal silver spray. The sprayers work pretty well, although the sprayer part spins around freely. It makes them feel a little clumsy and uneasy to grab hold of. The price for these is on the high side of what I would normally pay for a set like this. Aside from those couple things, they are very nice quality bottles that come with lots of goodies.",1611654159665,False,0
AES3YWD3ONJOUDRWFIV2ZO44QDAQ,B08LYT4Q2X,2.0,These are not USDA certified oils. 2 stars ✨,"First, I will say these oils seem fine. They work well together or apart, mixed into other skincare products or alone. I use these types of oils to make my own facial oil mix or to add to my moisturizer.<br />The thing I absolutely hate that companies do to try to sell their products is to say things that aren't true. The USDA does not certify oils - food, cosmetic, or otherwise. The fact that the bottle says this product is USDA certified on one side, and the other side says not intended for ingestion should speak volumes. The USDA certifies and regulates the welfare and production of food products; meaning products that you ingest. So, why on earth would they certify a product you cannot ingest? The bottle also makes outright claims of known cures from using these oils. There is no disclaimer on either bottle that states that these claims have not been approved or proven by the FDA, or whatever the disclaimer is that is mandatory. There are ingredients listed, one ingredient for each product, the oil, and that's it. Nothing tells how these oils were extracted. Therefore, we do not know if they are refined or unrefined. They probably don't know either. So you see, therein lies the lies and deception.<br />These oils would be much better if they weren't tied to lies. Because you know what they say about lies... if you tell one you have to tell more to keep up with the first one. Is what they say in the bottle really what's in the bottle? Are they pure oils or mixed with a lesser oil? Oils are greasy. If they are unrefined, why aren't they greasy? When you refine oils, you take away a lot of their natural properties and their nutritive value, is that why they aren't greasy? Because of the lies and lack of important information, I really don't know for sure what these oils are.<br />Because of the deceptive practices and claims made, I would not recommend these or any of their other oils.",1609415095648,False,9
AES3YWD3ONJOUDRWFIV2ZO44QDAQ,B08HRHCZV2,3.0,Nice but missing the clips... 3 stars ✨,"These travel-size bottles are really nice. I love that they are a larger size so that I can use them for hand sanitizer and facial care products. The ones for hand sanitizer can easily fit in my handbag and carry bag, and the ones for my facial care products fit nicely on the small caddy I have in my bathroom. They are easy to fill from my large pump containers, which is a plus. My only issue is that mine are missing the clips that go on them. It's not so terrible for the few that I use in my bathroom, but it is for the ones I use for hand sanitizer. It makes it harder to find them in my purse and bag. Hopefully, no one else has this problem. I would definitely recommend them if you get the clips.",1609114164865,False,0
AES3YWD3ONJOUDRWFIV2ZO44QDAQ,B088R5YRMJ,4.0,"Not very , but very loud. 3.75 Stars ✨","I already had a large water flosser but was looking for something smaller and liked the idea of a rechargeable one. Upon first opening this flosser, it's very unique and different and would be great for traveling. The way the pieces of it fit together so compactly into each other, and then into a very nice fabric zip case with a handle, definitely sets this flosser apart.<br />When I used it, I found that it did not have near the amount of pressure that I'm used to from my other flosser. As nice as it is, it didn't feel as if it was cleaning between my teeth very well. I felt it gave a nice surface clean, but the pressure of the water was not enough to force out any particles from in between my teeth.<br />The flosser is also extremely loud. I've had the one I'm using for quite a while, and though it makes some noise, it isn't loud enough to hear from a couple of rooms away with the door shut. This one was scary loud. I'm not sure if it may have a defect or not, so others may not have this problem.<br />For me, this flosser does not have enough power behind it, and it is just too loud for my liking. I really wanted to like it, but it's not for me. I hope that others have a better experience than I did. 3.75 Stars ✨",1607934294085,False,1
AES3YWD3ONJOUDRWFIV2ZO44QDAQ,B0899GVH4V,4.0,Not the best and not the worst. 4 stars ✨,"This is a nice kit for someone who is just starting out, who has a little patience to work with a semi-difficult gel. It has everything you need to create poly gel nails aside from the UV light. It is a little on the sticky side, but I find using a good quality hand sanitizer instead of the slip solution makes it a lot easier. All the colors cure very nicely, aside from the white. It does take a bit longer. And, I love that the clear is clear. It's nice that you get some glitters, along with the poly gel, to experiment with a bit of nail art to see if you like doing your nails at home, before investing a lot of money in supplies. Overall, I think this is a good budget starter kit if one has a bit of patience. 4 stars ✨",1607684243214,False,0
AES3YWD3ONJOUDRWFIV2ZO44QDAQ,B08G15JBYN,5.0,So many butterflies it's hard to choose! 5 stars ✨,"Wow! This set comes with so many different types of butterflies. I love how the butterfly stickers come in so many different colors that no matter what color polish should you choose to wear, there are so many butterflies that will go with it. Some of my favorite ones are the butterfly outlines that are shiny or holographic. Most of the color ones also shimmer, which is so beautiful.<br />I like that there are butterflies that are flying sideways and also complete butterflies. It gives nail art a lot more interest. Having the glitter butterflies is a bonus to play around with encapsulating. With this sticker and glitter kit, there are so many nail art designs you can create. I've done several, but my mind is filled with endless possibilities. Highly recommended! 5 stars ✨",1607237132135,False,0
AES3YWD3ONJOUDRWFIV2ZO44QDAQ,B08BYK8SKR,4.0,"Uhh.... ok, will use for skincare routine, then. 3.5 stars ✨","When I saw these I was so excited because they match most of my wardrobe. I'm always wearing my hair up and love wearing skinny hard headbands with ponytails to keep straggly hairs back. I thought this would be something new to try altogether.<br /><br />Unfortunately, this fabric is awful to wear in your hair. I am a seamstress and it is definitely synthetic and feels like it. It's slippery, hot, and doesn't' feel nice at all. The design seems like an afterthought, as it will not stay in place.<br /><br />So, I've had a big change of plans! I will be using these during my skincare routine and putting on my makeup. At least these headbands will get some use. I'm constantly losing the ones I have, so now I have plenty.<br /><br />I'm giving these 3.5 stars for effort and couldn't bear to recommend them. Sorry.",1599367501622,False,0
AES3YWD3ONJOUDRWFIV2ZO44QDAQ,B087G54FLM,4.0,Acrylic girl tries Polygel for the first time...crazy different!,"This was my first experience with poly gel, and I can't say that it was an easy and straightforward one. I did do some research and watched several videos to learn the process before even venturing into trying my own. Boy, I had NO idea what I had gotten myself into... This is nothing like my beloved Acrylics! But, for a little laugh, and a few Pro ""lift proof"" tips along the way, I've added a video at the top to show my adventure.<br /><br />First, none of the nail forms seem to come close to fitting any of my nails properly, and my mind could not even grasp this whole strange concept not one bit. So, I just added a tip and began to apply the gel as I would acrylic. The gel is extremely thick and sticky and very hard to work with, unlike the gel from the past. The kit did not include a slip solution, which would be hard for those just starting out and may not have 70% alcohol at home. I did have some, but it really didn't help, aside from keeping the brush clean, as the gel was so thick and almost unworkable. It took me about 20 minutes to complete one nail from start to finish, including polish. <br /><br />It was quite frustrating that none of the boxes for the Polish were marked, neither did they have curing times noted. The instructions also did not include this information for the polishes. But, in the end, I had a pretty nice looking poly gel nail for the first time ever.<br /><br />I appreciate that the kit comes with all the necessities, aside from the slip solution. It also contains quite a few glitters and tapes to get creative. The light is very small, but it gets the job done, even if it takes a few extra seconds. Once the nail is cured, you get a very hard and shiny finish. The polishes are very nice, although I don't care for a few of the colors myself, the topcoat is very thick.<br /><br />Overall, I think this is a nice kit. I enjoyed the learning experience and will likely play around with it again. And, I may try those strange nail form attachment things. Although I could have done over half a set of nails in acrylic in the time it took to do my one nail in polygel~~ everyone has to start somewhere, it's always fun to learn something new and the first time usually takes the longest.<br /><br />I would recommend this kit for those starting out new and fresh, or those who are seasoned a bit doing poly gel. You definitely get a lot for your money, and you will get a nice strong nail from this kit. I'm giving 4 stars ✨ for the lack of information on the packaging and instructions on colors and curing times. But, I really do think I will like it much better once I get the hang of it.",1598739212520,False,0
AES3YWD3ONJOUDRWFIV2ZO44QDAQ,B088JWX1QF,3.0,"Why didn't they add another magnet, so you can trim them?","This was my first magnetic eyeliner and eyelash kit. The eyeliner works great and the lashes adhere very well. The eyelashes themselves are beautiful and I love the lengths. The liner is easy to put on and so are the lashes. And, they stay on very well, with one exception.<br /><br />The eyelashes are too wide for my eyes, and I need to cut the last magnet off for them to fit properly. But, when I do that the outer end flips up and makes the lashes look terrible. If I don't cut them, they stick into the inner corner of my eyes, causing major irritation and immediately flip up, also making them look terrible. <br />I feel like they need one more magnet on the outer end, close to the last magnet. Because, most people need to trim any and all eyelashes, in order to make them fit their eyes better. In every video I've ever watched with glue on lashes, the person always has to trim the eyelashes just a little bit shorter in width. Why didn't the manufacturers of these eyelashes think that it would not be the same for these lashes?<br /><br />I love the concept, and really wish that these worked for me, because I have very dry eyes and cannot wear eye makeup and mascara. They just need another magnet!",1597647367195,False,0
AES3YWD3ONJOUDRWFIV2ZO44QDAQ,B07KDYT8XY,4.0,Perfect for little things...I'm not throwing away half used products and filling up landfills!!,"I have dry eyes, and these work great for using saline solution to clean around my eyes everyday several times. They're thin and soft, and just the right size, so that I don't feel like I'm wasting a large cotton round. I also use them to go over my face with witch hazel, after my nightly facial cleansing. It only takes one for each task. I haven't had any problems with them falling apart or being too thin for my needs. Using them for my purposes, the three pack has & will last me for a pretty long time.<br />It's nice to find the right size product for the right size need that I have. I highly recommend these to anyone who has light duty needs for cotton rounds, and doesn't want to feel like they're wasting money, and throwing away the majority of a product, because it was just too large for what they needed it for. We have enough trash in landfills.",1583280824248,False,0
AHPG65LKS3QKRWDUWAKZNLEK5RZQ,B09FXJRS2G,5.0,Big range or colors that stay on a long time,So many colors. This is one of the best collections I’ve owned. The colors are such a big range. There’s nudes and blues and greens. Some even shimmery. There’s something for every mood and outfit. They stay on well and look gorgeous. I highly recommend.,1659762148916,False,0
AHPG65LKS3QKRWDUWAKZNLEK5RZQ,B08N5NDVGH,5.0,Make your own scents,"This lotion is awesome.  It is such good quality, creamy, deep penetrating and 100% vegan.  I like to make my own scents with this lotion by separating small quantities in other containers and adding my own essential oils.  I have a jasmine blend going now that’s so unique and awesome smelling. And the scent possibilities you could make with this are endless.  It also doesn’t smell bad on its on!  Pop it In The fridge for a really nice, cool pampering treat on a hot day.  This gallon of lotion is so worth it.  I will never buy expensive store bought lotion again.  This lotion even has arnica extract and aloe added for sore muscles.  Such a great deal.  I can’t stress it enough.  I would highly recommend!",1657963833435,False,0
AHPG65LKS3QKRWDUWAKZNLEK5RZQ,B08YZ3854D,5.0,My favorite set!,Love every color! So much to choose from. The odor isn’t bad on these. I think my favorite is the denim blue looking color. You can do them matte or glossy. They stay on well and go on good. It’s one of my favorite sets.,1656456748550,False,0
AHPG65LKS3QKRWDUWAKZNLEK5RZQ,B094QZR81B,5.0,Simply amazing colors,I love these green shades. There’s something for everyone. The magnet is also a nice addition and looks really cool. Cats eyes! I get a lot of complements when I do that design. It’s easy too. The polish lasts a long time and is glamorous.,1655776655147,False,0
AHPG65LKS3QKRWDUWAKZNLEK5RZQ,B09HGVRZCS,5.0,Lasts my 12 hour shift at work,"These are excellent. There’s a pretty good variety of sizes but mainly pretty natural looking. They are very easy to put on. First time I ever used magnetic lashes it took me a few tries, after that, I was good to go. Takes hardly no time and the liner dries quick so I don’t even wait to put lashes on. It still is good enough to wipe off when you don’t get it on even if you work right away. As far as lashes, you can take them off and reposition them. If they are too long for you, just trim the ends a little and they are perfect. I reuse mine quite a few times. You can wash them after each use with shampoo. Sometimes I’m lazy and use liquid hand soap. At first I was just pulling them off. But the best way to get off is liquid makeup remover. All you have to do is take a swab soaked in it and rub along lashes and they fall right off! It’s like magic. As far as wearing them, they last my whole 12 hour shift at work. No problems.",1654748676128,False,0
AHPG65LKS3QKRWDUWAKZNLEK5RZQ,B095YJWW86,5.0,They stay on my whole 12 hour shift!,"Remarkably wonderful! These work so great. They stay on my whole 12 hour shift at work. They are also easy to put on. It took me a few practice runs first time I ever used magnetic eyelashes but after the first time, it was nothing. I really recommend these. It’s easy enough to remove. Sometimes I just peel off but most times I take some liquid makeup remover on a cotton swab and rub across them. They come right off. It’s always good to use a lash cleaner on them in between uses and they last longer. But my coworker said she also uses shampoo on hers. I haven’t tried that.",1652847149642,False,0
AHPG65LKS3QKRWDUWAKZNLEK5RZQ,B09C5NQSC5,5.0,Who needs powder when you have this!,"I have such oily skin most the time and thought I would give this roller a try.  I was skeptical but It actually works to keep the shine off my face.  It’s a very well made tool and really easy to use.  You just basically roll it over the parts of your face that get oily throughout the day.  The roller is made from real volcanic stone and does absorb the excess oil on my skin without messing up my makeup at all.  (The roller turns darker and you can see that it’s absorbing the oil.)  very simple to use and easy to take to work so you can freshen up your face in the restroom.  I no longer wear powder, instead I have been using this.  I would totally recommend to anyone with oily skin.",1650518364020,False,0
AHPG65LKS3QKRWDUWAKZNLEK5RZQ,B093GX6XVV,5.0,Highly recommend,"These last so long. They are reusable. Just clean the glue stuff off a little after wear and rinse. I love them. And you get so many sets. I like that it’s a variety of long and short and all in between. They are very easy to use. If you have trouble first time, try again. Took me a minute first time but the next I could do it without hardly trying. They really stick good. I wore them all night to work for 12 hours and had no problems. I highly recommend. These even come with crystals.",1644928581417,False,0
AHPG65LKS3QKRWDUWAKZNLEK5RZQ,B08VKNT86J,4.0,Light coverage,Nice foundation. It’s light coverage so I only wear it around the house. My daughter loved it. It goes on well enough and smooth. It’s a good price and the bottle looks pricey. The sponge works great.,1641432359532,False,0
AHPG65LKS3QKRWDUWAKZNLEK5RZQ,B08VF3FMPZ,5.0,Works great for shampooing or massaging scalp,"This makes my head feel so good. I have my cosmetology license and one thing we learned was it is good to massage the scalp. This helps increase blood flow there and helps with hair growth. Overall, it helps the health of the scalp and hair. The brush works great for this and is also good for shampooing. If your hair is long and tangles easily it will still work but be careful not to get it stuck.",1636777127355,False,0
AHPG65LKS3QKRWDUWAKZNLEK5RZQ,B0977LVHF8,4.0,Gives skin a smooth healthy glow,"I’m really impressed with this. It is like a moisturizer and isn’t greasy. It really does brighten face. Especially if you can go with just this and not foundation. It makes face look so smooth. It comes out really well . Perfect actually. It’s a little pricey for my budget though. I use it sparingly. It doesn’t take much. As far as the whitens, don’t let this deter you. I was skeptical at first. It doesn’t really make your face look white. It brightens like a healthy glow. I think the advertisement needs to be reworded. I don’t think they meant to imply it whitens. I could be wrong. Just my humble opinion.",1629939140301,False,0
AHPG65LKS3QKRWDUWAKZNLEK5RZQ,B095NZ5TLV,4.0,So cute and convenient,"This is so cute! It’s also convenient to have. It works pretty good. I just stick it in bottom of my sink and clean away. However, I don’t have much counter space so I think I’m going to suction cup it to the wall lol. My wall is the type it won’t hurt it.",1626424904806,False,0
AHPG65LKS3QKRWDUWAKZNLEK5RZQ,B086N2SY91,5.0,Fantastic,"This is my very favorite headband!  First off,  I love the pretty rhinestone pattern and sparkly colors.  It’s not to big, and looks so pretty to help dress up hair or an outfit.  It is very comfortable, headache free for all day wear.  Very good quality.  Love the suede backing underneath.  It’s a princess of a headband!",1626167764982,False,0
AHPG65LKS3QKRWDUWAKZNLEK5RZQ,B07T4LKC4D,5.0,Easy to apply and very gentle to skin,"These masks are great for oily skin.  It’s a very gentle mask and feels so nice and relaxing.  It is easy to apply and fits face well. Helps me to keep breakouts to a minimum, and even helps to give my skin a more even tone and appearance. I would highly recommend!",1622709303037,False,0
AHPG65LKS3QKRWDUWAKZNLEK5RZQ,B07YNH56W5,5.0,No irritation,"These patches are awesome.  At first I was kinda skeptical and afraid to press on under eyes, but I’m so glad I tried them. They really did help to plump up my shallow under eye area.  And the results lasted for a couple of days. There was no irritation.  Very good quality product and works as described.  I would highly recommend.",1622615740349,False,0
AHPG65LKS3QKRWDUWAKZNLEK5RZQ,B07YV9J2YZ,5.0,They don’t pinch your head too hard,"These headbands are really pretty, especially for a dressy occasion.  They are well made, nice and thick padded, with suede underside. Very comfortable to wear for long periods without getting a headache. I would recommend.",1621403057024,False,0
AHPG65LKS3QKRWDUWAKZNLEK5RZQ,B08QVJ4NVD,5.0,Moisturizes without being oily,"I haven’t had this too long but just the week I’ve tried it I’ve noticed a difference. I have combination skin, closer to oily. Lately I’ve needed a little more moisture. This is just right. It feels like it would be great for dry skin and oily. Maybe a little too much for oily, idk. It’s not too thick. At first, when applying it, it seems thick. But it quickly absorbs. Right away actually. It doesn’t have a strong scent. My skin feels great the next day when I wake up. I usually apply it twice a day and it’s not too oily. As I learned in cosmetology school, there’s a difference in oil and moisture. This moisturizes without being oily.",1620370747167,False,0
AHPG65LKS3QKRWDUWAKZNLEK5RZQ,B08PVH18Z6,5.0,Face feels plump and soft,These are wonderful.  I used one just today.  They are so moisturizing and creamy feeling.  My face feels plump and nourished!  It’s such a revitalized feeling!  I would highly recommend!,1619750642928,False,0
AHPG65LKS3QKRWDUWAKZNLEK5RZQ,B089D16BWJ,5.0,Face feels best it’s ever felt,I love this stuff! My face felt so amazing after using it. I highly recommend it.,1617938762789,False,0
AHPG65LKS3QKRWDUWAKZNLEK5RZQ,B08GMC48QF,5.0,Smells great and hair feels so good,"This shampoo and conditioner set is so good! It leaves hair with so much body and eliminates my brassy tones altogether. I also love that it is sulfate, paraben and gluten free. It smells great and leaves hair in great condition. I would highly recommend!",1617788006473,False,0
AGXMWJK3YL4SV5FJ27JEJZPZHRBA,B0B1DCQWR7,4.0,One-Step Magic Straightening Perm Kit,"I have semi-curly but puffy hair that I need to tame at least once every 3-4 months. Otherwise, I have to straighten my hair every day to look decent. I have been using this Japanese product which is a 2-step for the straightening and neutralizing. It usually takes a total of 3 hours or more to go through the entire process, with 45 mins session for each treatment steps and then the drying and straightening hair in between. I was really intrigued with the one-step because it saves so much time.<br /><br />The order comes with magic straightening kit to do at home. There are instruction manuals in both Korean and English. It gives you step by step instructions that are very clear and easy to follow. The bottle already comes with the treatment. All you need to do it apply. Before you do this, there are hair treatment packets to use prior and after the treatment to protect your hair from excessive damage. The kit also comes with plastic cover for your shoulders and a brush for application.<br /><br />I applied it over the top area because my hair is pretty long and really you should only target the new hair growth if you've done the treatment previously. If it was my first time I probably would not have enough treatment for my long hair. I would need to order two.<br /><br />The instruction states to check after 10 minutes. Every hair is different so you will have to assess if you need to leave it on longer. The instruction specifies the duration and also guides you on how to check if your hair is ready to be washed out. If you pull one strand and you notice the curls are gone, then it's probably time to wash them. I left mine on for 40 minutes. I don't recommend it but I needed to from past experience because my hair is crazy. You rinse out the treatment but it tells you not to rub them. Just wash them through gently with your fingers. I applied the hair mist after washing it out, because you can feel the hair stiffen. Then I proceeded to blow dry and straighten the hair.<br /><br />I washed my hair again after 2 days and sure enough the treatment worked. I do feel that because of the dryness, I still need to straighten the hair some, but definitely better than having to sit every morning and straighten the entirety of the hair.<br /><br />For an avid magic straightening perm treatment user, I do recommend the product. I suggest getting additional product to make sure you revive your hair after treatment.",1669674567004,False,2
AGXMWJK3YL4SV5FJ27JEJZPZHRBA,B0B1T39KQM,3.0,Silicone Cover for Brushes - STRONG GRIP,The order comes with 9 pieces of the silicone makeup brush covers. There are two (2) different sizes for covering different type of brushes. One type for larger brush for like foundation and the other type of smaller brushes like eye shadow. The cover provides good protection over the brush but also protects the bag that would hold this brush from leaving powder or color marks. The protection part is good but I had mad struggle trying to get the silicone cover on my make up brush. It's not easy and it has an extremely strong grip. Once its grips on something it is so hard to remove or slide down to use the brush.,1659033941411,False,0
AGXMWJK3YL4SV5FJ27JEJZPZHRBA,B0BR4GL7Q6,4.0,Organic Cleansing Oil to remove waterproof eye make-up,"The order comes in a jar of 100 ml in size. It's in a dark glass bottle. It's a cleansing oil to remove make-up. I use the cleansing oil to remove waterproof make-up like the eyeline or mascara that would otherwise need a lot of rubbing around the sensitve eye area with a regular cleanser. After the hard make-up is removed, I use the regular facial cleanser to wash my face.<br /><br />The bottle has a pump that dispenses the oil. The cleansing oil is clear and has a nice scent to it from the cherry essential oil. I love that the product is all vegan and organic and USDA certified.",1651455087188,False,0
AGXMWJK3YL4SV5FJ27JEJZPZHRBA,B0BTV2K819,3.0,Bright Colored Silicone Patches for Sun protection,The order comes with a pack of the under eye patches. There are four pairs in total. I ordered the pink eye patches. They are to be applied under the eyes for sun protection. They are thin silicone patches. It's good for areas that are prone to get sun spots and freckles. You apply it on dry skin. The color is a bit bright to wear outside and go unnoticed. I wish there was one with natural tone but maybe those colors don't help reflect the sun.,1650757821368,False,1
AGXMWJK3YL4SV5FJ27JEJZPZHRBA,B0BM35X1LF,5.0,Silicone Makeup Sponge Holder - Easy to use,The order comes with one (1) make up sponge holder. I ordered the khaki color. It fits most size and shape of the make up sponges.<br /><br />The holder material is silicone. It's easy to wipe down or clean make up left on the surface. It's most useful for protecting sponge from impurities but also the makeup sponge from leaving make up stains on other cosmetic tools. There are three lines for air ventilation on both side of the holder. I simply squeeze the holder and the holder opens up so it is easy to put in and take out the sponge. It's an excellent tool but also a great gift to give to your girlfriends.,1639451441935,False,3
AGXMWJK3YL4SV5FJ27JEJZPZHRBA,B092MDM165,4.0,Wooden Brush with Steel Bristles - Love the Brush Cleaning Tool,"The order comes with a single hair brush packed in a box. The brush has a wooden handle that is polished and anti-slip. It looks very attractive and feels great in my hand. The brush head has steel bristles on the round head. My hair easily detangles with the brush but also the bristles are firm enough to massage the scalp without irritating. It's so soothing and relaxing. The bristles are on an air-like cushion that helps them flow through my thick hair. The area has an air ventilation hole in the middle.<br /><br />The order comes with a black cleaning tool, which is an added bonus. It's a much needed tool because I lose a lot of hair with brushing and it gets difficult to remove all the hair especially when it gets stuck in between the bristles and becomes a hassle to remove. No more using a second brush to clean this steel bristle brush.",1635194940589,False,0
AGXMWJK3YL4SV5FJ27JEJZPZHRBA,B097H7H3MT,5.0,Korean Exfoliating Scrub - Better than Loofahs,"The order of the Korean exfoliating bath wash cloth comes in 6 pieces. There are four with the same size and two that are a little bit longer in length.  If you are familiar with the traditional korean scrubs, they are sized much smaller (See attached photo for size comparison. Dark green vs light green from another brand). I love the ones I ordered because I can fit all of my hand and it will cover more surface area than the old one I use. I can scrub away fast and more with this product.<br /><br />The exfoliating bath wash cloths are very lightweight and dries easily. Traditionally, I use them after sitting in the sauna or a hot bath. The dead skin easily peels away using these scrubs. Because I don't live near a Korean sauna, I just use these on the daily in the showers. I prefer using these over any loofah. You feel so refreshed and clean.",1627417003508,False,1
AGXMWJK3YL4SV5FJ27JEJZPZHRBA,B0919R1CYT,4.0,9 Soft Brushes in Pastel Color,"The order comes with 9 brushes in different shapes and sizes. Each brush comes invidually packaged in paper wrap. The handle of the brush is beautiful pastel blue. The brush bristles is also in pastel blue with pink gradient to the tip. All of the brushes are very soft but I do wish there were some firmer ones to be used for my lips or eyebrow. So far, none of the bristles have fallen out and remain in good shape. It would be nice if it came with a travel case that held all the brushes. It's a great brush set for anyone.",1625948940671,False,0
AGXMWJK3YL4SV5FJ27JEJZPZHRBA,B08RYN11N9,5.0,Quality Face Roller/Massager - Good Weight,The Sand & Sky Face Roller/Massager Tool comes in a beautiful package. The face massager tool is made out of metal and has a good weight compared to the plastic ones I've used in the past. There are two twin balls that you roll across your face.  They pull and push gently against your skin as you roll. It's an intersting sensation. These balls are also made out of metal and provides this cool sensation on your skin.<br /><br />I use the tool after the base of my skin care routine is applied. It helps my skin absorb without me having to pat on it numerous times. The face roller also helps sculpt your face but also get circulation flowing on your face without having to go visit a massage salon.,1625800228958,False,0
AGXMWJK3YL4SV5FJ27JEJZPZHRBA,B0941YDPSW,4.0,Shampoo Bar - Shrinking Fast,"This oat delicacy shampoo bar for fine hair has many positive aspects. I love the smell. It's plant based and environmentally friendly. It's a Garnier product.<br /><br />I have been searching for an item like this because I travel a lot and shampoo my hair daily. Unfortunately, I have a lot of hair and because I like lots of lather and shampoo my hair so often this bar is shrinking fast. They advertise it for two months but I just hope I can get a full month out of it. I love everything about the shampoo bar minus the longevity.",1624995008671,False,2
AGXMWJK3YL4SV5FJ27JEJZPZHRBA,B0919LJ9WT,3.0,Spiral Hair Ties in Neutral Tones - Stretch Way Too Easily,"The order comes with 18 spiral hair ties in various colors of neutral tone. I perfer the spiral hair ties over the regular black scrunchiis. They do not leave any crease in the hair and also feels much more comfortable to wear. However, these hair ties are on the lower quality. They stretch way too easily and does not retain the elasticity for too long. After a few uses I ended up using a new one. I lose hair ties all the time so it's a good replacement until I have to buy a new pack.",1623942127933,False,0
AGXMWJK3YL4SV5FJ27JEJZPZHRBA,B08VN9TXQ4,4.0,Vitamin-C Serum for Face,"The Vita-C energy boosting serum comes in a black coated bottle. I can't see how much product is in it because bottle is completely black but the small bottle weighs heavy. There are descriptions in both Korean and English on the packaging.<br /><br />The bottle has a rubber washer on the top of the bottle that keeps the eye dropper in place and seal the product tight. I liked the design of this as I have not come across this in other products.<br /><br />The serum itself is clear and has consistency that's between liquid and lotion. I applied it after washing my face and applying toner. I only needed a few drops for it to cover my face. I did not smell any particular scent on the product. After the application, the serum took awhile to absorb on my face. It was semi-sticky but not to the point where I felt bothered by it. My face didn't feel dry or stiff afterwards. It felt smooth and hydrated.",1621278426026,False,0
AGXMWJK3YL4SV5FJ27JEJZPZHRBA,B08XZDXTG2,5.0,Good Face Mask for Moisturization,"The order of the face masks come packaged in a box. There are 24 face masks individually packaged. The mask comes with a clear plastic layer underneath that's folded up with the face mask. This allows for the face mask to be easily removed andn opened, because other products just have the face mask folded up by itself and it's always a struggle to unfold them.<br /><br />The face mask is a perfect fit for my face. There are plenty of face masks out there that are oversized or does not have the slits in the right place to fit the face form, but I could tell the fit would be perfect the moment I put them on.<br /><br />The face masks are soaked in hyaluronic acid and there was plenty left in the package after the face mask was removed, for me to squeeze additional gel onto my face. I left the face mask on for about 15 minutes. The area around my nose and cheeks still had plenty of moisture on it but the edges near the chin were dried up. The face mask seems to harden in the areas that are dried up.<br /><br />After the application, my skin did not absorb all the serum and it was still wet. I gently tapped around the area to get it evenly spread and dissolve. The skin felt moisturized. It wasn't sticky nor did it dry up my face. I am satisfied with the result and the product.",1620761176566,False,0
AGXMWJK3YL4SV5FJ27JEJZPZHRBA,B08YNR839W,4.0,Pretty Set of Scrunchies for Bridal Party,"I ordered the set of scrunchies for a friend's bachelorette party. The order comes with 7 scrunchies total. There are six pink for the bridal party and one white for the bride. The pink is a dust rose color more than the pink but it's very attractive. The set is adorable and can be used for many different occassions.<br /><br />The material is soft, shiny and looks super chic. Because the material has a sheen, you need to tie it pretty tight so your hair stays in and there is no slippage.",1620101164451,False,1
AGXMWJK3YL4SV5FJ27JEJZPZHRBA,B08QHP717Z,5.0,"Slim, Comfortable Headbands For Every Color of Your Outfit","The headbands come in 12 colors. There are so many colors to choose from. I have been wearing one to match my outfit each day. The headbands are thin and have the different colored fabric wrapped around them. Some headbands when wearing for the whole day make my head hurt, but these headbands were comfortable to wear, not tight around my head and kept my hair in place and looking fabulous.",1617336326078,False,0
AGXMWJK3YL4SV5FJ27JEJZPZHRBA,B08Q3F3L7S,4.0,Microfiber Towel to Cover Entire Length of My Long Hair,"I have long and thick hair and it's always a hassle to dry them. I have been purchasing different types of microfiber hair towels and I want to say this is one of the best out there. First of all, many claim that their product works for long hair but when I try them I usually get a good length of hair sticking out. The towel is never long enough to cover the length of my hair. However, I was so happy to find that this microfiber towel covered my entire hair. The towels are absorbent and keeps my hair drying nicely without the use of a hair dryer, which tends to create a lot of fizz. The only thing is that because the towel is longer and larger than usual, it tends to slip. I recommend wrapping the hair before tying on to the button to keep the towel tightly wrapped around your hair. Other than that, I have no complaints with the product.",1615160405039,False,0
AGXMWJK3YL4SV5FJ27JEJZPZHRBA,B09GNXK3N1,5.0,Quality Shower Cap to Prevent Moisture on Styled Hair,"This is a quality shower cap I have been looking for. I have long, thick hair and sometimes after straightening my hair I just want to wash my body, I would have to tie or clip my hair up. But unfortunately, water still ends up wetting my hiar. The shower cap material is good quality. It is thick and waterproof. The cute, floral design is a plus and there is a cute bow in the front. Inside there is a silicone band that will hold the cap in place so I don't have to worry about the cap falling off. I have worn the cap around the house just to keep hair out of the way and it doesn't hurt my head. It has been super useful keeping my hair dry and style intact.",1615158696650,False,0
AGXMWJK3YL4SV5FJ27JEJZPZHRBA,B08LPC1G23,5.0,Effortless Auto-rotating Curling Iron with Three Sizes,"The automatic hair curling iron is an excellent tool! I have tried an automatic curler from a differet brand but this I love because it comes with three different curling irons for the different curl thicknesses. Instead of having three separate curling irons, you have one device with the option to switch out as you choose.<br /><br />It's an easy set up. You just push down the curl iron of choice into the barrel, then rotate the tip of the wand to lock it in place, then change the heat temperature from the bottom knob. You will notice the color change to red when it heats up, but the color will stay green when plugged in even if you ""turn it off.""<br /><br />Most curlers are already heavy and tiring enough to hold and rotate up in the air, but this hair styling tool eliminate the need. All you have to do it hold it up and make it rotate. You slide a section of your hair in between the crowns and press the rotate the button to the left or right, depending on the direction of the curls you want to shape. One thing I love about this device is that, instead of having to clip the hair with standard curling iron that literally leave the end of your curls ""clipped,"" this allows for more natural look as it curls it to the end.<br /><br />I was absolutely happy with the results and the effortless time it took to style my hair. The curls also lasted throughout the day with no problem.",1611428350374,False,2
AGXMWJK3YL4SV5FJ27JEJZPZHRBA,B08HRHCZV2,4.0,Portable Hand Sanitizer Silicone Tubes,"I am using these for hand sanitizers. The order comes with 3 white, 1 pink, light blue, and blue. They are silicone tubes with white plastic caps. It comes with black key chain holder so it’s portable. Each tube holds 60 ML. I put high alcohol content hand sanitizer so it’s more liquid than gel. Unfortunately I have to be extra careful for the liquid to not spill out when using. Otherwise the tubes should be able to contain the get and you’d just squeeze the tube. The bottle itself is spill proof. The cap is sealed tight. It is easy to refill through the wide mouth opening to fill up with any content.",1606331965024,False,0
AGXMWJK3YL4SV5FJ27JEJZPZHRBA,B08BY9P4HR,5.0,"Sturdy, Quality Bamboo Brush","I ordered this BF Bamboo brush after trying their Bamboo Steel brush. If you are looking for a sturdy brush that provides relief while brushing your hair, look no further, this is it! It’s hard to find quality brush at stores. Usually the products they offer have brushes where the color coating ends up peeling off or the brush bristles are just not made with quality. This brush feels strong where not too much pressure or weight is required to detangle. The bristles on this brush are round and feels so good against your head. I have thick hair so I need something to get through the hair jungle and this brush does the job. The order also comes with a black comb which I gave to my dad to use as it will just get stuck in my long thick hair.",1598036424116,False,0
AFQQQ5LGNSQUEBGDCYBAZZE5T3DA,B08PVH18Z6,5.0,Deep Hydration,"There's a Chinese actress who attributes her perfect skin to twice-daily sheet masks. After using one per night for several months, I totally believe they work. This mask is the best for hydration. It can be used by all skin types. The sheet is soft and flexible. You can stretch it as needed. I always stretch the eye holes since I have larger eyes. It also prevents the serum from dripping in your eyes. Another tip is to rub the mask on the backs of your hands before throwing it away. That skin needs special care also. The best part about this set is that you get so many masks. You can try using one nightly to see how it changes your skin. I highly recommend it.<br /><br />Thanks so much for taking the time to read this review.  I hope the information that I've provided helps make your decision a little easier.",1613597095455,False,4
AFQQQ5LGNSQUEBGDCYBAZZE5T3DA,B08H4SYXR4,5.0,Perfect Gift Set,"I'm a true skincare addict. I really like these holiday sets. They're a good way to try new products. Caudalie is a cult favorite for a reason. Their products are made from the grapes in their vineyards. You get all the benefits of the resveratrol in pretty packaging. This set comes with a moisturizer, serum and foaming cleanser. They come in travel sizes, so it's just enough to decide whether you like them or not. This set is a great value. It makes the perfect gift. As a note, my box was a bit banged up. The products weren't properly glued to the base, so they came out in the shipping package. Other than that, I highly recommend this set.<br /><br />Thanks so much for taking the time to read this review. I hope the information that I've provided makes your decision a little easier.",1604423044373,False,5
AFQQQ5LGNSQUEBGDCYBAZZE5T3DA,B08J3VX89W,5.0,Great for Brown Skin,"If you have any level of melanin in your skin, you know the struggle with hyperpigmentation. Any red spot that comes out on my skin eventually turns brown. This moisturizer is deeply hydrating in addition to being a powerful brightener. It helps to get rid of blemishes and dark spots faster than most OTC treatments. Use it twice per day for best results. I highly recommend this product.<br /><br />Thanks so much for taking the time to read this review. I hope the information that I've provided makes your decision a little easier.",1603305176680,False,5
AFQQQ5LGNSQUEBGDCYBAZZE5T3DA,B08WCG4JCC,5.0,Balanced PH,A balance pH level is important for healthy hair. This conditioner helps to balance your hair's pH level in addition to repairing damage. It's also very hydrating. It has just the right amount of oil to tame curly hair. The scent is fresh and lightly herbaceous. The texture is on the thicker side but not like a deep conditioner. It's a good overall product for all hair types.<br /><br />Thanks so much for taking the time to read this review. I hope the information that I've provided makes your decision a little easier.,1600120669811,False,2
AFQQQ5LGNSQUEBGDCYBAZZE5T3DA,B08CGFR74H,5.0,Great Hydration,"Sheet masks are my favorite way to give my skin special treatment. You get six masks in this set. Three masks are aloe-based, three have pomegranate extract. Aloe is well known for healing and soothing skin. Pomegranate brightens and plumps. Each mask is soaked in serum. There's enough to cover your neck in what's left in the package. The masks are so juicy that the serum may drip down into your eyes. If you have large eyes, widen the eye holes with your fingers so the top of the hole is at or above your brow. If you refrigerate the masks before application, you'll get the benefit of cooling your skin's temperature and reducing inflammation. I highly recommend this set.<br /><br />Thanks so much for taking the time to read this review. I hope the information that I've provided makes your decision a little easier.",1600009097137,False,3
AFQQQ5LGNSQUEBGDCYBAZZE5T3DA,B08WCG4JCC,5.0,Non-Greasy Shine,"I'm a curly girl. One of the constant struggles with my type of hair is that it may look dull sometimes since it's so dark. This shine spray is like a makeover in a bottle. It adds instant shine and makes it look like you had a color touch-up. The formula is lightweight and non-greasy. It has a light, somewhat floral scent. I would definitely spend my own money to purchase this product. I highly recommend it.<br /><br />Thanks so much for taking the time to read this review. I hope the information that I've provided makes your decision a little easier.",1599670255886,False,3
AFQQQ5LGNSQUEBGDCYBAZZE5T3DA,B08575Y9V3,5.0,Doesn't Leave Skin Sticky,I use lots of sheet masks. Most leave your skin a little sticky when the serum dries. This mask works differently. The sheet locks the moisture in and doesn't leave a sticky residue. It's a great hydration and brightening mask. I highly recommend it.<br /><br />Thanks so much for taking the time to read this review. I hope the information that I've provided makes your decision a little easier.,1595783032290,False,3
AFQQQ5LGNSQUEBGDCYBAZZE5T3DA,B07P4LLZS6,5.0,Special Care Mask,"I really like that this mask includes special patches for the eyes and smile lines. If you're over 30, you'll appreciate the extra help. You apply the patches first, the the sheet mask. I keep all of my sheet masks in the refrigerator. You'll appreciate the cooling and anti-inflammatory effect if you do so with this mask. I highly recommend this product.<br /><br />Thanks so much for taking the time to read this review. I hope the information that I've provided makes your decision a little easier.",1595609922802,False,5
AFQQQ5LGNSQUEBGDCYBAZZE5T3DA,B087LVRGN1,5.0,Easy to Use,"These vacuum spray bottles are very easy to use. They're especially useful for cosmetic products that contain ingredients that start to degrade when exposed to air. They're ideal for toners, hydrating mists and even essences. They pack well and are leak-resistant. This is a great buy.<br /><br />Thanks so much for taking the time to read this review. I hope the information that I've provided makes your decision a little easier.",1594061511452,False,2
AFQQQ5LGNSQUEBGDCYBAZZE5T3DA,B07ZS3DKL5,5.0,Lightweight and Creamy,"I really like this moisturizer. It's lightweight and creamy. It has a light cucumber scent that I find refreshing. It's a powerhouse at deeply hydrating parched skin. It also locks in moisture to keep skin looking fresh. It contains botanicals that soothe irritated or inflamed skin. It's ideal for those with acne, rosacea or eczema. You can use it as both a day and night cream. I highly recommend this product.<br /><br />Thanks so much for taking the time to read this review. I hope the information that I've provided makes your decision a little easier.",1593625097634,False,2
AFQQQ5LGNSQUEBGDCYBAZZE5T3DA,B085SWH8RG,5.0,Two Powerful Ingredients,"If you're over 35, this serum is a must. It contains two powerful skin-saving ingredients. Vitamin C keeps skin bright and radiant. It protects skin from UV damage. It boosts collagen production and helps fade dark spots quickly. Hyaluronic acid helps your skin draw moisture from the environment. It reduces the appearance of fine lines and wrinkles. It's hard to find a high quality organic serum like this. I highly recommend this serum and the brand.<br /><br />Thanks so much for taking the time to read this review. I hope the information that I've provided makes your decision a little easier.",1593187544786,False,2
AFQQQ5LGNSQUEBGDCYBAZZE5T3DA,B085C6RN9R,5.0,Ideal for Curly Hair,Warm weather means unruly hair if you're a curly girl. Headbands are a staple for me. These have a fun tropical feel. They're very soft and stretchy. They should fit most heads. I'd get a couple different sets of these because I like them so much. I highly recommend this product.<br /><br />Thanks so much for taking the time to read this review. I hope the information that I've provided makes your decision a little easier.,1584657434170,False,3
AFQQQ5LGNSQUEBGDCYBAZZE5T3DA,B07RM722DH,5.0,New Favorite!!,"Every mascara claims to be new and different. This one actually lives up to the hype. The fibers have a novel shape that really makes your lashes POP. If you're not a fan of falsies, this is a great alternative. The formula isn't waterproof, so keep that in mind. I HIGHLY recommend this product.<br /><br />Thanks so much for taking the time to read this review. I hope the information that I've provided makes your decision a little easier.",1583172004166,False,2
AFQQQ5LGNSQUEBGDCYBAZZE5T3DA,B07Z5BW8WL,5.0,"Truly ""Essential"" Oil",Tea tree is one of my favorite essential oils because it has so many uses. It helps acne blemishes to heal quickly. It can be used as a topical antibiotic. You can add it to hair and scalp treatments to promote growth and scalp health. It's also a calming scent when used in a diffuser. You'll probably find more uses for it over time. I highly recommend it.<br /><br />Thanks so much for taking the time to read this review. I hope the information that I've provided makes your decision a little easier.,1582230857731,False,6
AFQQQ5LGNSQUEBGDCYBAZZE5T3DA,B0046BPTI2,5.0,Good Hydration,"This moisturizer is ideal for most skin types. It is fairly lightweight and provides deep hydration. It's especially good for sensitive or reactive skin. It's a good choice for those with rosacea, eczema or acne. I highly recommend it.<br /><br />Thanks so much for taking the time to read this review. I hope the information that I've provided makes your decision a little easier.",1581974143974,False,3
AFQQQ5LGNSQUEBGDCYBAZZE5T3DA,B07XG74ZQ3,5.0,Easy to Fill,This set makes it really easy to travel with your favorite beauty items. The dispensers are attractive and very easy to fill. It  comes with labels so you know what's in each section. You can continue to reuse them for different items if you rinse them out. I highly recommend this product.<br /><br />Thanks so much for taking the time to read this review. I hope the information that I've provided makes your decision a little easier.,1580583215715,False,2
AFQQQ5LGNSQUEBGDCYBAZZE5T3DA,B07NPWK167,5.0,Gentle & Natural,I'm trying to do a better job with paying as much attention to the ingredients in my skincare as those in my food. This is a great natural cleanser. It's very gentle and is good for sensitive skin. The lactic acid hydrates and gently exfoliates over time. You won't need a science degree to understand the majority of the ingredients. This is a great clean beauty cleanser that I highly recommend.<br /><br />Thanks so much for taking the time to read this review. I hope the information that I've provided makes your decision a little easier.,1577144708939,False,2
AFQQQ5LGNSQUEBGDCYBAZZE5T3DA,B019O277A0,5.0,Hair-Loving Oils,"As a curly girl, I'm very familiar with using hair oils. This one is an organic blend of argan oil and shea butter. Both are excellent for hair. You can use this as a shine booster, hot oil treatment, or anything else you choose. You could even try it as an overnight treatment. It's a great product. I highly recommend it.<br /><br />Thanks so much for taking the time to read this review. I hope the information that I've provided makes your decision a little easier.",1576886354161,False,3
AFQQQ5LGNSQUEBGDCYBAZZE5T3DA,B06Y44MMT6,5.0,A Curly Girl Must Have!,I'll admit it. I cheaped out on my spray bottle. I'm glad I upgraded. This is so easy to use. It makes wash day and styling so much easier. I only wish it came in a larger size. I highly recommend this.,1543796311548,True,1
AGWF6BTLJVQQ2N2R5PKNJOLY65GQ,B0B4JPGX8P,4.0,Works well but didn't like the dispenser,"This combined with the moisturizer has made my skin absolutely glow. I've been using just one pump for my whole face and neck both morning and night.<br />The scent in the serum is so light that it doesn't cause any irritation to my skin which is so rare.<br />The packaging is beautiful and looks gorgeous on my countertop. I do however have some trouble with the dispenser pump because it gets finicky and will only pump out product from one side. The component is made of plastic which is why I'm not giving it five stars. For the price you would expect glass or some sort of refill that was more eco friendly.<br />For those that have arthritis, the pump can be tricky to use because you have to press down fairly hard. Hopefully this is fixed in the future because it's a lovely product.",1660334831286,False,0
AGWF6BTLJVQQ2N2R5PKNJOLY65GQ,B09SH1FD9S,3.0,"Great worn alone, not flavored as claimed",[[VIDEOID:9631aea0bf38c5a9cf1cb4863ad4559e]] I might be the only one who didn't like these. I just didn't notice much of a flavor at all and the texture was more like an oil which drove me nuts throughout the day. I kept worrying about it sliding around and moving my lip color underneath. I personally prefer a more sticky gloss. I did like how fine the glitter was so it didn't bother my lips or create any tingling effect. The scent was by far the best part and I loved the strawberry.,1651517854024,False,1
AGWF6BTLJVQQ2N2R5PKNJOLY65GQ,B09JNRPRKT,3.0,The logo is very loud,"While I enjoy the versatility of this product, the logo was very intense and visible on the front of the warmer. It has a pretty blue light that surrounds the bottom when turned on and a great screen to let you know the temperature. I found it heated up very quickly and was an even heat that worked great for wax. I do wish the pot inside was coated or easier to clean between uses.<br />If you do use this warmer for its intended use it works really well to keep massage oil heated for lengthy periods and the knob makes it easy to adjust even if there is product on your hands.",1644872418836,False,0
AGWF6BTLJVQQ2N2R5PKNJOLY65GQ,B005AL5H9S,5.0,Hands down the most beautiful red I've ever seen,"My lips look like beautiful rubies. I have such a tricky time finding a good red that works with my skin tone being so pale. I could see this working for just about everyone and going viral. The packaging is absolutely decadent and screams luxury. I happily display it on my vintage style vanity because it just looks like it belongs there. The shape may not be something you're used to, but the vintage shape of the lipstick works as a lipliner and does all of the hard work for you. Everything about this company and lipstick deserves five stars.",1643751062889,False,2
AGWF6BTLJVQQ2N2R5PKNJOLY65GQ,B08TB3DZ1D,5.0,Like the holidays in a jar,My only wish was that the jar was bigger! I tried just a tiny bit on my hands at first and before I knew it I covered my whole body in this stuff. It melts beautifully into the skin and makes you smell good enough to eat. The scent is a perfect balance of chocolate and mint! My dry winter skin absolutely loved this formula and it really helped calm my skin after shaving.<br />I also adore the fact that the jar is reusable and recyclable. Will be repurchasing for sure!,1639000496853,False,1
AGWF6BTLJVQQ2N2R5PKNJOLY65GQ,B08932GR6G,3.0,Most expensive mask to break me out,This two part mask is great in theory. Each mask targets specific areas of the face for their specific needs. Immediately upon opening the package I noticed it was jam packed full of serum and used what was left on my arms and chest area. In a way it seemed a bit wasteful to include that much serum when a lot of people won't end up using it. I guess if you had some spare containers laying around you could pour it in them.<br />The forehead portion of the mask broke me out the next day after using it for some reason even though I stuck to my regular skin care routine right after and didn't use any additional products. I would still be willing to try other products from this brand though because I see so many celebrities using it.,1626132539857,False,0
AGWF6BTLJVQQ2N2R5PKNJOLY65GQ,B08RYN11N9,5.0,My new best friend,"I've been using this multiple times daily and it has a permanent home on my desk because of how much it helps relax my jaw and tmj. I'm absolutely in love with this roller because it doesn't squeak, doesn't tug at the skin, and because it's made of all metal it cools down quickly just by sitting out.<br />If you're looking to get an extra de puffing effect I highly recommend getting a glass of ice and putting the tool in there for a couple of seconds. When the temperatures got to the hundreds here I was reaching for this all day. I used it not only my face but my neck and shoulders and it was absolutely heavenly.<br />I personally love the extra long handle so I don't apply too much pressure when rolling away. I do use it ""upside down"" and pull rather than push which I'm not sure if you're supposed to do but it feels a lot better that way.<br />This tool should last a lifetime if cared for properly so the price doesn't bother me as an investment piece.",1625608424871,False,1
AGWF6BTLJVQQ2N2R5PKNJOLY65GQ,B08P9J161D,3.0,Ill fitting,If you have smaller hands this will be difficult to maneuver. While I was using it to attempt to remove my fake tan in the shower it rolled all around and slid around making it difficult to actually target areas. I ended up getting frustrated and balling it up in my fist to use it like a loofah. Being so used to traditional green scrub cloths this hardly did anything. It didn't really remove dry skin or my tan for that matter.,1624915795056,False,0
AGWF6BTLJVQQ2N2R5PKNJOLY65GQ,B08QKXY1KN,1.0,Still recovering from how much this dried my hair out,"The shampoo is super pigmented and worked pretty well. Maybe too well though, it stained my forehead and now my brunette hair with highlights just has a weird burgundy purple cast to it which looks awful and kind of ruined my hair color. The conditioner was really terrible though, it felt like just applying another shampoo. My ends were extremely dried out and frizzy after using and I had just had a haircut so they weren't unhealthy. I wouldn't purchase this as a set.",1624051306893,False,0
AGWF6BTLJVQQ2N2R5PKNJOLY65GQ,B08PQMJRZZ,5.0,So cute and soft,I am always losing my headbands for when I go to clean my face. I swear the laundry monster eats them. This brightly colored novelty headbands are adorable for all ages. They don't snag at your hair or have any hard bits that could hurt a sensitive scalp. My personal favorite is the pink bow because it looks hilarious when I have a face mask on. I think these would be a great gift for a makeup lover or even a little kid who could wear them as a part of a costume.,1611357426508,False,0
AGWF6BTLJVQQ2N2R5PKNJOLY65GQ,B08M9TJ3NJ,4.0,A must have for the winter,"The before and after pictures do all the talking here. These days I'm constantly washing my hands and never really take care of my nails or hands anymore because why bother? This -stunning- kit was nice and heavy and felt extremely high quality. The bottles are actual glass (which means you can recycle them!) The roller on the oil is really well made too, it never got stuck like some cheaper ones do. I used this kit for about a week and the results were really amazing. My only complaint is the scent of the lotion is EXTREME. I mean I didn't think you could combine rose, frankincense, geranium, AND ylang ylang...but they did. It's really strong and hyper floral so if you're sensitive to scents I might skip out and just get the oil. The lotion does however apply really nicely and sinks in quickly.",1610494371869,False,0
AGWF6BTLJVQQ2N2R5PKNJOLY65GQ,B07WP8K6FH,4.0,The creamiest spicy red,"Absolutely love this chunky pencil stick. It's a perfect dupe for Chili with maybe a bit more brown. While it's not ultra long lasting it applies smooth, and is easy to re apply. My only issue is the price. I understand this is an all natural kind of product and indie but 25 is a little steep for a pencil. You will need a special sharpener for this as well because it doesn't come with one on the other end. If it did I would justify the price.",1609891644042,False,1
AGWF6BTLJVQQ2N2R5PKNJOLY65GQ,B08BFGHMW7,4.0,Please make more shades!,"I would absolutely use this in a heartbeat if it were my shade. It's the perfect neutral tone but too dark. It sheers out to a beautiful dewy finish. With the sunscreen included you save the extra steps. I love cushion foundations and this one feels really luxurious. You even get an extra refill included! There is a slight scent but it's more sunscreen than anything. I tried it on for a few hours and had no breakouts or irritation. Again, this would be my go-to cushion if they had a slightly wider shade range.",1608074706064,False,2
AGWF6BTLJVQQ2N2R5PKNJOLY65GQ,B0B2L218H2,2.0,Overpowering and not environmentally friendly,"I really wanted to love these. Especially in my clothing shop I thought I could include them in my packages as a sample.<br /><br />Until I opened one...<br />The packaging is eerily similar to an intimate product and looks really suspicious if you happen to pull one out of your bag in front of others.<br /><br />The scent is a very powerful vanilla citrus that doesn’t seem to dry down much. My boyfriend complained that the scent was overwhelming and smelled like “old lady” perfumes and asked me not to wear it.<br /><br />I also found the packaging to be wasteful, you can’t recycle any of it except for the box so if you do end up liking this sort of scent I would just buy the bottle instead.",1606165420610,False,1
AGWF6BTLJVQQ2N2R5PKNJOLY65GQ,B08F4ZDVZQ,5.0,"The absolute best of, award winning for a reason","I’m normally not a fan of primers at all but this really helped my foundation not cake or break up around my t zone for the entire day.<br /><br />The kit includes the regular primer, a primer water (for after foundation), and a primer essence (also for after foundation. I’ve been really loving the primer essence for setting my face. I apply about a full droppers worth into my palm, rubbing my hands together, and gently tapping over my face and neck. I really prefer this over setting sprays which feel awful when they blast you in the eyes. All three products have a light almost fruity scent which may not be great for some people but I haven’t had any adverse reactions or breakouts. This would be excellent as a gift for the makeup lover for the holidays.",1605737767719,False,2
AGWF6BTLJVQQ2N2R5PKNJOLY65GQ,B08DX6B4QN,5.0,Opulent oils,You really get what you pay for with these oils. The ingredients are absolutely reflected in the price. I love that you can clearly see everything in the bottle unlike some high end brands that hide their ingredients. Natural skincare is the way to go these days with everything else being a mystery. This oil applies like a dream and soaks right into the skin. Even with makeup on top it leaves a beautiful glow underneath and doesn't slide around. The oil is a drier formula that won't slip or slide and absolutely repairs over time. I've noticed my cheeks are brighter and overall complexion is smoother. The scent is to die for with a musky woodsy kind of scent with very light floral undertones. Would absolutely recommend for a holiday gift!,1602832419784,False,0
AGWF6BTLJVQQ2N2R5PKNJOLY65GQ,B08DXLRTSB,5.0,My favorite,"[[VIDEOID:1231ac12d6a6c6d773db870b6eaa118d]] I picked up four of this brands oils so far and a few are hit or miss but this one is one of my favorites by far. The scent is light, clean, and with a very fair hint of floral. Honestly, it smells like playdough and I'm not sure why. The ingredients are clean and I haven't noticed a single breakout regardless of how thick this oil is. As seen in the video it leaves a gorgeous dewy sheen to the skin so I would recommend this for either nighttime or for those who really love natural glowy makeup looks without foundation. My skin drinks this stuff right up!",1602710308400,False,0
AGWF6BTLJVQQ2N2R5PKNJOLY65GQ,B08DX9P6V1,3.0,The scent is too much,"While a lot of people have an issue investing in skincare I think it's one of the luxury things I like to splurge on. In my quest for switching to more natural skincare I came across this brand and wanted to try everything. This serum absolutely feels luxurious down to the packaging. The serum is lightweight and does NOT clog pores at all. It dries within a matter of seconds without leaving the skin feeling tacky. I notice an overall tightening due to the retinol in the product which lets me know it's working. However, the rose scent is painfully excessive. I have to hold my breath while applying because it will cause me a headache until it dries down, for that I had to take off a few stars. Overall the serum does seem to work well enough to replace my drugstore brand retinol.",1602709937527,False,0
AGWF6BTLJVQQ2N2R5PKNJOLY65GQ,B088PYN4VM,1.0,Dangerous,"This kit felt very cheap and dangerous. You really get what you pay for. The combs teeth were bent on both sets and very flimsy. The thinning sheers appear to have either been used or just made really poorly. They ripped my hair all the way down, and the scissors were not aligned at all so I couldn't use them. The blades on all the tools were very ragged and just felt cheap. I would not recommend this set to anyone with safety in mind.",1600554439026,False,0
AF4T3AQXLGSWBXPJV3RI2DBPEYUA,B0B4VHNL46,5.0,I love this brush.,"This brush is literally perfect, I like how lightweight and easy to handle it is, very comfortable and the design is cute. I use it all the time wI blow dry my hair and my hair looks great",1661548054254,False,0
AF4T3AQXLGSWBXPJV3RI2DBPEYUA,B09B7F54K1,5.0,So cute..,"This set of hair accessories is so lovely, I really love it.The quality is just amazing, so accurate  and well made, I appreciate this handmade effort, so unique and cute.All are very beautiful and perfect for little girls",1636604404328,False,0
AF4T3AQXLGSWBXPJV3RI2DBPEYUA,B08XZDXTG2,5.0,Pretty good anti aging facial masks..,"These face masks seems to be really good for now for me skin,it moisturizes and hydrates very well and I really like how my skin looks and feels after using this mask.I have a sensitive skin but I didn’t notice any irritation or redness,good product.",1622065988501,False,0
AF4T3AQXLGSWBXPJV3RI2DBPEYUA,B08XQYZWCS,5.0,It helps me to feel asleep..,"This overnight collagen is really good and helps me to feel asleep so fast,I'm very impressed.I like enjoying it with hot water around 30 minutes before I go to bed and also it is great because it contains collagen which is amazing for the joints skin,nail and hair.A really good overnight collagen.",1621728456431,False,1
AF4T3AQXLGSWBXPJV3RI2DBPEYUA,B08VQY1Z1S,3.0,Could be a really great product..,"This seems to be in general a nice face serum,which moisturise my skin very well.It is a 7 day serum set so one ampulla for each day and it seems to be a little expensive for a one week set,but I actually can notice the improvements so you can use it from time to time to keep the results.But the biggest problem is the glass packaging,you can actually cut yourself or get some glass inside of the ampulla and apply it to your face if you are not very careful with it.",1620867398285,False,0
AF4T3AQXLGSWBXPJV3RI2DBPEYUA,B08XXKYTP5,5.0,So far so good..,"This scalp therapy set seems to be good for now and hopefully it will help me to grow a thicker hair.I’m using this product for a while and I can see that it definitely does a good job,the areas where my hair was really thin now I can see how it gets stronger.To notice a big difference it should be used for a longer time and I’m pretty confident that it will work.The quality is impressive and everything seems to be well made.",1619799115521,False,0
AF4T3AQXLGSWBXPJV3RI2DBPEYUA,B07SLFWZKN,5.0,I love it...,"This keratin set really impressed me,I never thought I can see such results with a home keratin treatment.I did it just ones and it’s been almost a month and my hair still looks great.It definitely makes my hair shinier,healthier and smoother,I love this treatment and definitely recommend it to every woman who is wondering to have a good looking hair .",1615946662125,False,0
AF4T3AQXLGSWBXPJV3RI2DBPEYUA,B083BGCKLF,4.0,Good but doesn't clean pores really well...,"This mask is not the best but also not bad,I thought it will clean the pores visible but it didn’t,but still good as a hydration for the face.It feels smooth and makes my skin softer.",1615603903996,False,0
AF4T3AQXLGSWBXPJV3RI2DBPEYUA,B08L4HTQ3R,5.0,Balancing clay mask,"This clay mask works pretty well for my skin,after using it I feel that my skin is less greasy and shiny.I apply it properly all over my face and wash after it dries,but make sure to wet you skin and wait for couple of seconds until the dry clay will become wet so you can easily wash it away without damaging the skin.In general everything is good,great consistency the smell is also satisfying.",1614566935149,False,0
AF4T3AQXLGSWBXPJV3RI2DBPEYUA,B07YV9J2YZ,3.0,Too big..,"Those headbands are pretty but way too big for me, not stable and fall from my head.Also not very comfortable I guess it is because they are too bulky.In general look nice and cute.",1614294627012,False,0
AF4T3AQXLGSWBXPJV3RI2DBPEYUA,B08PQMJRZZ,3.0,Not as good as I wished!!,"I love headbands,I use one of mine every day when I wash my face or apply some masks,so I decided to have some extra because they are pretty useful,but I didn’t like them as much.They are pretty small,thin and kind of too childish,but are really soft.",1612575959809,False,0
AF4T3AQXLGSWBXPJV3RI2DBPEYUA,B08HGZXLP6,5.0,My favorite!!,"I really love those bottles,I first ordered a set of 2 then I received them and I was in love,so I decided to order some more.First of all the quality really impressed me,it is a strong glass bottle which will serve you for a long time,it also comes with a lot of accessories.I use them in my kitchen and also for cleaning around the house.So satisfied!!",1612575798318,False,0
AF4T3AQXLGSWBXPJV3RI2DBPEYUA,B08HGZXLP6,5.0,Very useful!!,"Those empty amber glass spray bottles are really good and very useful around the house.You can use it for everything,for cleaning or storing something.The quality is really great,good glass,and it also comes with a lot of awesome accessories.",1611847375323,False,1
AF4T3AQXLGSWBXPJV3RI2DBPEYUA,B08JP74M51,4.0,Casual hold.,"I got this for my husband to give it a try and after using it couple of times he said it works well for him.It gives a casual hold,he wished it would hold better because he had a very thick hair which is kind of tricky to style.The smell is very good and the product in general is satisfying.",1609796905664,False,0
AF4T3AQXLGSWBXPJV3RI2DBPEYUA,B089NJG212,4.0,Really good for summer time!,"This cushions is really good for summer because usually when it’s hot outside you want a easy foundation which will make your face feel lightweight and breathable and this cushion does this job really well.I like the color and the texture of it,I usually apply a thin  foundation which wouldn’t make me look artificial or a cushion like this and this one is pretty good.I really appreciate the SPF protection,I really need this because I live in Florida and the hot sun here is all year around.Everything is great about this cushion but I feel that it makes my skin look shine and I don’t really like it,but besides that everything is perfect.",1608131151967,False,0
AF4T3AQXLGSWBXPJV3RI2DBPEYUA,B08DD6BFFM,4.0,A great product but sadly it didn’t work for my skin!,"I like they're products,I had before a spf cream which I really liked and I decided to try this face toner.The toner in general seems to be great,doesn't contain any fragrance or alcohol which usually other toners do,is very gentle on skin and also the bottle is pretty big for the price.Unfortunately it didn’t work out for my skin,after using it around a week I noticed that it blocks my pores and causes the appearance of acne,I see it is oil free so I have no idea why it’s happening,it maybe just my skin.It may definitely work for people who doesn’t get easily break outs,because the product in general is good and I know this company makes great product.",1605645377957,False,2
AF4T3AQXLGSWBXPJV3RI2DBPEYUA,B08BB3P4VQ,4.0,Love the ingredients.,"This lotion has definitely the best ingredients and all are very clean(100% natural,vegan,no parabens and hemp extract)I’am very satisfied with that and I like this body lotion.I like the consistency it is not greasy is very thick and moisturize my skin very well,I live In Florida and for me is very important to have an easy body lotion which wouldn’t make me feel greasy.The only thing I can’t get over it is the smell,I know it is because all the products are natural and it doesn’t have any fragrances but it is so strong for me.I can recommend this product it is a great moisturizer!",1602124746750,False,0
AF4T3AQXLGSWBXPJV3RI2DBPEYUA,B07D5FBFQ4,5.0,It is a coffee scrub for sure!!!,"I love the smell of this body scrub.The combination of those ingredients are amazing:ginger,coffee,sea salt and cardamom,this blend is perfect,what can be better?I’m very satisfied that all the ingredients are natural and it is a paraben free product.The scrub in general does it work great,I can’t say anything right know about cellulite but it burns(a little bit,as it should) and I’m very excited to see the results in couple of weeks.Also the smell is very good,for coffee lovers this will be a pleasure to apply this scrub.",1600911959648,False,0
AG7JCEMC64AM7JPATDVGP6YZOTXA,B0BTTRRH98,4.0,Nice Brush | Similar To We Love Doodles & Chris Christensen | Cats Love It | Easily Removes Hair,"If I didn't already own & love my ""We Love Doodles"" brand of big slicker brush, I would have rated this brush at a full 5 stars. Mostly what I don't care for this brush vs Doodles is the handle. It is a little more narrow so it's a teensy bit less comfortable to hold. I have carpel tunnel. I've been grooming cats furever & grooming English angora rabbits for well over a decade.<br /><br />🐱For short & long haired cats, this brush works great. All of my cats love this brush & my Doodles brand. I can comb all of them except for my 14yo with a surprising amount of pressure & they roll around purring. Tons of hair gets picked up into the tines. Unlike some styles of brushes & combs, no hair is left behind around the tail area.<br /><br />Removing the hair from the brush is very easy. Start at one side from the bottom to loosen & then move to the other side. Keep working your way around & it comes off in a nice clean loose mat. I actually prefer these types of slicker brushes over self cleaning brushes & also over brushes with the little plastic beads on the ends. If you groom your animal properly, you don't need little balls on the ends of the tines. Those balls also make it a little harder to get the brush fully clean of hair.<br /><br />Cosmetically, I like the look of the brush much better than my Doodles brush. This is all black with a more classy branding in small white text on the head. We Love Doodles is blue & loudly brands itself on the head.<br /><br />🐰I don't recommend this style of brush for English angora rabbits. I have found that my bunnies seem to be more comfortable with smaller slickers with shorter tines. You'd think with their dense long coats, you'd want something large with long tines, but it really doesn't work out like you'd expect. At least for me it doesn't.<br /><br />🐰Recommended for English Angora Rabbits:<br /><br />🐇Doggy Man sells a small soft slicker brush that my angora rabbits love. It's plastic with a little blue ring on the handle. I have purchased/replaced many of them over the years (the handles tend to break over time) because they work well.<br />🌐 https://smile.amazon.com/gp/product/B001NLVFH2<br />🐇I also recommend if money allows, a small slicker brush by Chris Christensen. I've never needed to replace it.<br />🌐 https://smile.amazon.com/gp/product/B00GU7NKWW<br /><br />Personally, I'd shop between this brand (Rita's), We Love Doodles, & Chris Christensen. Chris Christensen is top of the line. They are worth it if you have the money. We Love Doodles has been the middle ground for me. They were originally priced at $50, but the price has been a lot lower for a while now. Rita's is currently the second most expensive & probably the lowest quality of the three brands. However, I've been using it for the least amount of time, so it's too early to know for sure. So far I like all three.<br /><br />Chris Christensen: Made in Germany $75.99<br />https://smile.amazon.com/gp/product//B00KAJTPZ2<br /><br />We Love Doodles: Made in USA $29.99<br />https://smile.amazon.com/gp/product/B09G981NXV<br /><br />Rita's: Made in China $36.99",1656002296946,False,1
AG7JCEMC64AM7JPATDVGP6YZOTXA,B0B5X48DZR,4.0,"Attractive Comb, Works On My Long & Short Haired Cats (Long sparse teeth comb)","I ordered the "" Long sparse teeth comb"" with my long haired cat in mind. I was worried the teeth would be too far apart, they're not. What is surprising is that this even works on my short haired cats. It pulls out loose fur just fine & my cats enjoy the way it feels. It does pull my long haired cats fur. She doesn't put up a fuss. Just purrs, cries at me if it hurts & continues to purr & reaches for me when I stop.<br /><br />I'm a big fan of getting away from plastics whenever possible. The comb is attractive & looks nice left out on my coffee table. The downside is that the handle is very thin & is pretty short. I have very small fine boned hands (I'm a wee Irish lass) & need to have my fingers at the comb for comfort & control. If you have large hands, I'm not sure this will work. Also, because it's not ergonomic it's really only good for short periods of use esp. if you have carpel tunnel like I do.<br /><br />In summary, I like the comb even though the quality could be better. A wider, longer more comfortable handle made with a stronger wood would have been pawsome. But for a casual grab to comb a visiting fur baby while I'm on the couch - it's purrfect!<br /><br />Made in China.",1650219651737,False,0
AG7JCEMC64AM7JPATDVGP6YZOTXA,B0BN12F234,5.0,Gets Hair Clean Without Stripping (Revitalizing),"I'm generally not a fan of shampoo/conditioner bars, but seeing the good reviews & safer seeming ingredients I figured I'd give this a go. I ordered the ""Revitalizing"" for my very long straight hair. I don't dye my hair with traditional dyes. Instead I use pure henna to stain my greys. I also wash my hair every other day.<br /><br />This doesn't feel like it's doing much because it doesn't produce much of a lather. The first time, I used too much. Not a big deal though. My hair wasn't stripped. It just took a little longer to rinse out. My hair is nice & clean after using. The smell is nice thanks to essential oils rather than toxic fragrances/perfumes.<br /><br />I've also tried this brands conditioner. I still prefer liquid conditioner. I occasionally use the conditioner bar. Mainly, I use this shampoo bar with my traditional natural liquid conditioner.<br /><br />Packaging is minimal & plastic free - Zero Waste.<br /><br />Overall, I am pleasantly surprised & generally happy with it.<br /><br />Made in Brazil.",1641668594805,False,0
AG7JCEMC64AM7JPATDVGP6YZOTXA,B0BN113VWD,4.0,Almost Perfect (Ultra Moisturizing),"I'm generally not a fan of shampoo/conditioner bars, but seeing the good reviews & safer seeming ingredients I figured I'd give this a go. I ordered the ""Ultra Moisturizing"" for my very long straight hair. I don't dye my hair with traditional dyes. Instead I use pure henna to stain my greys. I also wash my hair every other day.<br /><br />This doesn't feel like it's doing much & the first time, I used too much as a result. It works nearly as well as traditional liquid conditioners. I've noticed that my ends tangle easier when using this vs. my usual eco friendly conditioner. So, it's not perfect, but it's pretty close.  The smell is nice thanks to essential oils rather than toxic fragrances/perfumes.<br /><br />Packaging is minimal & plastic free - Zero Waste.<br /><br />Overall, I am pleasantly surprised & mostly happy with it.<br /><br />Made in Brazil.",1641668220080,False,0
AG7JCEMC64AM7JPATDVGP6YZOTXA,B08MRRNL18,4.0,Emphasizes Lashes For A Natural Look,"This goes on nice, doesn't clump at all even after a second or third swipe (to try to separate my lashes, not to add more; one swipe offers enough coverage). No big lift or length, but it still adds more than what my middle aged lashes have on their own. Overdone lashes would look silly on me anyway. This provides a natural look. No irritation & easy to wash off.",1615134299267,False,0
AG7JCEMC64AM7JPATDVGP6YZOTXA,B07W1WJZFG,3.0,"Unscented, Seems Decent, Not 100% Sure About Ingredients","I looked up the ingredients for this product at the Environmental Working Groups (EWG) Skin Deep data base & the following ingredients either rated as not green or I couldn't find them (0=green or safe, 10=red or dangerous):<br /><br />CYCLOPENTASILOXANE (3) - Persistent, bioaccumulative in wildlife, classified as expected to be toxic or harmful, uterine tumors in female rats, increased anogenital distance observed in rats at a moderate dose, moderate dose in rate suggested dopamine D2-receptor behavior on pituitary cells, suspected to be an environmental toxin and be persistent or bioaccumulative.<br />POLYSORBATE-60 (3)<br />DIPEPTIDE-3 AMINOHEXANOATE - Can't find this ingredient on EWG.<br />ACETYL ETHYLHEXYLGLYCERIN - Can't find this ingredient on EWG.<br /><br />I looked up DIPEPTIDE-3 AMINOHEXANOATE on DuckDuckGo & I guess it's a new skin ingredient. It might be why it & ACETYL ETHYLHEXYLGLYCERIN are not on EWG as they haven't been evaluated for safety. I really don't know though, it's just speculation on my part. As for safety, who knows? I rely on EWG to let me know. This is frustrating.<br /><br />I've used this several evenings as a night cream & I like it, but I don't love it. I heat my home exclusively with a wood stove. Even running humidifiers & essential oil diffusers 24/7, the air is painfully dry. So far this cream seems pretty good on my middle aged skin. The funny thing is, out of all the various brands I've tried on my face, a little known handmade brand has by far served me best. It's a brand called Eruzile or Progress in Health. They have two names. I don't know why. It's really annoying. They are on Etsy & last I checked, have their own website but for some foolish reason, it seems to be more expensive to shop at their website. And to be clear, I am not affiliated with them, I'm just a long time customer. Another brand I like but it is ridiculously expensive, so I hardly ever buy it is Juice Beauty Stem Cellular. You can get it right here on amazon.<br /><br />Okay, back to this brand. It is a light/thin feeling cream. Not greasy. It seems to absorb well. My skin does feel a tiny bit tight when I get up in the morning. I find a few spritz with rose water helps. This is packaged in a glass pot that you use your fingers to apply. A little plastic in the lid, so not Zero Waste, but not bad. It is not scented. It does have a smell as is normal because the ingredients will have their own smell to them, but when applying I don't notice the smell, so calling it unscented or fragrance free is more than reasonable. I only notice its smell if I'm practically sticking my nose in the pot & inhaling deeply.<br /><br />For me, this isn't moisturizing enough for the dead of winter, but for spring & fall I expect it will serve me fine.<br /><br />Overall, I would have rated this higher if not for the ingredient concerns.",1612028329379,False,0
AG7JCEMC64AM7JPATDVGP6YZOTXA,B07D5FBFQ4,5.0,"Using In Soap Making: Robusta & Dead Sea Salt - Cinnamon, Ginger","I initially tried this as a body scrub. I find it is too dry & too much got wasted to be effective.<br /><br />I make my own cold process milk soaps & thought I'd give this a try that way. I make up my batch & mix some of this into part of the batter to do a layered swirl mix as to not over power the soap & make it too gritty. The bars look great & smell great, plus there is the natural exfoliation which is wonderful for the hands as well as the body.<br /><br />I personally love this as a kitchen hand soap because it really helps to remove cooking smells from the skin. Plus, the granules make for a wonderful, although brief hand massage.<br /><br />No toxic fragrances or perfumes, just natural safe ingredients.<br /><br />Overall, I am more than pleased.",1600794061770,False,0
AG7JCEMC64AM7JPATDVGP6YZOTXA,B08B5FJMHM,5.0,"So Far, So Good","These have been working well so far. I mainly ordered them to scrub my face so my tinted moisturizer goes on more smoothly. I have combination skin that has both black & white heads plus dry skin. When I ordered these, I expected them to be half the size. So for my intended purpose, they are a bit of overkill. Once they are fully wet, they get a lot thicker & fluffier. In order to get my nose properly scrubbed, I bend the loofah & use the bent edge. It works.<br /><br />I hang these to dry on a copper rod that is just small enough to accommodate the little hanging loop that these have on them. This then hangs in front of a window which gets a lot of sun. It's a great way to get them to dry & to help fight bacteria.<br /><br />I hope they are 100% natural. I read in one of the questions that it has a foam core. I'm not too sure what to think of that. Really, with all the Chinglish & poor spelling, what should one think aside from, ""Oh, it's yet another made in China item being sold on amazon."" For the record, these loofah's will not ""remove horniness"" OMG, they really need to get someone to clean up their listings LOL!<br /><br />Overall, I'm really surprised by the quality & the size of these esp. after the lack of quality control in the listing. When you order stuff online, you never know what you're going to get. Time will tell how long they hold up for. I expect/hope they last a long time.",1598564182499,False,0
AG7JCEMC64AM7JPATDVGP6YZOTXA,B089CSF11Y,5.0,Beautiful Upgrade for DIY from Polluting Plastic Bottles,"This is the second set of spray bottles of this type that I have ordered. Each set has been from a different brand/seller. They both perform exactly the same. I use them to make my own household cleaners, room sprays, toilet sprays, etc. I'm not a fan of our cultures plastic addiction & try to reduce my impact on the planet when I can. Running my own eco family farm full time helps considerably ;)<br /><br />I like everything about these bottles except for the same exact thing I don't like about my other set of bottles, the spray head rotates easily. It doesn't unscrew, that's not what I'm talking about. It's the spray head itself. I think if the bottle wasn't so heavy this wouldn't be an issue, but when spraying downward, the bottle will move due to the weight. If I hold the bottle with one hand, while spraying with the other, all is well.<br /><br />A possible solution to this might be to purchase these 16 oz amber glass bottles separately, then purchase a separate pack of very highly rated, top quality spray nozzles & a sheet of labels to see if that helps. Perhaps these sets are being sold with lower quality spray nozzles. I really cannot say. I currently don't have a need to order a bunch of bottles in this size & enjoy the convenience of having a ready made kit of 2, so for now, I'm happy enough with what I have.",1598199782505,False,0
AG7JCEMC64AM7JPATDVGP6YZOTXA,B08BY9P4HR,4.0,Nice Bamboo Brush but Bass Brush Is Better,"I like everything about this brush except for the handle which is much too short in my very petite hands. I cannot even imagine someone with average or large hands trying to hold onto this. Perhaps the issue is that I have very long, nearly to my butt straight hair, but I somehow doubt it. While this is a nice brush, Bass Brush is still the winner (link: https://amzn.to/2Y72DVJ)<br />The comb that comes with this is plastic. Not my thing at all. I wont be keeping it.<br />I'm keeping this brush in my vehicle, using my Bass in my home where my hair is brushed most often.<br />Overall, would have been a great brush if the handle was longer.",1597761631849,False,0
AG7JCEMC64AM7JPATDVGP6YZOTXA,B081D2R47W,2.0,Very Pretty Victorian BUT Need To Off Gas - Wont Order Again,"These are so pretty & very nicely made. The big problem is the horrible toxic chemical odor. These need to off gas outdoors for at least a week. If the weather holds, even longer is better. I let them sit in my hay barn for 2 weeks before using them. They hold my very long straight hair well & do not tangle. They are even packaged in a tidy little round plastic case with a screw top lid. There are 2 of each of five different subtle & soft colors. The smell though, OMG, for that, I wouldn't order these again.",1597622537174,False,0
AG7JCEMC64AM7JPATDVGP6YZOTXA,B07YG4PRTN,5.0,Love Love Love!,"Here is one of those items that I didn't know I needed until I saw it. Harry Potter eye/lip makeup brushes? Sign me up! I ordered these in New-Bronze. These brushes are so well made I'm really impressed. The handles should last forever. They have a decent amount of heft to them. Obviously the brushes wont last as long, but right now, I'm not using them, LOL! I just wanted them, because you know, Harry Potter & therefore I had to have them. Impulse ordering at it's finest/worst? They even come with a velour drawstring pouch with the Storybook Cosmetics logo. If you are thinking about getting these as a gift for a HP fan, yes, get them.<br /><br />Overall, I am more than pleased.",1597171829247,False,0
AG7JCEMC64AM7JPATDVGP6YZOTXA,B07WS2XQQM,5.0,Great For Men's Blends,"Cajeput Essential Oil (EO) is great in blends for men. My men's milk shaving soap is one of my best sellers at the farmers market.<br /><br />I've been using EO's for well over a decade. I use them in my own skin care products such as lip balms & creams plus my own milk soaps, bathroom sprays, fungal salves, & even blends for treating my farm animals. I never use toxic fragrance oils or perfumes. When I switched to an organic natural lifestyle, my health improved dramatically. I highly recommend essential oils over the toxic man made crapola.<br /><br />Overall, I am more than pleased.",1595289695296,False,0
AG7JCEMC64AM7JPATDVGP6YZOTXA,B0876L7BWM,5.0,They Work Great,"These perform very well. I use them to make my own essential oil (EO) bug sprays, after sun sprays, room refreshers, etc. They are small, spray well & don't leak.<br /><br />The small size is great for portability. I take one of my bug spray formulas outside with me for while I work on my farm. Because I only use EO's the effectiveness wears off much faster than synthetic products. I keep the bottle on me to respray as needed. I have a bottle in my purse with a germ fighting blend for when stores are out of the cart wipes. I even made up a bottle of toilet spray. I use peppermint EO for that.<br /><br />The funnel has a very narrow spout making pouring a slow processes but it keeps me from accidentally over filling the bottles. The tube that goes into the bottle is plenty long. It actually curls up in a C on the very bottom of the bottle. You can cut it if you want, but I leave it as is, I think they function better with the long tube. The stickers are a bit of a joke. I can't really fit ""Bug Spray"" on one tiny label. I'd have to write ""BS"" so I write ""Bug"" instead or ""Sun"" for example. It just barely fits.<br /><br />Overall, great little spray bottles that suit my farm girl needs.",1594063246762,False,0
AG7JCEMC64AM7JPATDVGP6YZOTXA,B07DKRK8ZW,5.0,Great For Guests,"I ordered these for when I have guests on my eco farm. I'm not a fan of plastic toothbrushes & have been using bamboo toothbrushes for many years now. It is interesting to see folks reaction to these types of toothbrushes. I know I've managed to convert some over to bamboo, but not everyone. The mini toothpaste is nice & minty, providing a good, refreshing cleaning.<br /><br />Overall, I am more than pleased.",1593902352487,False,0
AG7JCEMC64AM7JPATDVGP6YZOTXA,B08532CNY7,5.0,Beautiful - Using It In Promotional Photos,"I run my own eco farm full time. I ordered this because I thought it would work really great in some photo props & it does. The ""leather"" sections are synthetic but still look good. The beads are wooden. There are two dyed green pheasant feathers & some really excellent quality rooster saddle feathers. The two silver beads that you use to adjust the size of the headpiece are plastic. The dream catcher section feels like cotton, it is a pretty blue color that compliments the peacock feather perfectly.<br /><br />It's very earthy & very natural, just what this dirt loving tree hugger farm girl loves.<br /><br />Overall, I am pleased.",1592682389378,False,0
AG7JCEMC64AM7JPATDVGP6YZOTXA,B001FT5DMU,2.0,Save your Money,I am really big on Organic & safe products.  I was very excited about this lip amplifier having given up on them when I discovered how toxic they were.  Sadly this product turned out to be a big disappointment & I will not purchase again.<br /><br />The only thing to like about this product is it's good safety rating in the EWG Cosmetics Database & it provides a nice shine.  That's where it ends.<br /><br />It smells unpleasant.  It is very very watery & thin.  It says to apply generously.  If you try to do that it will be all over your face.  It does not last long & it is not moisturizing.  It does not plump the lips(I have yet to find a product that does) & it is not the best tasting.<br /><br />Save your money.  It is wasted on this product.,1304011202000,True,1
AFGCJIO7DNVCCZPG4KVMKKXVPJLQ,B09NFKDCPG,4.0,"Easy enough to use – no bubbles without heat, though – Gets HOT!",This thing is pretty nifty.  I do feel that the machine gets hot super-fast – like super-fast.  And I never have to turn it higher than low for the heat – it is that hot.  Can not imagine using it hotter actually. At least I can turn it off if I feel it is getting to hot for me.  But that is where the one missing function is really glaring.  You can not use this thing with just bubbles.  Now at first that doesn’t sound bad at all.  That is until you feel how hot the water can get.  You only get just heat alone or heat and bubbles – again – no JUST bubbles…<br /><br />Being collapsible makes it easy to put away and store.  The remote control is easy enough to use but tends to fall off when you store this – so just be sure not to misplace it.<br />I hope that you have found my review “helpful”. : )  Enjoy your day! : ),1660680346207,False,0
AFGCJIO7DNVCCZPG4KVMKKXVPJLQ,B0943TKSQ9,5.0,Seems very nice - Easy enough to use,"This bottle is a nice bottle as it is glass and looks pretty classy.  I do wish that the spray was a much finer mist but then again, they do not want you to get it into your eyes or inhale it – so that may be why it is not so fine.  The bottle and box have two languages on them – one being English.  The bottle and box have directions as well as warnings.  Pretty much avoid the eyes and let sit on skin for 6 to 8 hours.<br /><br />I like to use it a bit before bed.  I make sure to close my eyes until all mist has landed.  I also make sure my face is dry before I hit the sack.  There is also no scent whatsoever really.  I like that.  I can not attest to any effects it is actually having thus far but I am a big believer in trace minerals and metals being added to your diet and routine in micro doses and this fits the bill.<br />I hope that you have found my review “helpful”. : )  Enjoy your day! : )",1656096750324,False,2
AFGCJIO7DNVCCZPG4KVMKKXVPJLQ,B09NFQ69KT,4.0,Product doesn’t say it is Vegan : (,"The listing says the product is Vegan but nowhere on the box or product does it state that.  I am not a scientist so am unsure if it truly is.  My experience – especially with most beauty products – is that if they are Vegan they definitely like to tout it on the product.  I am going to assume it is – but it should still say it clearly on it...<br /><br />It is black – so it is definitely “a look” for most people.  If you are goth or something – you will probably love it.  I got it mostly for Halloween.  Especially as it is matte – I can use it on my face as a whole to help with my costume– and not just on my lips.  It is easy to apply and actually applied VERY precisely.  If you wear it alone it is sort of dry on the lips – but not as dry as some others out there.  I like to add a slight layer of a balm first – just to give me some hydration.  It still comes off very matte that way but maybe doesn’t wear as well for longevity.  Even then – it didn’t come off on my teeth – just slightly on a cup I was drinking out of.  Not terrible at all though.  It has a slightly vanilla like scent to it.  It is pretty nice.  It sort of stayed put but was also easy enough to wipe off with a paper towel and some pressure.<br />If you found my review helpful, why not click the “helpful” button. Thanks! Enjoy your day! : )",1642112306125,False,1
AFGCJIO7DNVCCZPG4KVMKKXVPJLQ,B09GVHT2D3,3.0,"Decent enough box of goodies - was expecting more from it, though","This is cute enough and I am sure if you gave it as a gift a recipient would be appreciative.  I have a problem in that NONE of the contents have ingredients listed, though.  So, although the soap looks beautiful and fancy – I do not know what is in it or what it is made of.  Same goes for the bath bombs – no ingredients whatsoever.  (One I like the smell of – the other not so much.)  Because of this these items definitely come off dollar store-like.  The wine tumbler seems well made and comes with a straw and straw brush.  The candle says it is soy wax which is nice but to me it smells terrible.  The weird part is that the gift box comes with a plastic wine topper.  Now the wine bottle topper “looks” nice but it is 100% plastic – worse than dollar store...  It also comes with what looks like a random decorative metal key that serves no function and does not go with the contents at all.  Yet it is a bottle top opener – for beer…  That is so weird to me and I will be taking this out before gifting this gift set as no wine I know of has a pop top – twist off sure – but beer cap?  For the price, they need to truly step it up in regards to the contents - include ingredients and include a better wine stopper.<br />If you found my review helpful, why not click the “helpful” button. Thanks! Enjoy your day! : )",1636141996506,False,1
AFGCJIO7DNVCCZPG4KVMKKXVPJLQ,B09BHYLV45,2.0,Assembled terribly - has/had potential : (,"The pictures in the listing make this look soooooo pretty.  Upon arrival I thought it looked cute enough, but then I actually tried to use it and it is not so great at all. : (  First, I hate the comb – but it is able to be used – but barely.  It is comprised of looped wire.  It is actually pretty short tines considering this piece is so long too.  It really needs a better comb with longer and sturdier tines – even a simple plastic one would have been better – to make this sturdy and stay in your hair.<br /><br />The worst thing, though, is the way that it is assembled with the flowing crystal wires.  Mine was assembled very poorly and because of the way it is wired – the “flowing” crystals all severely hang to the right side.  It looks TERRIBLE. : (  It looks like my hair has somehow caught on the thing and is just pulling it to the side of my head.  If it were wired well and things balanced in the middle properly – it would probably look very nice.<br /><br />I may have to end up trashing this but I am going to get out my jewelry tool kit and attempt to clip the wires, reposition, fix, and rewire this thing.  Then again – it may not be worth all the trouble.  As it is it is completely unusable and unwearable…<br />If you found my review helpful, why not click the “helpful” button. Thanks! Enjoy your day! : )",1632946245696,False,0
AFGCJIO7DNVCCZPG4KVMKKXVPJLQ,B086N2SY91,3.0,Pretty but Catches and pulls out a lot of hair,"This blingy headband is so pretty.  It makes me feel like I am living as a tudor or in elizabethan or renaissance times or something.  Would actually look great wearing to a Renaissance Faire.<br /><br />The problem is that the thing is not made in the best way.  First, when it arrived, it had already lost a stone – although it was floating around inside the plastic bag.  Try as I might, I can not get it to reattach as I think the prongs are now broken.  I will try instead to glue it back in.  Makes me wonder how long it will take for the other stones to also fall out…  Usually with jewelry, it is preferable to have prong set stones but apparently not in a headband as all those prongs grab and catch like every hair available on your head.  It pulled so much of my hair out when I tried simply removing it from my head.  (My pictures of the hair caught was AFTER I pulled most of the hair off the prongs.  It was easily 4 to 6 times as much stuck on it originally.)<br /><br />Because of the issue stated above I can only recommend for like one time use – knowing you are going to lose a bunch of hair because of it.  Otherwise I can not recommend. : (  Maybe if you have VERY short hair that has no way of catching…  (It also came with a freebie hair clip which I will give to a child and a sweet, cute paper origami heart - love that!)<br />If you found my review helpful, why not click the “helpful” button. Thanks! Enjoy your day! : )",1624292570809,False,2
AFGCJIO7DNVCCZPG4KVMKKXVPJLQ,B08QHP717Z,4.0,Very simple yet flirty,"These headbands are pretty nice.  I only have one bad thing to say about them.  The ends of the bands (which are wrapped in coordinating colored cloth which is awesome!) is squared.  This makes the ends of the bands - the actual edge of the cloth) poke at my ears and head when removing them.  Putting on was not a problem as I seem to be more careful.  Not sure if you are truly running around and active where they may continue to poke you through the day - have not worn mine long enough yet - and today is a calm day anyway.  Not sure why they made the pretty end so squared...<br /><br />Otherwise these headbands are very nice. Nicer than I though they would be.  I actually thought they may look far too childish but in actuality they are very nice looking - simple yet flirty.  They do not look infantile in any way.  They also fit pretty well and are comfortable to wear - except for the pokey bottoms.  I also thought that the colors would be an issue as I am not much of a pastel person but because they are thin it really is not an issue.  I think they will go along with a lot of clothes - even if it picks up just a hint of a color that you may have on.  Plus - even though the ends are uncomfortable - I LOVE that they are finished with the same exact color - most bands take the cheap way out and finish all the colors in black or something.<br />If you found my review helpful, why not click the ""helpful"" button.  Thanks! : )",1614289555351,False,0
AFGCJIO7DNVCCZPG4KVMKKXVPJLQ,B08PTZL95G,5.0,GOOD button placement - also stays put on your head due to fabric,"I like these mask headbands.  First - the button placement is PERFECT!  Some headbands have the buttons way too high to use - these are set PERFECTLY.  I LOVE that  The colors are pretty nice too - especially for office wear! Not sure how often I will use the print ones - but the other colors are perfect for the office.  And when I am going out with my mask on - I never leave home without a mask headband.  It makes life so much easier and the mask more secure and much more comfortable.<br />The material is GREAT for making sure it does not slip off your head.  The velour makes sure it stays put and grips your hair and doesn't move.  The buttons are very pretty, stylish, and very much color coordinated with some of the headbands.  The only thing - because the buttons are 'so nice' and sort of concave - once you stick your mask on the button sort of sticks out a bit - more so than a flat button.  BUT with that being said - it grips your mask securely.  Some flat buttons let the mask slip off sort of easily.  AND it is just a button so who cares if it does not lie perfectly flat against your head. I mean I am already wearing a mask - so how picky can I really be.<br />If you found my review helpful, why not click the ""Helpful"" button.  Thanks! : )",1611774994202,False,0
AFGCJIO7DNVCCZPG4KVMKKXVPJLQ,B08PPB3W6H,4.0,Good to not slip from your hair,"These headbands are completely necessary for me to live my life these days.  I tried other masks extenders but nothing either stayed put, was comfortable, or actually helped with my mask.  I have a few different types of mask headbands now - as I wear one every time I leave my house.<br /><br />These particular ones are pretty nice!  If you have a problem with slicker material ones slipping out of your hair - THESE will stay put due to the velour grip on your head.  They are not too tight either - some bands I tried squish your brain...  The buttons are also the NICEST buttons I have seen on a mask headband like ever.  The ONLY flaw with the pretty and matching buttons that are sort of concave are that because of their pretty design once you put your mask strap on them they sort of lift up and away from the band itself (because of their concaveness) - so sort of stick out a bit.  So the pretty buttons can be a flaw.  But they work just fine - and it is probably me being anal.<br /><br />The buttons are also at a decent placement.  I wish they were the slightest bit lower, though - as that works best for me.  As they are now they are still good - any higher and they would be pulling your nose up by your mask.  The colors (other than the wilder animal print) are muted enough to easily wear to the office as well.  A headband is literally part of my everyday office wear now.  Glad I can add these to my collection of bands!  If you found my review helpful, why not click the ""Helpful"" button.  Thanks! : )",1610473026937,False,1
AFGCJIO7DNVCCZPG4KVMKKXVPJLQ,B08KT7FCYY,2.0,Sketchy...  Ingredients?  Organic my eye!  For tea? - I don't think so,"First off for anything touting that they are Organic and then come in a non-descript bag - no ingredients, no country of origin or manufacture - no brand info, etc. that is SUPER sketchy.  Seriously doubt these are Organic - no marking as such - but there is no info whatsoever anyway - so who knows what is truly in them.<br /><br />I put a ball in my glass mug and poured boiling water anyway.  There is no ""flowering"" like you may get from flowering tea balls.  It just sort of filled the entire mug with flowers - petals and flowers.  Like the entire mug.  It was the consistency of a thick stew.  You might get a few sips for the space that is left after the flowers expand.  I was actually impressed with how much ""flower"" was there from that tiny and light ball.<br /><br />I sipped it and was snot impressed with the flavor.  Light at that and must have been chamomile as chamomile smells like chicken soup to me and I am not a fan of chamomile or this ""tea"".  It was the consistency of soup, though... a hearty chowder.  It was not fragrant in any way either so I think although you get plenty of flowers for a tub - you are defeating the purpose of adding fragrant flower petals to your bath.  Plus no ingredients anyway.  It seemed like all flowers - it really did - but I am not really sure what is in there.  Plus some people are allergic to certain herbs and flowers anyway.  This one is a bust...<br /><br />If you found my review helpful - why not click the ""Helpful"" button?  Thanks! : )",1610399200672,False,1
AFGCJIO7DNVCCZPG4KVMKKXVPJLQ,B08DK74M1P,5.0,Wipes are nice and good for the environment,"While these wipes are very nice plus good for the environment - they are probably not something you will use all the time - only because of their price.  I think these are good for one off things - like toting with you when you go camping or hiking or traveling or something.  Maybe to keep in the car - just in case (although heat will surely make them dry out).<br /><br />They are unscented - which I love.  I hate things that are loaded with perfume.  They work well to cleanse a particular area.  You can't use them for like a full body thing while camping in deep woods as you would have to use a few to get the job done.<br /><br />Overall very nice for the occasional usage - ALWAYS good to have!  They also left my skin feeling nice. Not drying - not oily either.<br /><br />If you find this review helpful - why not click the ""Helpful"" button?  Thanks! : )",1605305846635,False,0
AFGCJIO7DNVCCZPG4KVMKKXVPJLQ,B08KGVBW41,3.0,"Feels and washes lovely - smells like MEN'S COLOGNE, though :(","This wash is luxurious.  Just a couple of pumps was all I needed for my shower.  The directions say to use your hand and rub in but I used a pouf and it worked well.  The foam really is luxurious and goes a long way.<br /><br />My problem is the very strong scent.  In no way does it smell like mint or rosemary (two scents that I LOVE!).  To me, it smells like a men's cologne.  In fact it smells just like this hand wash that a male friend keeps in his bathroom.  I think guys would probably like this very much - me, not really.  The scent is also VERY strong while using - like VERY.  The good news is that it leaves just the lightest scent on your cleansed skin - thank goodness.  Just very light.<br /><br />It left my skin clean and soft.  Too bad I really do not like the scent as I will likely not be using it again. : (  Sad too as I truly appreciate how it is clearly marked Vegan as that is important to me.  If you found my review helpful, why not click the ""Helpful"" button.  Thanks! : )",1603327928290,False,1
AFGCJIO7DNVCCZPG4KVMKKXVPJLQ,B089ZQ8Y95,5.0,Well made bottles - work well,"This glass bottle set is well made and sturdy.  The mister/sprayers work well too.  I think they are far to pretty to use with general cleaning so instead with these pretty bottles I added some filtered water and essential oils.  This way I have a natural air spray and I can also use the spray on soft surfaces too.  Now my home smells fresh and lovely whenever I want to spritz.  The nozzle seems to work well too as some sprayers out there just make a wet mess everywhere - these do not.  They work and spray well.  Plus they are pretty enough to leave out and not hide away - I love that!<br /><br />I like that they come with a funnel, separate caps, and stickers for the bottle.  So great!  If you found my review helpful, why not click the ""Helpful"" button.  Thanks! : )",1601569961546,False,0
AFGCJIO7DNVCCZPG4KVMKKXVPJLQ,B08FGRH559,5.0,Ladies (and gentlemen) we have a clear WINNER here - FIVE STARS!!!,"OK - I have to say that since returning to the office and having to wear a mask for about 12 hours a day now - I have pretty much tried almost every mask ear protector out there.  The silicone or plastic things to go behind your head all suck so I moved on to headbands.  My first try in headbands were ginormous and looked like I was wearing a skull or surgical cap...  Other headbands were a bit snug and sometimes uncomfortable - sometimes the buttons were too high and sqooshed the mask onto my nose.  I am now an expert in all these products. : )<br /><br />With that being said - THESE HEADBANDS ARE, hands down, THE BEST OUT THERE!!!!  I recommend you grab some and use them in good health!  The colors may be a bit bold - that is totally true.  But the fit and comfort is totally top notch.  Even with wearing my hair in a pony, bun, or twist these headbands stay securely on.  Yet you do not feel them at all - it is literally like WEARING NOTHING AT ALL.  No pressure on your head at all - sometimes when I close my office door and take my mask off, I actually have to reach onto the top of my head because I feel nothing and want to make sure my headband hasn't slipped off - and it never does!  The buttons are also in the perfect position where you can even put the lower part of the ear loop on your ear if you wanted.  The buttons are not too high like some other headbands.<br /><br />THESE ARE PERFECT!!!!  If I could scream it from the top of a building I totally would.  I am in love with these headbands and they are far superior to any others that I have tried - seriously and truly.  TOTALLY RECOMMEND!!!  If you found my review helpful, why not click the ""Helpful"" button.  Thanks! : )",1601426117821,False,0
AFGCJIO7DNVCCZPG4KVMKKXVPJLQ,B01LXSWG49,5.0,"Smells nice, is easy to apply, and absorbs well.","I like this oil.  With skin care I try to stay as natural as possible.  As I have gotten older I also try to stay with pure oils as much as possible.<br /><br />Some people may think rosehip oil will smell like roses. It is not flowery - rather more earthy - more tea like, to me anyway.  I like the smell. Kind of fresh and earthy.  Not bad at all.<br /><br />This stuff goes on smoothly and easily and absorbs into my skin very nicely.  I don't use it during the day under makeup or to work as I have my sunscreen moisturizer routine down pat there.  But this is great for the evening or a weekend at home.  A little goes a long way as well so the bottle should last me quite a while.  It leaves my skin dewy and soft.  I really like it.  LOVE that it is ORGANIC and cold-pressed!  If you found my review helpful, why not click the ""Helpful"" button.  Thanks! : )",1600997353112,False,0
AFGCJIO7DNVCCZPG4KVMKKXVPJLQ,B08BLKFGND,2.0,NOT spirals in any way shape or form - but did a decent job making some body in my hair,"First off - how these arrive in the bag - like a little roll - is the way they will end up in your hair.  There is no way to make them spiral at all.  More like standard old school curls.<br /><br />I found them a bit hard to use as well - as I found it a big pain to get the stick through the curler.  I ended up squashing like four of five on the stick at a time (since that was the truly painful part) and then using it on my hair one after the other.  Plus even though I cut my hair to like shoulder length - these are actually pretty short - just for the ends of your hair really.<br /><br />With that being said - I tried these one night after a shower - letting my hair dry by at least half.  I put the curlers in while watching TV.  Left them in for like an hour, ran my hairdryer over them until my hair felt dry and took them out.  My hair definitely had some bounce and was sort of curly.  So if you are looking for body - these might definitely work.  If you are looking for tight curls (especially spirals) - probably look elsewhere.  On the plus side - for work the next day - my hair still had some body and felt thicker when I put it up.  So again - they did definitely add body to my hair.<br /><br />If you found my review helpful, why not click the ""Helpful"" button.  Thanks! : )",1599438103571,False,0
AFGCJIO7DNVCCZPG4KVMKKXVPJLQ,B087D1YQ2H,5.0,Do not need to top with moisturizer,"Unlike most other hyaluronic  acid serums, where you have to top it with a moisturizer or oil, this serum is great on its own.  It left my skin soft to the touch and slightly dewy.  I liked the result a lot.<br /><br />The first time I applied it I went sort of heavy with a few pumps as I applied it slowly.  But then I realized I just need one pump - and just needed to rub it all over my face and neck quickly as it dries pretty fast.  It does dry very fast.  But it does not leave your face sticky or anything .  Leaves it just feeling very nice.  No scent to it either - I love that!  I HATE beauty products filled with perfume.<br /><br />The only thing is this seems vegan - I just wish that it were marked as such, if indeed it is.  If you thought my review was helpful - why not click the ""Helpful"" button. Thanks! : )",1598747225879,False,1
AGJMUGA3ZLDJXI7HMYAZXXISE3UQ,B097Y9L3J8,5.0,Amazing,looks great. works very nice. easy to use,1640217444019,False,0
AGJMUGA3ZLDJXI7HMYAZXXISE3UQ,B08XYTTRPL,5.0,❤️,Love this<br />So soft<br />Stays in place<br />Lightweight<br />Doesn’t move much while sleeping,1627739300230,False,0
AGJMUGA3ZLDJXI7HMYAZXXISE3UQ,B08PFQGM81,5.0,love this,lashes look visibly longer. works great,1619544190149,False,0
AGJMUGA3ZLDJXI7HMYAZXXISE3UQ,B08R7BSGVH,5.0,perfect,looks great. sumdge free.,1618099340238,False,1
AGJMUGA3ZLDJXI7HMYAZXXISE3UQ,B08NP98555,5.0,perfect,works great came in perfect condition,1617323529812,False,0
AGJMUGA3ZLDJXI7HMYAZXXISE3UQ,B08P15TB2V,5.0,❤️💖,Beautiful colors<br />Love this set<br />Polish last a long time also<br />I’m all into doing my own nails now and this is perfect,1613017191286,False,0
AGJMUGA3ZLDJXI7HMYAZXXISE3UQ,B08QFGV5ZQ,5.0,Hair is really soft,Hair is so soft<br />Bundles are a little thin though<br />I will need to add in another bundle to get the fullness I like<br />Hair quality is great though,1610123768881,False,0
AGJMUGA3ZLDJXI7HMYAZXXISE3UQ,B08HZ5Y8RY,5.0,💚,Love these colors<br />Very happy with this set.,1609736316118,False,0
AGJMUGA3ZLDJXI7HMYAZXXISE3UQ,B08DKFV9SR,5.0,Perfect,great product,1605844492445,False,0
AGJMUGA3ZLDJXI7HMYAZXXISE3UQ,B08BXVGX6F,5.0,nice,good product.,1604515088464,False,0
AGJMUGA3ZLDJXI7HMYAZXXISE3UQ,B08FB48Q39,5.0,Cute,Super cute and stylist<br />Love it,1602416846907,False,0
AGJMUGA3ZLDJXI7HMYAZXXISE3UQ,B08BZ7S2ZQ,5.0,Too silky.,Delivery was fast.<br />Hair is a little too silky.<br />Thought it would be more coarse.<br />Not sure how it will look once installed but I’ll try it.,1600708606041,False,5
AGJMUGA3ZLDJXI7HMYAZXXISE3UQ,B07YBW9KTX,5.0,Great body wash!,Only used this as a body wash.<br />Love it.<br />Smells great.<br />Leaves skin soft and moisturized.,1575810475574,False,0
AGJMUGA3ZLDJXI7HMYAZXXISE3UQ,B07CPD7GMH,5.0,Amazing quality!!!,Just received my hair and I’m so happy. The quality is amazing. The hair is so soft I can’t wait to install. Hoping it washes well and will get back to it’s original state. Right now I’m very satisfied and happy.,1569372771247,True,1
AGJMUGA3ZLDJXI7HMYAZXXISE3UQ,B07QN8CGPL,5.0,Primer: works wonders!!!,Easy to apply and works great. Happy with the size of the bottle. Love it.,1564334289487,False,0
AGJMUGA3ZLDJXI7HMYAZXXISE3UQ,B07RJHQ2VZ,5.0,Love them !!!!,Omg my daughter Ioves them. She’s said they are so soft and the colors are beautiful. Will most definitely have a color to make different outfits.,1560556581176,True,0
AGJMUGA3ZLDJXI7HMYAZXXISE3UQ,B06XZ1TLFG,5.0,Love love love it!!!!!,Love this company and their products. Only company I order my hair from. This kinky curly hair is everything. I definitely recommend ordering. You will not be disappointed. Can’t say enough.,1531448398047,False,0
AHLZVZPQ5TWJ6KXNLADJBDZAT7EA,B09N9TZLG3,4.0,Cute tattoos,"This is a really cute pack of tattoos for kids. Has a wide variety of pictures and animals to choose from. My daughter whose 2 loves doing these. She loves helping apply them as well. It's very easy to do. Just cut out what picture you want, place on the skin and hold a wet rag over it for 15 seconds. She loves counting the numbers out loud. It's a fun little bonding activity we do together. The tattoos themselves look good once on. The coloring is nice and the pictures come out clear. Last anywhere from 2-6 days depending on your activities and water interaction. Otherwise they do wash off easy in the shower/bath with a little soap and scrub.",1652854845380,False,0
AHLZVZPQ5TWJ6KXNLADJBDZAT7EA,B09CDRB73V,5.0,pretty,"This is a very pretty hair piece. It is very simple and dainty. easy to put in and stays in place pretty well, especially if you bobby pin it in. Pretty for special occasions.",1638422965017,False,0
AHLZVZPQ5TWJ6KXNLADJBDZAT7EA,B095CG2ZV1,5.0,super strong smells,"these bath bombs are awesome because you can actually smell the aroma!! I have been disappointed with other ones because you can hardly smell them once they are opened or dropped into the water. These are strong enough that it lasts for a while. I also love the way these come wrapped and presented. Makes for such a cute gift. Could be a birthday, bridal shower, or new mom gift.",1633805159681,False,0
AHLZVZPQ5TWJ6KXNLADJBDZAT7EA,B098PY23L2,5.0,Beautiful,This is a Super pretty hair piece. Looks just like the display picture. Very shiny and bright.  Has a large clip and easy to stick in your hair. Perfect for weddings and other formal events. Very well made and Hugh quality. I’d recommend.,1629787521549,False,0
AHLZVZPQ5TWJ6KXNLADJBDZAT7EA,B095NNF26Q,5.0,So cute!!,These baby girl headbands are super soft and super stretchy. They feel like a good nylon material. They are so adorable and come with a wide variety of beautiful colors. You can literally match every outfit your daughter has! I would say these can go newborn to 10 months (depending on the size of your kids head).,1629785105037,False,0
AHLZVZPQ5TWJ6KXNLADJBDZAT7EA,B096XDXNY5,5.0,Beautiful,This hair piece is gorgeous. Really pretty details between the flowers and rhinestones. Easy to stick into your hair. It’s actually good size too. Larger than expected. The flowers are bendable as well. You can shape them in the direction you prefer. This would be nice for any dressy outfit or occasion. Feels well made and high quality. Haven't had any issues with diamonds or pieces falling out.,1626928855120,False,0
AHLZVZPQ5TWJ6KXNLADJBDZAT7EA,B0943P5CYB,3.0,Average.,So one of my bottles doesn’t pump. The second foundation I tried was okay. Color was a little light for me. But it did seem to apply and blend well. I don’t know if it’s just coincidence but my face seemed to break out a lot the following day. I do have sensitive skin so just caution on others who deal with the same issues. The brush that came with it was also just okay. Decent. Not top quality.,1625643823267,False,0
AHLZVZPQ5TWJ6KXNLADJBDZAT7EA,B08Y8723D6,5.0,Pretty,"I had to trim the bangs to fit my face, which is no big deal. The hair itself is decent quality.  It’s pretty shiny and silky. Doesn’t get tangled. No smell which is awesome!! The color is beautiful! Love the length and the light wave in the hair. Super cute. Overall it fits my head well and was pretty easy to put on.",1624129378341,False,0
AHLZVZPQ5TWJ6KXNLADJBDZAT7EA,B08T5LG5FT,5.0,Velvety soft!,I Am very impressed with the softness and quality of these brushes. The bristles are super velvety and smooth against your skin. I like the variety of brush styles this pack includes. I like the feel of the handles and the look of them. So far I’ve been happy with the make up application of each brush.,1622354591889,False,2
AHLZVZPQ5TWJ6KXNLADJBDZAT7EA,B08Q3F3L7S,5.0,Soft and nice,"Awesome set of towels!!! I always let my hair towel dry but get annoyed with using a full sized towel. They get heavy, bulky, and tend to slide off. These are so easy to use and don’t add extra weight to my head. I have shoulder length hair and these hold it perfect. The material is super soft!! Love the color selection in this pack!",1618101773404,False,0
AHLZVZPQ5TWJ6KXNLADJBDZAT7EA,B08VMYWFH6,3.0,Many pieces,So the hair quality on this is decent. It looks like tight curled hair that is silky. My biggest complaint is that I didn’t know it came in so many different pieces!! There’s like 10-12 different little pieces you have to clip in separately. Takes way more effort and time. I though it was all one piece.,1614794250058,False,0
AHLZVZPQ5TWJ6KXNLADJBDZAT7EA,B08CGXT68T,2.0,Bright colors and easy to use,These are cool for kid play or a fun dress up night. But they aren’t great quality. The hair looks cheap. Each strand is super long!! The pack comes with two of each color. They clip in really easy just like hair pieces. So easy it snapped into my infant daughters hair. I’ll save these in my costume box but don’t plan on wearing these out much.,1611550268706,False,0
AHLZVZPQ5TWJ6KXNLADJBDZAT7EA,B08JPKXJMV,5.0,Beautiful hair!!,"This wig is beautiful! The hair Itself is gorgeous and looks silky smooth. I also really like the color. It’s a lovely chocolate brown with almost a hint of maroon in it. The curls are soft and flowy, and the hair comes all the way down my back. It’s actually very comfortable to wear too. Comes with a hair net. I literally just threw my real hair in a bun under this wig for the photo and it still fit good. This will be fun for dressing up.",1604616961568,False,2
AHLZVZPQ5TWJ6KXNLADJBDZAT7EA,B08GH6RYTR,5.0,Good quality wig.,This wig fits nicely and is pretty comfy. Easy to put on and is adjustable inside. It comes packaged nicely within a hair net and cardboard and also comes with a net to wear on your hair under the wig. The hair quality is excellent and looks real. So far it doesn’t look frizzy or course like some wigs do. The hair stays in place pretty nicely.,1604611185114,False,0
AHLZVZPQ5TWJ6KXNLADJBDZAT7EA,B0837DMFV5,3.0,Kind of weird fit,"Got this wig for dress up occasions or future halloween costumes. It's got a nice color and length to it but the fit is kind of weird. It didn't cover my side hair all the way- but maybe I didn't pull it down enough. I'm not used to wearing wigs. The hair quality itself (like the braid) is decent but the top of the wig is super poofy and looks a little odd. I need to try and mess with it more, maybe hair spray it or something to fix the top.",1600632764025,False,0
AHLZVZPQ5TWJ6KXNLADJBDZAT7EA,B0888CX245,4.0,Super easy to use and universal,"I have never owned or used a product like this before, but it is very easy to figure out and use!!<br />It has a ton of attachments and pieces to switch between which is nice. I used it to remove all the hard dead skin around my nails which has been built up for some time! I also used it to remove the work out dead skin I had on the inside of my hands! Made them soft and smooth again!! I used the grinder piece to remove some dead skin on my feet as well! Over all it's a nice little tool to be able to give yourself a quick nail/hand/foot clean up.",1599149188004,False,0
AHLZVZPQ5TWJ6KXNLADJBDZAT7EA,B08CVQXZD9,4.0,"Pretty, but wowzers long!",The eyeliner is easy to apply but needs to sit and dry before applying the lashes. The lashes are to wide and need to be trimmed according to your eyelid size and comfort. These lashes are VERY long! They went close up to my eye brows! So if you are going for dramatic then these will do. They look nice but are thick as well. If you are not used to wearing false lashes they may feel a bit heavy on your eye lids,1597990976352,False,0
AEU64BW76A3GKMZAGLUZZORCMB7A,B0B7WR1NB7,5.0,Regular,It’s a regular comb lol nothing really to say about it. The price doesn’t fit the product but other than that it’s normal,1666116323858,False,0
AEU64BW76A3GKMZAGLUZZORCMB7A,B0B4VHNL46,4.0,Great,It gets the job done. Not much for me to say,1661841117296,False,0
AEU64BW76A3GKMZAGLUZZORCMB7A,B09492T3QR,4.0,Okay,"They were okay, a little stiff but I guess it got the job done",1638581364316,False,0
AEU64BW76A3GKMZAGLUZZORCMB7A,B09999NFJM,3.0,Ummm not my favourite,These lashes look a bit cheap. They aren’t all that but you can work with them,1630984754988,False,0
AEU64BW76A3GKMZAGLUZZORCMB7A,B093GR3N8W,4.0,Not bad at all,Very helpful,1623642629463,False,0
AEU64BW76A3GKMZAGLUZZORCMB7A,B08XJTL1D1,5.0,Love it,Super cute can’t wait to wear them!,1621983491347,False,0
AEU64BW76A3GKMZAGLUZZORCMB7A,B08PLFZB89,4.0,Let’s see,I thought this was my regular freeze spray but I noticed it wasn’t when I received it. But hopefully it still does the same job. I’ll keep you guys updated,1619218885481,False,2
AEU64BW76A3GKMZAGLUZZORCMB7A,B08HJYBFZV,3.0,Okay for beginners I guess,Not my favorite lashes but for a regular day it gets the job done.,1616267823772,False,0
AEU64BW76A3GKMZAGLUZZORCMB7A,B08JZD8HN4,5.0,Cute stickers,Super cute,1614144979727,False,0
AEU64BW76A3GKMZAGLUZZORCMB7A,B08LXJYHSN,5.0,Perfect!,This spray bottle is super cute! I love the color and the size is just right.,1607697197483,False,3
AEU64BW76A3GKMZAGLUZZORCMB7A,B08JCMFWBK,5.0,Good,Not even going to lie I struggled a little bit to get it open so I can put the water but other than that it way good 👍🏾,1607559710659,False,0
AEU64BW76A3GKMZAGLUZZORCMB7A,B08343FS9P,4.0,Good,Goood 👍🏾 The sizes are accurate.,1603662193299,False,0
AEU64BW76A3GKMZAGLUZZORCMB7A,B08DKFV9SR,4.0,Good I guess,In the packs it doesn’t have as much as if I would go to the beauty supply store. But I guess I can work with it.,1601130704231,False,0
AEU64BW76A3GKMZAGLUZZORCMB7A,B08BXVGX6F,3.0,Hmmm 🤔,"So both sides are the same, the outside and the inside. Which I don’t see makes sense and it make it feel uncomfortable when it is on.<br /><br />Not really sure if you can trust this grip to keep your wig from slipping all day. I will test it out and I’ll come back with an update.<br /><br />UPDATE: I have used it a couple of times. I will put a stocking cap and put this on top of the stocking cap that way the grip isn’t tugging on my hair. It’s is okay, after a couple of hours my wig did in fact start slipping. I feel like this is good if you have a quick run or some where you will be going for like 2-3 hours.",1599798197581,False,1
AEU64BW76A3GKMZAGLUZZORCMB7A,B0876L7BWM,5.0,Great!,"These are cute, the bottles look the size that I expected them to be. I love how big the funnels are! And as you can see they came packaged well. I would recommend!",1596253863610,False,0
AEU64BW76A3GKMZAGLUZZORCMB7A,B087QY82WY,4.0,Good so far!,Excited to use these! These packs do look like they have less hair than the packs at the beauty supply store but I guess that’s okay.,1595963626016,False,0
AEU64BW76A3GKMZAGLUZZORCMB7A,B0876YYL2H,5.0,Great! Nice & Neat,The spray bottles came packaged neatly as you can see. Which is something I always like to see! Overall they are pretty good! Excited to use them.,1595963503660,False,0
AF6RTFII4XB2EGU2C3SYBIRGG4VQ,B08PPQ6KR6,4.0,Nice Color and Made well,The crochet locs were made well. They were a little stiff but loosened up after the install of the hair style. The color was really nice as well,1622391913994,False,0
AF6RTFII4XB2EGU2C3SYBIRGG4VQ,B08HQJXJ19,5.0,Great for reusable masks,These brackets have worked well during the pandemic. I am able to wear them under my washable face masks with no issues. I am able to breathe and talk freely,1621804791255,False,0
AF6RTFII4XB2EGU2C3SYBIRGG4VQ,B08GMC48QF,4.0,Brought Extensions back to Life,This shampoo and conditioner combo brought my 613 extensions back to life. There was a light citrus smell that was not overwhelming.,1619062600402,False,0
AF6RTFII4XB2EGU2C3SYBIRGG4VQ,B08QFFG8BL,4.0,Good set of bundles,These bundles are really nice. I did not have alot of shedding or tangles. I was able to style and curle the bundles with ease. The length is true to the inch and no smell.,1616278260833,False,0
AF6RTFII4XB2EGU2C3SYBIRGG4VQ,B08M5Z1PL3,4.0,Easy to Install on head,The wig was easy to style and install on head. The headbands that came with the wig were nice and comfortable.,1614310478869,False,0
AF6RTFII4XB2EGU2C3SYBIRGG4VQ,B08KW32B98,5.0,Nice and Classy Headbands,I just love these headbands. They are velvety soft and do not slide off your head. The pearls allow you to dress them up or down.,1611626184126,False,0
AF6RTFII4XB2EGU2C3SYBIRGG4VQ,B088MF5VWW,4.0,Good Brushes,These detangling brushes work good. Be sure to finger detangle your hair prior to using. Also have good conditioner on the hair helps with tugging,1611625848202,False,0
AF6RTFII4XB2EGU2C3SYBIRGG4VQ,B08NSSH585,4.0,Good Quality,These butterfly locs are nice. They are lightweight and made well. The color of them can be a little darker due to the shine on the hair,1608161582631,False,0
AF6RTFII4XB2EGU2C3SYBIRGG4VQ,B08JCQ6HL2,2.0,Barbie Doll Hair,"The hair is made like barbie doll hair. It was very shiny with a residue on the hair. Considering that it is synthetic, I was not able to shampoo the hair for better results",1608160283131,False,0
AF6RTFII4XB2EGU2C3SYBIRGG4VQ,B08J2GS1DN,1.0,Dry with Chemical Smell,"This hair was dry, hard, and had a chemical smell. There was also a residue on the hair.",1608160109157,False,0
AF6RTFII4XB2EGU2C3SYBIRGG4VQ,B08F9XLRCK,4.0,Nice Bug Color,The bug color is great for the fall. The hair was lightweight and easy to install. The length was as described with no residue or odor on the hair.,1608015484566,False,0
AF6RTFII4XB2EGU2C3SYBIRGG4VQ,B08CMHFXJN,5.0,Easy to Manage and Install Style,Easy to install and style. The hair has a nice shine to it and no smell,1605606455808,False,0
AF6RTFII4XB2EGU2C3SYBIRGG4VQ,B0882YDL1N,5.0,Nice Salt and Pepper Color,The grey color is salt and pepper and blended well for the install,1604776000959,False,0
AF6RTFII4XB2EGU2C3SYBIRGG4VQ,B086JRW3WL,4.0,No smell or residue,Hair came packaged nice with no smell or residue. Easy to install and manage,1604775926110,False,0
AF6RTFII4XB2EGU2C3SYBIRGG4VQ,B088PYN4VM,3.0,Nice Set of Shears,"This set of shears have a good weight to them and are beautiful to look at. The issue is that they needed to be sharpened. I can tell they are made with quality materials, but the opening and closing of the shears is janky.<br />But a sharpener should be on hand anyway with scissors like these so the fix should be easy",1600584358863,False,0
AF6RTFII4XB2EGU2C3SYBIRGG4VQ,B087QYY7P5,5.0,Beautiful Color!,I wanted to add color to my next set of box braids. This hair is perfect. The color is vibrant and has no smell. The package also came with two clips.,1600582877140,False,0
AF6RTFII4XB2EGU2C3SYBIRGG4VQ,B08B1M71ZS,5.0,For the Salon Professional!,"If you are a salon professional, then you know you can never have too many capes. This cape is all around great. It has a velcro closure as well as a tie around the neck.<br />The cape has a good length to it as well. It goes below the knee of an adult. It also has a silver side that helps with static cling. This is a great buy!",1596673776489,False,0
AFTLUVGQWKW6XSQ5TB6UER5Q263A,B0924GT395,5.0,"Just Sit Back, Relax, and Chill with this Pair of Stainless Steel Thingamabobs! ❄️🥄","These shiny facial massage cryo sticks chill quickly, and I love that they come packaged within a clear plastic storage case with an instruction card! You can actually hear the anti-freeze/non-toxic liquid gel floating and bobbing around inside each stainless steel spoon/orb, and I love the ergonomic shape of each tool! The brightly colored turquoise handle tips help protect my fingers from the cold, and these futuristic-looking devices sit and balance nicely on various parts of my face! They do a great job of reducing swelling, puffiness, and fluid retention, and I think they’d make an affordable and unique gift for fans of at-home, cold therapy techniques! ☃️",1641155480823,False,1
AFTLUVGQWKW6XSQ5TB6UER5Q263A,B08RYN11N9,5.0,I Couldn’t Be More Impressed! 💖,"I absolutely love this dual-headed face roller!! It’s gorgeously colored, easy to hold, attractively packaged, and competitively priced. I especially love using it after I’ve cleansed my skin and applied moisturizer, right before I start putting on my makeup. It instantly helps depuff my skin, and it seems to enhance the smooth coverage of every cream and foundation I use immediately afterwards. It has definitely become part of my daily skincare routine, and the aluminum alloy rollers are super smooth and manage to apply the perfect amount of weighted pressure!",1637813050565,False,0
AFTLUVGQWKW6XSQ5TB6UER5Q263A,B09GVHT2D3,5.0,Sweet Scents and Pamper-Worthy Products! 🛁,"The lavender bath bomb and rose-scented bath bomb and soap bar all feature light, feminine scents that pair nicely with the included candle! The stainless steel cup seems well-constructed and nicely sized, and the various tools and bottle openers are an appreciated bonus. This boxed set is ready for gifting and even comes with a blank card that can be easily personalized to some lucky recipient. I think this grouped assortment offers a nice variety of different and relaxing products that most customers would enjoy!",1636609755321,False,0
AFTLUVGQWKW6XSQ5TB6UER5Q263A,B093VL2JQQ,5.0,Do the Elasticized Twist! 🪐,"I like the details of the twist-front designs on these stretchy headbands, and all of the fabrics feel soft and lightweight. Each one is easy enough to wash, and they come in a wide range of attractive colors, so I usually leave a couple in my car for unexpected hikes and impromptu workout sessions. They’re also great for holding my hair back during morning and evening skincare sessions, so I’d gladly recommend this multicolored variety pack to others!",1634703622638,False,0
AFTLUVGQWKW6XSQ5TB6UER5Q263A,B09766LY1D,5.0,Great for Scooping Up and Spreading Around Globs and Dollops of Face Stuff!,"I think this is a great set of utilitarian beauty tools! If you've ever tried to apply a goopy face mask with just your fingers (looking at you gold-infused charcoal paste), then you know the struggle that often comes with scooping up products and then trying to spread them evenly before they start to dry in place. These bendy silicone-tipped spatula brush sticks and paddles streamline the entire process!<br /><br />All of the tools are lightweight, easy to clean, and they seem to be fairly durable! I love the candy-colored palette of pastel hues, and the various textures and tips offer plenty of versatility and flexibility. They are also great for hygienically scooping up globs and dollops of various creams and moisturizers that need to be kept as sanitary as possible for repeated applications. I'd definitely recommend this tool set to others!",1634620228424,False,1
AFTLUVGQWKW6XSQ5TB6UER5Q263A,B09FDZTZ8Q,5.0,"Convenient, Discrete, and Easy To Use","These medical-grade silicone scar removal sheets are so versatile! Acne scars, burn scars, and post-surgical scars all benefit from the consistent application of this painless product, and I love that it’s a viable alternative to topically applied creams and gels. I love that the flexible material comes rolled up like tape, and I appreciate that it can be cut and trimmed into custom shapes and sizes. The chosen flesh tone would likely suit many users, so it at least provides a certain degree of modest skin camouflage.<br /><br />The silicone component brightens, hydrates, moisturizes, softens, and repairs damaged skin, so repeated use truly does seem to make a noticeable difference. Scars slowly start to fade as the skin regeneration process kicks into high gear, and these sheets are actually reusable, washable, flexible, breathable, and easy to apply!",1633493361989,False,1
AFTLUVGQWKW6XSQ5TB6UER5Q263A,B098JXHFJJ,4.0,A Nicely Varied Shade of Jade!,"I have tried and tested many rollers and scrapers recently, so I inspected this duo closely. The gold hardware on this dual-ended roller seems reliably attached, and both ends roll freely, but the larger end does seem to have a small issue that causes it to bump with each revolution, preventing the rolling motion from being completely smooth and silent. That being said, it still adequately applies smooth and even pressure to the face with each systematic use!<br /><br />The gua sha scraper exhibits some scattered scuffs and scrapes, and the edges and “v” angle have some rough, white areas they don’t look perfectly polished, but all natural stones have imperfections to some degree. This set comes attractively packaged, and it seems to be affordably priced, so it might be a great choice for consumers looking for a starter facial set!",1633300299293,False,0
AFTLUVGQWKW6XSQ5TB6UER5Q263A,B0971V4RL1,5.0,Bee-Powered Skincare at its Finest! 🍯,"I’ve greatly enjoyed using this organic clover honey face mask! The texture is smooth and dreamy, and it seems to offer me a very nourishing skin treatment every time I use it. It rinses away cleanly after 20-30 minutes of wear, and I also love that this bee-powered skincare product is made in the USA, so I’d definitely recommend it to other consumers in search of a honey-infused facial concoction! Oh, and both the glass jar and paper box are recyclable, so it’s an eco-conscious pairing all around. 👍🏽♻️",1633216734665,False,0
AFTLUVGQWKW6XSQ5TB6UER5Q263A,B09BN5TYK5,5.0,Such a Brightly Patterned Variety! 🌾🌻,"This multicolored variety pack of headbands is so eye-catching, and the entire set has been quite affordably priced! Each headband is lightweight, adorably designed, and universally sized, and the elastic portions along the back feel reliable and secure. The decorative plastic buttons on each side can sustain some pull, so I believe that they’re there to optionally provide a resting place for the ear loops of face masks. Regardless, I think all of the patterns are vivid and cute, so I’d gladly recommend these boho hair accessories to others!",1632284565449,False,0
AFTLUVGQWKW6XSQ5TB6UER5Q263A,B0924896KW,5.0,A Refreshing Botanical Cleanser! 🧡,"This foaming cleanser genuinely provides an oil-free approach to daily acne control. I like that it contains botanical extracts, and it seems to provide a gentle, yet thorough, clean! It’s nicely packaged, affordably priced, has a pleasant scent, a 2+ year shelf life, and it always leaves my skin feeling nourished, soft, and smooth. I’d recommend it to others without hesitation!",1631484677201,False,0
AFTLUVGQWKW6XSQ5TB6UER5Q263A,B097Q6DQCD,5.0,Stainless Steel Perfection!,"This is the first time I’ve ever used a stainless steel version of a gua sha scraper tool, but I’ve been decidedly pleased with the overall results! I love the super slick, shiny surface of this heart-shaped piece, and it’s always cool to the touch at room temperature. It’s comfortable to hold, has a very slim profile, and it always immediately provides a relaxing sense of rebalanced alignment. This gua sha tool also comes with a pink polishing cloth and a red leather storage pouch! The snap is secure and reliable, the stitching is straight, and the scraper device fits snugly inside. I’m really pleased with this product overall!",1629763023330,False,0
AFTLUVGQWKW6XSQ5TB6UER5Q263A,B099NQM7MF,5.0,"Soft, Lightweight, Nice to Have on Hand! 🛁","This ivory-colored bath mitt comes packaged in a resealable pink pouch, and it’s super lightweight! The packaging says it is 100% natural silk, but it does look and feel more like a linen/cotton fabric. Regardless, it’s soft enough to be gentle, but just textured enough to provide some noticeable friction for exfoliation! It fits comfortably over my hand, and it’s simple enough to grip and hold and air dry after each use. It can be used alone with warm water, but I’ve used it in combination with several body scrubs and it further works to enhance the gritty benefits of all of my exfoliating sugar and salt concoctions. I’d recommend this natural glove for all skin types, and it can be used in conjunction with bath OR shower time. I’d realistically pay $12-$15 for it, but I’m pleased with its overall performance!",1629054964948,False,0
AFTLUVGQWKW6XSQ5TB6UER5Q263A,B08Z2TZTMY,5.0,"Nourishing, Organic Cream from California!","Vitamin C is definitely an essential component of a healthy body and skincare routine, and I love that this smooth cream also contains shea butter, vitamin E oil, rosemary, jojoba oil, aloe vera, cocoa butter, and lavender essential oil. This lotion has a pleasant scent, and it seems to work great with overnight applications. It leaves my skin feeling hydrated and moisturized the next morning, and it has even helped diminish the appearance of minor blemishes over time. I love that this product is USDA-certified organic and that it’s made in small batches in the USA! The tub comes adequately sealed with a clearly marked expiration date, and I think it’s affordably priced for the results it provides. 🌤",1627012363828,False,2
AFTLUVGQWKW6XSQ5TB6UER5Q263A,B0919SX5DN,5.0,Pale Pink Perfection! 🌸,"I love this skincare set! The pale pink rose quartz hue is such a pretty shade, and the paired duo arrives safely nestled within a cushioned pillow of foam cutouts. The dual-ended roller exhibits smooth and silent movement, and the gua sha stone is perfectly sized and comfortable to hold! The warm gold metal hardware pieces complement the pink color beautifully, and the overall craftsmanship of this set is impressive. This product would make a chic and affordable gift for yourself or a loved one!",1626758945482,False,0
AFTLUVGQWKW6XSQ5TB6UER5Q263A,B08R2MJJV3,5.0,"Each Portable Pouch Contains a Clear, Floral-Scented Gel!","The blend of royal jelly, botanical, and floral extracts gives this Korean beauty essence a nice ingredient profile, and the overall scent is pleasingly fresh and sweet. Each of the pouches has a small twist-off cap and the liquid contents are clear (and seem to have a high water content). The spread solution initially dries a little stickier than I’d prefer it to (stickier than a well-absorbed moisturizing lotion would), but the eventual result feels hydrating overall. Due to the compact size and flattened shape, these pouches would be great for travel. Especially after a day at the beach!",1623708059221,False,0
AFTLUVGQWKW6XSQ5TB6UER5Q263A,B08KFKKPBB,5.0,A Great Way To Start the Day! 🍊💦,"This face wash provides an invigorating sense of clean with a burst of fresh citrus zing! I love that it contains aloe vera, vitamin C, rose hip oil, and lemon and orange peels! 🍋 It goes on smoothly, rinses off easily, and seems to have an ideal consistency. I have gladly added this vegan product to my daily skincare regimen, and I’d order it again without hesitation. It provides smoothing, hydrating, radiant results and it smells incredibly delightful!",1621788041474,False,0
AEXYLV5YOYWSLGG47VVECVURA7XQ,B09KT4RJG6,5.0,Wonderful,Super hydrating and goes on like silk. Convenient and easy to use pump bottle. A little goes a long way.,1640654655535,False,0
AEXYLV5YOYWSLGG47VVECVURA7XQ,B083PXJBVY,2.0,Overly rose scented,Overly rose scented and it upset my scalp. Left it red and flaky.,1637194603394,False,1
AEXYLV5YOYWSLGG47VVECVURA7XQ,B098FK3SNH,5.0,Great addition to your skincare routine,"Soaks in well, didn't irritate my skin. Helps perk my skin up in the morning. Well packaged, pump works great.",1632804157264,False,0
AEXYLV5YOYWSLGG47VVECVURA7XQ,B08DK4B5QV,5.0,Great all in one serum,This is a great all in one serum that hits all my main wants. It is a bit oily though so be careful how much you use. I tend to use this one more at night so I don't have to worry about waiting for it to fully absorb before adding moisturizer.,1632495031400,False,0
AEXYLV5YOYWSLGG47VVECVURA7XQ,B096YHL82K,5.0,Smells wonderful,"Smells great and didn't upset kiddos skin like some of the stronger scented lotions we have do. A bit pricey for body lotion and I'm dreading trying to get the bottom of the product out, otherwise it is quality stuff.",1632147809207,False,0
AEXYLV5YOYWSLGG47VVECVURA7XQ,B0936KRBP2,5.0,Great for the Price,"These are about the strength I need. My feed are usually pretty calluse free but come summer they get a bit beat up. I have used the more expensive well known brand and it was almost too effective and left my feet tender.<br /><br />If you just need a bit of a touch up these are great, if you want the full she-bang of peeling layers and layers, get the $20 a pair brand.",1628304354563,False,0
AEXYLV5YOYWSLGG47VVECVURA7XQ,B08KFLJQMR,5.0,Absorbs well,"I was happy with how well this absorbed, I've tried a few other vitamin C serums and its a mixed bag. About half leave my skin sticky and don't seem to absorb. Sia's however was great. Soaked in and didn't feel like it was sitting on top of my skin.<br /><br />Super easy to layer with other products.",1627827746746,False,0
AEXYLV5YOYWSLGG47VVECVURA7XQ,B07VRD5BQK,3.0,"Overpriced, smelled odd","It is a pretty small bottle for $25 body lotion. Also, a little does NOT go a long way with this one and I had to use more than I typically do. Overall, I would say it was decently moisturizing but not amazingly so and certainly not enough to merit the price.<br /><br />As for the smell, it was just odd, like slightly organic but not strong. Just off-putting. Faded quickly though.",1627171345727,False,0
AEXYLV5YOYWSLGG47VVECVURA7XQ,B08LPGZMQK,5.0,Nice fresh scent,These absorbed well and don't leave your hands greasy. They smell light and fresh and everyone in the house enjoyed the scent.,1623178522245,False,0
AEXYLV5YOYWSLGG47VVECVURA7XQ,B08P9MP7L8,4.0,Nice middle of the road set,"I was hoping there would be a price available at the time of this review, but currently it wasn't posted. Bath bombs come in a range of prices and quality, without a price it's hard to say if this is a good value. Kiddo loves bath bombs, but he values toys and water coloring over quality of skin softening or scent. So for this set he was not of any help. I tried one and found it to be nice but not as skin softening as some of the bigger ones I've tried. These are really more midline as the fizz is just average, scent was alright and not off putting but not amazing.<br /><br />If these are under $15 I'd say great value, above $20 and I'm not sure they are worth it, but not a terrible deal.",1617241756723,False,0
AEXYLV5YOYWSLGG47VVECVURA7XQ,B07XQKH3RY,5.0,Great for the price,I was pleasantly surprised by this set. The white of course took an extra coat to not look streaky but other than that they performed pretty well. Not the longest lasting by themselves but paired with my normal base and top coat they were about the same wear as some of my more expensive bottles from Opi and ILNP.,1595463545008,False,0
AEXYLV5YOYWSLGG47VVECVURA7XQ,B07KG1TWP5,2.0,Hard and break easily,Not a fan of these. They have very little swab so are hard and not padded well. The stick breaks easily and then its sharp. I can't recommend.,1595375189096,False,0
AEXYLV5YOYWSLGG47VVECVURA7XQ,B07GL44NGS,4.0,"Shampoo is stellar, rest is okay","Shampoo is great, the conditioner is okay, and the vitamins didn't really do anything. Hubby doesn't really need a great conditioner though since his hair is pretty short so we weren't to concerned about that. I tried the conditioner just to see and wasn't a fan. I have frizzy tangle prone hair and this just wasn't moisturizing enough. But I also usually buy conditioner specific to my hair type so I can't fault this one too much for not being it.",1589492577372,False,0
AEXYLV5YOYWSLGG47VVECVURA7XQ,B07VQR3W3Z,5.0,Pleasantly surprised,"I ended up really liking these. I was a teen in the 90s and loved my scrunchies, so happy to see them making a comeback. These worked well in my thick hair, although the satin ones do loosen up a bit but only because the material is slippery.  You can wear all day without getting that annoying hair pulled headache feeling.<br /><br />I think my favorite are the middle ones, that have a small tail, they look super cute.  They and the long ones are more of a scarf material. I've liked the whole set. Great for the price too.",1586234867465,False,0
AEXYLV5YOYWSLGG47VVECVURA7XQ,B0777ZN9M4,2.0,Of the three I have tried this was the worst,"I tried a couple other charcoal peel off masks before this that were MUCH much easier to use, both a bit more expensive but neither crazy so. Luckily I had no issues with the bottle splitting like some others reported. Here is what I did not like about the product.<br /><br />Issue #1: This one didn't peel off in nice big patches more like you had to chip away at it which was messy time consuming and harsher on my face than it needed to be.<br /><br />Issue#2: It also was ineffective, it didn't unclog anything. At most it removed a top layer of dead skin making my skin feel softer (and dryer), but after rechecking my pores with a magnifying mirror (if you want to hate yourself buy one and then freak out at your skin, lol) there was no real difference. The before and after of my pores under the mirror were nearly identical.<br /><br />So all that work and annoyed skin for nothing. Mostly though I was just aggravated that it came apart in a million little shreds rather than actually just peel off my skin. That's the best part, booooo.",1579056952913,False,0
AEXYLV5YOYWSLGG47VVECVURA7XQ,B07NVTT4JS,5.0,Plenty of room for thick and long hair,"This thing was great and worked as well as my Diva Darling microfiber hair towel. I'm not sure I'd call any of the microfiber towels rapid drying but they do pull out more moisture and create less frizz than a standard bath towel. I have super thick wavy (coughFrizzycough) hair that is just past my shoulders, and I had plenty of room to spare with this towel. It could easily work for even longer thicker hair.<br /><br />It wrapped so easily and really stayed put with the little elastic band in the back. My other is a standard towel so you have to twist and tuck and hope it stays. Not with these, super secure. Plus, there is 4 of them so I never have to time laundry and shower again.<br /><br />Highly recommend.",1576972786533,False,1
AEZY3WQ5CO4DOXRNJOWWXJYKCAXQ,B092M5K59T,5.0,Nice Set,"This is such a nice makeup bag set. The tray is good quality with a decent heft to it. The mirror compact can open to a flat position so you can get it really close to your face if you’re doing something to your eyes. The canvas bag is a little thin and the interior stitching is definitely not the best. Still, as a set, I’m quite pleased with it. I especially like that the lettering/etching on each item well done.",1638657037315,False,0
AEZY3WQ5CO4DOXRNJOWWXJYKCAXQ,B09571TNVG,3.0,This Is Poorly Designed,"While this Aoraem collector can pick up some small particles, the suction it produces isn’t that great, so it leaves a lot behind. If you add the small hose attachment, then its suction power lessens even further. It was doing a halfway decent job at cleaning my keyboard, but the attachment kept falling off. The little bristles aren’t really helping anything and they are very harsh on my large mouse pad, which is what I mostly use these for. My old collector has a small lever you push to turn it on. The Aoraem requires you to turn the entire top half of the unit to power it. That’s fine for turning it on, but when you try to turn it off, it can loosen the bottom tray and the particles spill out if you’re not careful. It is easier to replace the batteries on this model versus my other one, but that’s the only thing I like about it.",1632173708221,False,0
AEZY3WQ5CO4DOXRNJOWWXJYKCAXQ,B08G8B2CQH,4.0,Vibrant Colors,"Of the six, only one of the holders is cut pretty badly, but the rest are fine and they are sewn decently well. The colors are very vibrant in person so that’s a plus. The caps on the bottles open easily but are still snug enough to not accidentally open. The little spray bottles are okay but I did have a hard time getting the cover to come off without it also untwisting the cap as well.",1608605168831,False,0
AEZY3WQ5CO4DOXRNJOWWXJYKCAXQ,B08JCMFWBK,3.0,Hard To Open and It Leaks,"I had a very hard time removing the cap from the base. There are no instructions and I kept thinking I was twisting the wrong way but no, it’s just extremely difficult to twist it to the right the first few times you open it. It gets slightly easier if you do it several times. The clip that stops it from accidentally spraying is also hard to remove, once you figure out the correct way to put it in that is. While it does maintain a continuous spray based on the number of times you pull the pump, it also leaks at the base connection if the bottle is angled. I always angle the bottle whether I’m spraying plants or spraying my hair, so this bugs me. To stop it from leaking, I would have to fill the bottle up just half way, which means more refills. The spray has a wide area and mists well, but the bottle is a hassle.",1605820883594,False,0
AEZY3WQ5CO4DOXRNJOWWXJYKCAXQ,B08GWT454V,3.0,Too Tight On Me,"I know these wig grips need to be tight in order to work properly and stay on your head, but my goodness it’s headache inducing. I also can’t imagine that this is good for my natural hairline or edges. You can’t put it too far down on your forehead either or it will yank your eyebrows up. And if you wear glasses it will interfere with putting them on and off. The wig absolutely stays attached to the grip though, so hopefully I can find some in different sizes.",1605669195572,False,2
AEZY3WQ5CO4DOXRNJOWWXJYKCAXQ,B08F7WFLCT,3.0,Seems Overpriced,"There is absolutely nothing wrong with this makeup organizer, but overall, I’m just not impressed with the quality compared to the price. Based on the material used I feel like it shouldn’t cost more than $30. The lid on mine had a few scuff marks on it but not too bad. The drawers move in and out okay but I really don’t like the rubber latch pulls. Also my unit did not have a “gorgeous white finish,” instead it was like a dirty beige.",1604534872426,False,0
AEZY3WQ5CO4DOXRNJOWWXJYKCAXQ,B08FMGWGYW,3.0,Disappointingly Small,These Guteauto headbands may fit fine on a toddler but on my adult sized head they were extremely tight. I could barely even stretch one enough to get it over the top of my head much less leave it on. They are not all the same size but the one I did get on popped itself right back off after painfully squeezing my head. It’s unfortunate too because the fabric is great quality and the patterns are so much fun.,1604112965844,False,0
AEZY3WQ5CO4DOXRNJOWWXJYKCAXQ,B08FGRH559,5.0,They Fit My Big Head,What a relief. I finally found some button headbands that fit my big head. They are so comfortable I barely even notice I’m wearing one. The fabric on these Style A headbands isn’t the softest but it’s acceptable. The material does have a good amount of stretch to it. I like the bold solid colors and the button placement is good too.,1599776641574,False,1
AEZY3WQ5CO4DOXRNJOWWXJYKCAXQ,B086YBQ8M7,3.0,I'll Pass On This One,"The Bjorn band is too small or my head is too big. Either way, I find it quite painful to wear this. The black does look nice and the edge stitching is well done but boy is it tight. There is barely any give to the material and it’s kind of slippery as well.",1599079635515,False,0
AEZY3WQ5CO4DOXRNJOWWXJYKCAXQ,B088GMVYQX,3.0,Irritated My Skin,"Though the bristles are very soft to the touch, once they start rubbing against your face, they feel slightly rough. I used it for less than a minute on the lowest setting and my face felt irritated and pretty sore afterward. No way could I use this as a daily cleanser. The instructions recommend you replace the head every three to four months. Leuxe offers the replacement brushes at $10 each. You can find others offering 2 brushes for that same price. The advert says the unit is waterproof. However, I had a hard time getting the usb cover to go back into its slot, so I wouldn’t get that area wet.",1596513324184,False,0
AEZY3WQ5CO4DOXRNJOWWXJYKCAXQ,B0861YC7HZ,4.0,Pretty Good,"This sterilizer is well made and stylish. It has great portability and useful compartments. Mine did come with 3 large scuffs on one of its uv panels but that’s the only blemish. There is a mirror underneath the stacking tray but it’s super thin and convexes like a fun house mirror so you’ll still need to bring your own. The unit speaks to you in Chinese and English when you plug it in, when you press the start button and when it finishes. Unlike other models from this brand there is no window to let you see that the lights are working.",1594231221637,False,0
AEZY3WQ5CO4DOXRNJOWWXJYKCAXQ,B07Q44Q9GJ,2.0,So Bad,"This 14 inch bob wig is poorly constructed and weirdly styled. The part is off centered, but not so much to be considered a side part and it’s sewn to a hard piece of plastic. The wig is much shorter in the back which would be okay if the cut wasn’t chopped up and angled awkwardly. It’s very thin in the top and the cap bunches up in spots so that you can clearly see the wefts in the crown. There are no clips and the cap is a bit large but quite comfortable. The hairline is badly done. The fabric of the cap extends past the hair and is clearly visible. If you are looking for something super cheap to wear there are better options. If you want a wig that you can learn styling on or use to test heated products on then this is the one.",1582412971593,False,2
AEZY3WQ5CO4DOXRNJOWWXJYKCAXQ,B083NQXML4,3.0,Hardly Any Loop,"I always enjoy the little freebies you get with crochet packs but these Mtmei locs came with a rusty, used crochet hook.  The loop opening on the twist is practically nonexistent. Trying to open it was a chore. The hair texture is rough and the strands are densely twisted. The best I can say is that the ends are very nice.",1582156619665,False,3
AEZY3WQ5CO4DOXRNJOWWXJYKCAXQ,B07X8W7GJZ,4.0,Several Complaints But I Still Like It,"The lazy susan organizer looks decent enough but the acrylic feels very flimsy and came with scratch marks in several places. There was something sticky on one of the rectangle panels. When I removed the residue, left behind was a large hazy etched area. The instructions were easy but the little o rings that you use to secure the unit were awkward to attach on the top piece. I don’t trust that the shelves can take any weight without cracking so I will only put heavy items on the bottom.",1580939094449,False,0
AEZY3WQ5CO4DOXRNJOWWXJYKCAXQ,B0811PYYKY,5.0,Great Texture,"The twists are soft, thick and a good length if you like layers. The texture is great and the color is a little bit darker than my own hair. The included cuffs are cute.",1579834307383,False,13
AEZY3WQ5CO4DOXRNJOWWXJYKCAXQ,B07YYW1913,4.0,Issues But Lovely Color,"It’s a lovely autumn looking color but I could only wear it during the winter months because it is extremely hot inside. It’s thick and it doesn’t part well at all because the lace front is rooted densely.  I was combing my fingers through the top and something kept poking my fingers. I thought it was a plastic tag, but turns out a section of tract was not sewn down well and it sticks up. Issues aside, the coloring is great.",1579393776967,False,3
AFLI33M7ADMQ2B3DSIJLODWUHTAA,B08C7MDQDG,5.0,Natural looking contour,Very natural barely there but totally buildable if you want more you out on more. The shade is very skin like (I think I could have gone a shade darker indeed) but overall I like the final result (looks better in person though),1626189892874,False,0
AFLI33M7ADMQ2B3DSIJLODWUHTAA,B0916ZRQDG,5.0,Velvety,I love the packaging and the texture of this product. It is like a velvet matte effect! I’d like more shades of this!,1625420782686,False,0
AFLI33M7ADMQ2B3DSIJLODWUHTAA,B08Z32P2Q6,5.0,Well made,Very good scrunchies! They hold my hair up very well and they don’t give me a headache like most of them. Also the elastic seems very durable. I have used them a lot and they remain the same after,1621459256606,False,1
AFLI33M7ADMQ2B3DSIJLODWUHTAA,B08RS762Z7,5.0,Absolutely,As described they are absolutely gorgeous and comfy and I have even gotten compliments when wearing them! This is a must have for me! I love flower patterns!,1619737409402,False,0
AFLI33M7ADMQ2B3DSIJLODWUHTAA,B08L4JSM2T,5.0,In love with my nails,This powder works perfectly! Is very mess free compared to others I have used in the past. I do recommend this product just make sure you do use no wipe too coat as specified in the instructions!,1612041918677,False,0
AFLI33M7ADMQ2B3DSIJLODWUHTAA,B08K8P7LN6,5.0,Gorgeous colors,Very pretty colors! Vivid and bright!! This Is a nice value for money. You get beautiful fashion shades at a decent price! Is also perfect for a gift.,1610932886741,False,0
AFLI33M7ADMQ2B3DSIJLODWUHTAA,B08NPBQR9L,4.0,Very mini,"[[VIDEOID:21ddac411e00668aac7eceb5ed24668f]] Nice little machine. It doesn’t come with styling ideas or anything so I don’t know if it can do something other than crimp hair. Anyways this style of wave is the closest to my natural hair without styling so It takes like 35 minutes to finish my hair.<br />It’s very easy to use and comes only with on and off button, you cannot set the heat.",1608816646552,False,0
AFLI33M7ADMQ2B3DSIJLODWUHTAA,B08DK4NDM3,4.0,Me like it,"It has no smell. Is very useful especially when you go out. I like that my hands won’t feel sticky, greasy or anything like that after using this wipes. My hands just feel ... clean!",1608729673131,False,0
AFLI33M7ADMQ2B3DSIJLODWUHTAA,B084GFGPJ8,4.0,Bright and sexy,"Very beautiful and bright red! The packaging is very nice and the cover of the lipstick is magnetic . The color payoff is very good and it last long time (I still needed to retouch a bit after eating pizza) it is not transfer proof but is not dry on the lips either, overall a very good satin red! I really vives with this shade!",1600397395079,False,0
AFLI33M7ADMQ2B3DSIJLODWUHTAA,B08CTYRD22,4.0,Chunky crown,"[[VIDEOID:ca7adaae266513ccd01d97b20114ce7e]] Super chunky beautiful head band! You can see in some parts that is handmade like some of the pieces are not perfectly straight but that doesn’t disrupt the overall feeling of “crown” I get when wearing this! Lately I have become a fan of this type of headband. This one is the heaviest I gotten, also touches my ears a bit because it is so chunky making the lift a bit. I gave 4stars just for that but the overall design deserves 5 indeed.<br />Also came well packaged which I highly appreciate! As a side note , treat it with care because seems to be very delicate, if you have problem with a wad falling off just take a bit of super glue to stick back. ( I haven’t had an issue with this one but with another similar one so I know is something that you could happen with use) I hope you find this helpful!",1598102708881,False,1
AFLI33M7ADMQ2B3DSIJLODWUHTAA,B08CMW33TW,5.0,Totally worth it,"[[VIDEOID:61b6d0fddefcbce076ea4882b2898e90]] Beautiful! Beautiful!!! I can’t stop looking at this! Feels sturdy enough and has a shine of its own! Is totally a hair statement piece! . Is not heavy either! I recommend this item just keep in mind that because of the beaded nature of it, it might be delicate so treat accordingly so the beads won’t go loose",1597939696510,False,1
AFLI33M7ADMQ2B3DSIJLODWUHTAA,B081D2R47W,5.0,Girly beautiful,Beautiful hair ties! They are not only pretty and girly but they hold my hair up pretty well and I have very dense hair ! Usually all ponytails fall... with this ones I can have my pony tail for how long I want. They elastic is very good too!,1597865186266,False,0
AFLI33M7ADMQ2B3DSIJLODWUHTAA,B089QR2Y5B,5.0,Love love!,Love love love!!! They are not too big but they are soft and a bit flexible so I barely feel them on my head! I can’t wear anything tight on my head for health reasons so I truly like this ones! I’m always scared of trying headbands for the same reason but I’m surprised at how comfy these are.  You have brought color combos for many outfits!,1596661769185,False,0
AFLI33M7ADMQ2B3DSIJLODWUHTAA,B086GST51S,4.0,Love the lashes not the pen,"[[VIDEOID:72ded5c3bf951bdd78f4c6e5a379b923]] The lashes are lovely! You can barely feel them! If you stick them well you’ll forget you are wearing them (at least that is what happened with me) my only complaint with this cuties is the pen... is a nice eyeliner (felt tip) but is not so juicy, I had to reapply too many times and the lashes would keep popping off ! Next time I will use thing to stick them because the pen is mess free but takes long. 30 minutes after the pictures and video I attached one of them totally popped off. I was annoyed but the lashes themselves are gorgeous 🥰",1596067497984,False,1
AFLI33M7ADMQ2B3DSIJLODWUHTAA,B086VK22QT,5.0,Great help,Does as expected! The right tightness to hold on to my finger. Brings 20 in total and if you need this just get it! Is totally worth it! I was so tired of wrapping my fingers and having the wrap to fall! No more!,1595805541042,False,1
AFLI33M7ADMQ2B3DSIJLODWUHTAA,B08B6BPPS1,5.0,In love!,"[[VIDEOID:3a92fe6234dd9e5bebd0d7262f0a6c72]] What took me so long to change to magnetic lashes??? I’ve been suffering in vain all this years! This babies are amazing!!! I’m blown away! They are so easy to apply (I have ruined a several looks because of lash application) and this time it took me 5 minutes.<br />Make sure you shake the bottle before each application.<br />If you want a cat eye look you could use your favorite eyeliner And do your cat eye as normal THEN you apply this liquid eyeliner as close to your lash line as posible and last put your lashes on top.<br /><br /> I say this because drawing a perfect cat eye is very hard after you put your lashes unless you are well versed in liquid eyeliner then no problem but in my case, next time I’ll do it the other way around and I’m sure it will be less than 5 min application.<br />Just make yourself a favor and get this magnetic lashes!<br /><br />Update: I’ve been wearing them pretty often and these babes are holding up, I like they don’t get the build up of a glued eyelash! Gosh I’d wish I had discovered them sooner.",1595787298321,False,0
AEH7RAIDBU7QALXTMWAA73PTL4JA,B09G3KBK7Y,3.0,not entirely convinced on how baby safe this is but maybe better for pre teens or adults,"I was curious about a perfume for baby because we've been taught not to use anything on the little ones except the gentlest of lotions and body wash. I decided to give this a try because I was curious about the scent and the execution of a product like this.<br /><br />First thing I did was smell this, and while it is a pleasant smell, this particular scent isn't my favorite. It is too floral for me, almost artificial. I may have liked and felt more comfortable using a citrus and fruity type of scent on my little one. I also looked at the ingredients list and while they may be free of parabens, phthalates, synthetic colors, dyes, GMOs, and Gluten Free, there are some potentially irritating ingredients for the very sensitive of skins. Ingredients like Linalool, Citral, Citranellol, Limonene can be an allergen. It may have prebiotics which is good but one good ingredient does not negate a potentially irritating one. I'm all for someone coming up with a safe and good cologne for baby but I'm not entirely sold on this product just yet. I did read up on some additional information but I need more convincing for me to be on board with this perfume for infants. I do love the story of why the founder wanted to create these scents for little ones but I'm just not fully on board with some of the ingredients used.<br /><br />I'm not sure I will be using this on my baby but I think a more appropriate age is pre-teen or teens. I may have been a little more open to a ""cleaner"" perfume for that age range as I'm sure there's a market for that. From what I read, the founder is going to be launching perfumes for that age group, so that might be more appropriate.<br /><br />My baby actually smells nice from good hygiene so he doesn't need anything else but I understand the concept behind these scents. Fragrances do invoke certain memories, just like music. There are certain scents that I get a whiff of and it immediately transports me back to that day, the person, or the memories of that particular time period. All that said, I will be holding off using perfume on my baby and will be spritzing this stuff on myself. I think the concept is great but I would like to see even ""better"" and cleaner ingredients if I am to use it on my baby.<br /><br />I didn't see the ingredients list posted on this Amazon page yet so here it is:<br />Ingredients:<br />Alcohol Denat., Aqua (Water), Parfum (Fragrance) Niacinamide, Glycerin, Lactitol, Xylitol, Linalool, Citral, Citranellol, Limonene, Hexyl Cinnamal, Gernaniol, Amyl Cinnamal, Limolene, Hydroxycitronellal.",1645640209258,False,0
AEH7RAIDBU7QALXTMWAA73PTL4JA,B0912BNP4J,5.0,hours of fun,"I was going to save this as a Christmas gift for my nieces but just could not resist and had to give it to them early. They aren't allowed to go to a real nail salon/spa yet so I planned an at home ""spa day"" for them, with their mom's approval of course. The foot spa uses batteries so I was able to do this anywhere and not have to worry about being close to an outlet. However, that could also be a ""negative"" as you have to worry about replacing batteries. We always have plenty of batteries at home anyway for our gadgets so it wasn't an issue. They had to ""wait in line"" for their turn while I painted their toes and gave them a stack of magazines to flip through. It was such a fun experience for them without having to spend a fortune, and in the safety of our home. The foot spa machine itself is pretty cool, and is almost like the one I have for myself. I did use warm water - the machine doesn't heat up or anything, so make sure you use lukewarm water for the little feets! I went a step further and even gave them an exfoliating foot scrub which is something I already have at home for myself. This is honestly the best $40 spent - an experience like this in a ""real"" salon and spa would have easily cost more than $40 for two girls. The great thing about this is that it is a suitable item for a wide range of ages, even after they've entered their teen years. I highly recommend this set.",1637268727025,False,0
AEH7RAIDBU7QALXTMWAA73PTL4JA,B098ZMJ1HV,5.0,smells lovely!,"I'm not sure if this listing is for the body lotion or the shampoo but I am giving my thoughts about the shampoo. First of all, brand aside, this shampoo smells lovely. It is the scent of white tea, ginger, and citrus. This shampoo is free of parabens, artifical colors and SLS - which is always appreciated. I used this to wash my hair and after using this I didn't feel like my hair was dry and stripped of all oils like some ""for hotel"" type of products tend to do. This quality and the brand name is definitely more of a product I would see in a nice boutique hotel or a higher end hotel. If I had an airbnb I would stock it with a product like this one. All that aside, this makes a good shampoo for weekend getaways and short term travel. Each bottle is 50mL / 1.7 fl oz, which for me personally would be last about 4-6 uses. That of course, depends on the length of your hair and how many people you are sharing this bottle of mini shampoo with. This pack has 30 bottles, and at the current price of under $20, it comes to about 65 cents per bottle. The bottle is pretty sturdy with a nice chrome screw cap so I plan to save these mini bottles and reuse/refill with my own shampoo afterwards. I like to repurpose and keep these plastics out from the landfill or at least use them until they're worn down/grimy. I have Badgley Mischka clothes and shoes so it is nice to see they've expanded to hotel toiletries. I really like the smell of this and cannot stop smelling it. As I'm typing this, I can also smell this in my hair. This product is made in China.<br /><br />I didn't see the ingredients list posted on here (yet) and it was actually quite hard to find that information online anywhere, so I will post a photo of the ingredients list. I hope it helps you decide.",1628032592869,False,0
AEH7RAIDBU7QALXTMWAA73PTL4JA,B094TBJ2QN,5.0,a more natural approach for acne prone skin,"I am familiar with the Sibu brand as years ago I used to purchase the sea buckthorn oil supplements and was taking that religiously. I stopped just because I started to take other supplements (pre-natals, etc) and it was just getting to be too much I had to cut out some of the stuff. I still really like the Sibu brand and their sea buckthorn oil. I was pleasantly surprised to see that they now have skincare products. My favorite product in this set is still the sea buckthorn supplements (60 softgels). I am still nursing so I won't be taking this just yet but I am just about done nursing. The supplement is one thing I am looking forward to taking again. The expiration date is listed on the bottom of the bottle. I do like the smell of the anytime face wash, and it  did a nice job of cleaning my face without drying it out. I do get little hormonal breakouts here and there so this is a good face wash for me. I've also tried the daily facial defense oil, a zit zapper, but it is too soon to tell if it works. It does a great job of moisturizing my face for sure as it is packed with different kinds of oils (argan, sea buckthorn, lavender, patchouli, etc). All these products are made in the USA, which I know is important for some people. This is a good set of skincare basics for acne prone skin. I like the more ""natural"" approach with the use of sea buckthorn oil and less harsh chemicals. This product came in a cardboard box (like a subscription style box) and placed inside a bubble foil zip loc style bag. Good packaging.<br /><br />Some improvements ideas for this product:<br />- supplement does not say how many to take per day. The supplement facts says ""serving size 2 vegan softgels"", so I am assuming that means I should be taking 2 pills a day, making this a 1 month supply. There is no information pamphlet in the box or in this Amazon description page<br />- ingredients list for all 3 products should be listed on this Amazon page, I didn't see it listed yet<br />- brand name is confusing and made it hard for me to do more research on this product. Is the name of this product line ""NOT OR"" or ""Not for him or her"" or ""NxO"" or ""NO""? It is just all very confusing. Either way, all of the names still made it hard to do a search because it sounds like it is a part of a sentence.",1627947863379,False,0
AEH7RAIDBU7QALXTMWAA73PTL4JA,B0919R1CYT,5.0,"amazed at the quality, design, and packaging of this brush set","[[VIDEOID:320116271bad63ca81ada02ccef2fa90]] This is the nicest packaged makeup brush set I've gotten on here so far. I don't mean beautiful packaging but the fact that they sterilized it and individually packaged the brushes in a sterile manner makes this product stand out from other brush sets. I prefer a clean, sanitized brush over a fancy box that I’ll end up throwing away. The price is also VERY reasonable for the quality of brushes I received. No, it is not high end brush quality but I'd rather get this starter set for $13 over one brush that would cost me $50-$80. I guess I'm not a makeup brush snob or a professional makeup artist so I just don't understand paying that much for a makeup brush. I thought these were great quality, the bristles are so soft, the color scheme is beautiful, and I love the plain matte handles. This one does not have any brand or printed words on the brush handles, which I haven't seen in a while. The brush sets I've gotten on here always has a brand stamp and sometimes they are a little corny sounding or tacky looking - this one is perfect. I thought the size of the brush is just right, good density - bottom line is I have no complaints about these! This is a set I would recommend getting. Don't let the price scare you off from thinking you are getting a bad quality brush set - it is better than I had expected.",1624917504077,False,1
AEH7RAIDBU7QALXTMWAA73PTL4JA,B08RYN11N9,5.0,"great quality roller, feels really nice, de-puffed my face","I don't like a lot of facial massagers but LOVED this one. First of all, it is gorgeous with the pink ombre on silver. It has a good weight to it and is easy to grasp. The angle makes it so that when you are rolling it almost creates a pinching effect. It also feels cool on the face, with or without any lotion/serum. You can make it even cooler by storing it in the fridge prior to use. I also had some tightness in my neck area and it worked great as a massager too. Very good quality roller, this is one I highly recommend!",1624403169440,False,0
AEH7RAIDBU7QALXTMWAA73PTL4JA,B08RRSPNWV,5.0,my (only) favorite BeautyStat product,"I've heard a lot of good things about this brand but I personally wasn't a fan of their other products. That said, this product is my favorite from BeautyStat. This is one I would be repurchasing once I am done with this bottle. I loved how it felt on my skin, and although it is a ""face oil"", did not leave my skin a greasy mess. My skin soaked it up soon after applying and just made it feel nice and moist. It just feels very light and will not feel like it is ""weighing"" down your skin like some heavy oils can do. It feels very gentle and I did not experience any itchiness or irritation. There is no scent to this, and is just 100% pure Squalane. If you are wanting to try this brand but not sure which product to get first, I would say get THIS.",1622704719036,False,2
AEH7RAIDBU7QALXTMWAA73PTL4JA,B08FCV18Q4,4.0,gentle face scrub,"I got these to give to my husband to try, as I don't think he has ever used a face scrub before. His skin isn't bad but everyone's skin could do with a little scrub every once in a while to brighten and freshen things up. I tested it out before giving it to him as i wanted to make sure these didn't have any off putting smells or texture. Scent wise, these are nice - not too overpowering, a gender neutral scent. I was expecting the typical masculine scent you find in men's skincare but I was pleasantly surprised that it is more gender neutral. After using the scrub my face felt clean. It isn't a super strong, gritty scrub but more on the gentler side. I think this could be a good scrub to use 3 times a week because it isn't super gritty but I would also rotate this with another face scrub that is grittier. This scrub didn't leave my skin with the softest, smoothest feeling afterwards like with some other scrubs but it isn't bad. This is a good one for someone that wants a gentler, less harsh scrub. Good ingredients.",1621662534087,False,0
AEH7RAIDBU7QALXTMWAA73PTL4JA,B08SG2MBRY,5.0,"smells nice, thick, creamy body wash","This is a pretty good sized bottle of body wash that will last quite a while! It has.a thick, creamy consistency - not at all watered down, which I appreciate! It feels nice on the skin, lathers well, and gives me skin a good clean. I got the cucumber aloe one, it smells nice. I've seen this brand around but never tried it until now. I'm glad I did. It is a good body wash and great value, especially this two pack one. I plan to try the lavender/vanilla combo and shea/cocoa butter combo next. Good stuff!",1620717484573,False,1
AEH7RAIDBU7QALXTMWAA73PTL4JA,B08XBBZPN6,4.0,Decent patches,"I love testing acne patches and my most important criteria is that it works, meaning I have to see it suck out the gunk. The size/width/ingredients doesn’t matter as much to me because what we want is something that will deflate the break out. These ones didn’t work as well for me. It did work, yes, but it didn’t suck the stuff out as well as some of the best acne patches I’ve tested.<br /><br />I’ve seen other reviews mention a smell but it’s just the scent of tea tree oil, and it isn’t even that strong - so don’t be worried about it smelling like anything offensive.<br /><br />Overall these are decent but aren’t the ones I will be reaching for when I need the breakouts gone by the morning.",1619849202396,False,0
AEH7RAIDBU7QALXTMWAA73PTL4JA,B08S1LWF9V,2.0,I don’t do silicones (and petrolatum),"I heard a lot of good things about this brand but after trying it / seeing the ingredients list I wasn’t too happy. My favorite is the moisture essence with 100% plant based squalane. It doesn’t have anything else and that is the only product I don’t mind using on my skin. It doesn’t have any offensive scents and odors, and I like the way it makes my skin feel. That product is 5 stars for me. However, the other two, Skin Refiner and Moisture Boost, I am not sold on because of the ingredients. When I first used the skin refiner I loved how it felt - goes on smoothly, glides through my skin, and melts into it like butter. I looked at the ingredients only to see that it is, of course, filled with silicone (siloxane and petrolatum). I should have looked at it first before trying. I know studies may have shown that silicones are ok for skin, but for me personally I just don’t want that on my face. As for the petrolatum, that is something I just don’t want anywhere near my skin! While I loved the way it felt I didn’t feel good about the stuff in it. The skin refiner also made my skin itchy and tingly, even though I tried on three separate occasions, so I had to stop using it. The good thing about these products is they are fragrance free. Overall, I just did not like the two out of three items. I posted a list of the ingredients for anyone who needs to refer to it.",1618727303406,False,3
AEH7RAIDBU7QALXTMWAA73PTL4JA,B08NJ5BTWG,5.0,Facial sunscreen without the icky-ness,"I don’t like to put sunscreen on my face because it’s either sticky, has a white cast, smells weird, breaks me out or just does not go well with my makeup. For the longest time my facial “sunscreen” was just to avoid the sun, stay in the shade. That is still my mantra, but occasionally when I know I’ll be in the sun I put on a good Asian sunscreen - because they tend to uncheck all the boxes of the things I mentioned above. That said, this is another sunscreen I am adding to my collection. It did not feel uncomfortable on my skin and did not leave any white cast or blotches. It absorbed pretty quickly and my skin didn’t feel tacky. Also, this is SPF 50! All in all, this is another Asian facial sunscreen that I am adding to my “loves” list.",1617975142734,False,0
AEH7RAIDBU7QALXTMWAA73PTL4JA,B088X67C26,5.0,Really liking the blessing of sprout products,"It took me a while to try this out and I finally was able to. When I opened it, at first I thought the cream went bad. The texture just looked different. Usually face creams look smooth but this had almost a goopy look before even putting my finger into it and testing it out. I came here and noticed that everyone pretty much had the same experience and it wasn’t that my jar that went bad - so I figured it was safe to put on my skin.<br /><br />Upon applying, it is a bit tacky and sticky feeling but after rubbing it in to my skin and letting it settle, it fully absorbed into my skin. I loved the smell of this product. I thought it moisturized quite well without being too heavy or light. I wanted to try this cream because it uses lotus extract and other sprouts, which is just different from most of the western face cream products out there. I’m sure one day western products will catch up and do the same thing as Asian/Korean beauty products, as I have seen time and time again. I also paired this product with the serum from the same product line, and have been loving how my skin feels.",1612578834468,False,1
AEH7RAIDBU7QALXTMWAA73PTL4JA,B0B2L218H2,5.0,no more lugging around a heavy bottle of perfume / body spray,"Prior to these I had been carrying wet wipes in my bag for when I’m out and need a little refreshing / wipe down sweaty body parts. The wet wipes are not scented and I did not want to carry a bottle of perfume or scented spray with me because those are too heavy and bulky. I would be clean but I wanted to smell nice. These perfume wipes are the perfect solution for me. I now have these in my bag whenever I am out (to the park, grocery shopping, etc) and I don’t have to worry if I start to sweat or not smell as fresh as a bed of roses. What I’ll do is I wipe myself down with wet wipes first then I’ll swipe these on my neck and wrists. These are so convenient! I really like this scent as well. These would also be great for weekend getaways where you’ll have one less heavy thing (perfume bottle) to pack. The only issue is that it is not very cost effective - but you’ll have to weigh convenience with cost to see which is more important to you.",1607935919725,False,0
AEH7RAIDBU7QALXTMWAA73PTL4JA,B08DK74M1P,4.0,great quality sanitizing wipes,"These wipes are great for when you are out and not want to lug around a huge bottle of hand sanitizer in your bag. They don’t really smell like alcohol or anything overwhelming at all, which I was surprised with. This would be a good wipe to bring with you to a restaurant where you can use it on your hands first then wipe down the table. I like this wipes but they can get a little pricey in comparison to pump gel/liquid sanitizers (per use).",1604201679894,False,0
AEH7RAIDBU7QALXTMWAA73PTL4JA,B08YJV9YL2,4.0,nice bottle of shower gel for guest bathroom,"I know scents are a personal thing and can be a hit or miss for most people. I didn’t mind the vanilla musk scent at all and thought it was pleasant. This is a good sized bottle and should last quite a while. For anyone who does not want to use this as a shower gel you can always use it as hand soap or as a refill for your hand soap. I already have plenty of shower gels I need to use up in my own shower so I am putting this in our guest bathroom, especially since the bottle has a nice floral design. My only complaint is this is a Korean product but they should have also included a list of ingredients in English in case it was a gift and the recipient needed to make sure they were not allergic to anything used in this shower gel.",1603594551669,False,0
AF4UB2PGVLHK45WF7I6OED36OQDA,B0BGT17QQG,4.0,Loving Barrier From The Sun!!,"I love the spoiling touch of this magnificent mineral sunscreen! It also gifts my skin a tanned acceleration that’s welcomed. The SPF 22 is quite effective and lightweight, so its suppleness covers my skin with a beautifying layer of protection.",1667355562543,False,0
AF4UB2PGVLHK45WF7I6OED36OQDA,B0B5VP6TZ7,5.0,Saying Goodbye To Puffy Eyes!!,"This eye corrector serum provides me a lavishly gentle touch that pampers my facial skin with affection! It not only hydrates my rough looking texture, but it unveils a tender plumpness back to my skin, and a luxuriousness that soothes my skin tone.<br /><br />Those dark circles I dislike are quickly put on notice, as their taunting appearance is subtly diminished from view. My blue eyes have regained their luster and suppleness and I’m well-pleased by the every life-changing transformation!",1659256299139,False,1
AF4UB2PGVLHK45WF7I6OED36OQDA,B0B4JPGX8P,5.0,Finding My Innocence!!,"Nothing outperforms the gracefulness of this supple, skin-mending gel! Its loving touch is wonderfully designed to transform my troubled skin and complexion and leaves it smoothes and tenderly radiant.<br /><br />It not only leaves my skin fully moistened, but it is amazingly effective at peeling dull layers of crude impurities away from my face. My sensitive skin is revitalized and left totally spoiled, as it boldly regains its classiness and youth back.<br /><br />Not even the cruel effects of daily stressors can withstand or penetrate my skin’s new layer of beauty barrier of skin. Even its pleasant scent is calming to my finicky senses.",1658464087456,False,1
AF4UB2PGVLHK45WF7I6OED36OQDA,B09ZDQ626L,5.0,This Supple Cleanser Renews My Skin!!,"This succulent facial cleanser takes pampering my troubled skin to the next level! This mousse is delectable and soft and does an amazing job at removing my makeup after a long day.<br /><br />But it doesn’t just stop there, it also eliminates my dryness of skin with its supple moisturizing caress, spoiling my skin texture with it’s powerful amino acids. I not only take full advantage of its gentleness daily, but the brush included is a true friend to my sensitive skin.<br /><br />This formula is my secret weapon to achieving and maintaining innocent-looking skin!",1654560093020,False,0
AF4UB2PGVLHK45WF7I6OED36OQDA,B09ZKWV5MK,5.0,Silky Locks Of Love!!,"These scrunchies are excellent for all hair types! They’re cute, softly delicate and truly pampering without pulling on my hair. Plus, the silky fabric is lavishly effective at holding my hair in place as I slumber, as forget they’re even in my hair.",1654147084888,False,0
AF4UB2PGVLHK45WF7I6OED36OQDA,B09GGC6696,5.0,Back Off! My Scrunchie!!,This oversized scrunching is perfect for maintaining my long strains of hair! The satin material is soft and silky to the touch and I love the look!,1651373417005,False,0
AF4UB2PGVLHK45WF7I6OED36OQDA,B0971Z28DS,5.0,Youthful Facial Skin!!,"Those dreaded days of fiery skin has been eliminated with this succulent serum! My skin complexion is left totally soothed and loved by its gentle touch. Its supple dose of hydration nourishes my surface with excellent skin health. It also strengthens my surface with a warmth of added love, calming it without signs of irritation or redness, while boosting the true innocence of my face!",1648787401289,False,0
AF4UB2PGVLHK45WF7I6OED36OQDA,B08N5NDVGH,5.0,Slow Motion With This Superb Lotion!!,"This therapy massage lotion is the my pathway to total relaxation! It takes my massages to the next level, by making my achy tense muscles a thing of the past. And it does an amazing job at restoring my best blood circulation.<br /><br />Plus, it’s supple enough to actually mend my dry skin, making it a multifunctional lotion of love. And the effects last an extended amount of time, thanks to its ability to provide quick absorption. This is the massage lotion I depend on for fast relief of my sore muscles!",1647491904240,False,0
AF4UB2PGVLHK45WF7I6OED36OQDA,B09NCDK9T1,5.0,Delicate Rays Of Beauty!!,"This ultrafast laser hair remover is an ingenious creation. It’s super sleek, with the power to match and makes permanent hair eradication a breeze. It offers me a true painless treatment, as it also pampers my skin with its gentle touch.<br /><br />It also gives me 3 modes of supple comfort, and a sensor scanning process that proves it’s a true genius at loving my skin tone with integrated perfection. And I am literally addicted to the precision head it comes with, which is perfectly designed to help me focus on specific trouble spots or places I wish to give special detail to.<br /><br />Not only that, it allows me to truly spoil my skin with a picture of ‘hairless perfection’ in the span of a three song playlist. This IPL helps me love my curves!",1647054198564,False,0
AF4UB2PGVLHK45WF7I6OED36OQDA,B09JNRPRKT,5.0,Warms The Heart Too!!,"This multi-purpose warmer is so unique and adorable! It’s not only cute, but it is equipped with ingenuity that make it a must-have, before you know it. It heats up quickly, which is convenient. Not only does it heat bikini wax well, but gel and massage oil too. And the LCD screen provides accurate temperature, so I always know where I stand. This modernistic sphere of a warmer is ingenious… and I love it!",1644816632696,False,0
AF4UB2PGVLHK45WF7I6OED36OQDA,B09NCJHDX3,5.0,Eyelashes To Admire!!,"Now this is a superb eyelash enhancing serum to behold! I love how it favors me with fuller eyelashes, and incredible brow growth. I’m amazed at the alluring look I’m able to embrace with the results from this awesome serum.<br /><br />My lashes are thicker and much longer than before, and their beauty only compliment my facial features with striking presence. It only took me just a few short weeks for me to get the look I was desiring; bolder and more moistened eyelashes. Ladies, this supple serum is a must for dazzling eyelashes that compliments both your inner and outer beauty!",1644542967117,False,9
AF4UB2PGVLHK45WF7I6OED36OQDA,B0B8SFDJN9,5.0,Rolls Aging Far Away!!,"This caffeine eye roller is pretty awesome! It spews its succulent serum exactly where I need it, which is on my puffy areas and dark circles. That’s when this serum releases a coolness that activates shrinkage and brightening that leaves the skin around my eyes looking younger… fresher. This is my silver bullet… in a black casing!",1643599066016,False,0
AF4UB2PGVLHK45WF7I6OED36OQDA,B093724Y1Z,5.0,Beautify Your Tub!!,"This hot tub pillow is soft, well-designed and looks great in my tub. The suctions on the back keep in place and my soak time has increased greatly since I’ve started using it!",1637341265588,False,0
AF4UB2PGVLHK45WF7I6OED36OQDA,B09G9VRGS1,5.0,"Sunless, Yet Still Gorgeous!!","The natural ingredients in this self-tanner make it a premium alternative to great looking golden brown moisturized skin. It not only has an inviting citrus scent, but it really defines the sexy curves of my legs. And there are no streaks, just a natural long lasting appearance of beauty!",1636951566138,False,0
AF4UB2PGVLHK45WF7I6OED36OQDA,B07JDKTKPW,5.0,Finding What Was Lost!!,"I adore this firming serum! It brings a perkiness back to my exhausted skin, it helped smooth out my cracking flaws and performed an amazing job at balancing out my once uneven skin tone. Yes, it helped me look more like the genuine me!",1636406544929,False,0
AF4UB2PGVLHK45WF7I6OED36OQDA,B09571TNVG,5.0,Mess B-Gone!!,Who likes cleaning up finger and toenail clippings? Now we don’t have too. Just bring this baby out with your manicure set and clippings are sucked away with ease!,1633439568925,False,0
AFJBKPK5W56XWSNPQU2WW66ISWYQ,B09JZXY4YR,5.0,Nice lip gloss,This is a great lip gloss that feels very light on but also has a good amount of pigment to it. The shade I got is nice and neutral. It makes lips soft. It doesn’t last too long but expected with a more natural product.,1621631476435,False,0
AFJBKPK5W56XWSNPQU2WW66ISWYQ,B08XJWLLKQ,5.0,Works great,Great shampoo and conditioner set. Smells great and leaves hair feeling clean and soft. I like this brand and have used it in the past. Seems to be great quality.,1618934798418,False,0
AFJBKPK5W56XWSNPQU2WW66ISWYQ,B08PLFZB89,5.0,Work well for light hold,This is much faster and less messy than using the cream. Quick any easy. Not the longest hold but good for a few hours. Not much of any smell to it which is probably better. Some of these wax's are way too fragrant.,1617909095488,False,0
AFJBKPK5W56XWSNPQU2WW66ISWYQ,B08N6YHQXT,5.0,Works great,Great quality soap! So many good ingredients that are good for skin and hydrating not drying. Smells great and skin feels clean and soft after. Highly recommend.,1616457223039,False,0
AFJBKPK5W56XWSNPQU2WW66ISWYQ,B08SQ31H8P,4.0,Prefer fingers,These are so popular and I was excited to try but I don’t feel like it did it for me. It was hard to get down to my scalp and move around. Felt much easier to just use my fingers. Maybe I need to practice more of try a different massager. They seem well made though and look just like the picture.,1615701950469,False,0
AFJBKPK5W56XWSNPQU2WW66ISWYQ,B08LZLBXYT,5.0,Nice hair wraps,Great hair wraps that help dry hair faster than a regular towel. I like the different colors and they seem to be great quality.,1611448884100,False,0
AFJBKPK5W56XWSNPQU2WW66ISWYQ,B08NPBQR9L,5.0,Small but Works great,Tiny waver that works great to make smaller sized waves. Heats quickly and makes waves quickly. Only took a few minutes to do all of my daughters hair.  I only do a top layer of hair and around the face. Find that it looks less poofy this way. Seems well made and good quality.,1609182507469,False,0
AFJBKPK5W56XWSNPQU2WW66ISWYQ,B08BLX72TP,3.0,Don’t grab well,"These look like nice tweezers, similar in look to tweezerman tweezers but for some reason they don’t grip hairs very well and are very annoying for me. They seem to match up perfectly at the end so not sure why they don’t grab well. Will use as backups or keep in purse or car.",1606878884208,False,1
AFJBKPK5W56XWSNPQU2WW66ISWYQ,B08LYT4Q2X,5.0,Great oils,Great set of oils that are great to use as is or when making other products. I used the coconut oil in a roller ball with some tea tree and clove oil for a rash and it works great. They are both have no scent.,1606103453308,False,0
AFJBKPK5W56XWSNPQU2WW66ISWYQ,B087ZQK2G8,4.0,Works well,Decent shampoo. I used it alone without conditioner so I could see how it worked and it seemed to clean my hair well and leave it manageable. The scent is ok as well. While I didn’t notice anything negative there wasn’t anything that stood out to me to buy it again.,1598591443230,False,0
AFJBKPK5W56XWSNPQU2WW66ISWYQ,B07XQKH3RY,5.0,Great polishes,"Great set of nail polishes. My daughter and granddaughter both liked them and thought they were great quality. Nice colors, go on smooth and dry quick. Don’t chip easily and Last as long as other quality polishes.",1593321721590,False,1
AFJBKPK5W56XWSNPQU2WW66ISWYQ,B07LCHCD6Q,4.0,Works great,"This is a nice cordless, travel size waterpik. It has good power for not being a regular waterpik. Some other cordless ones I’ve tried haven’t had the same power. This comes with a variety of tips. Is easy to fill and use. Has different settings and power levels. Charges via a usb cable.",1556652791507,False,0
AFJBKPK5W56XWSNPQU2WW66ISWYQ,B071JMGPTH,4.0,Seems good,"From my daughter: I like that you can use this product in a variety of ways, when hair is wet as a leave in conditioner, when hair is dry to protect it from heat styling or after it is styled to add shine. I put some on my hair after I straightened it and it seemed to work well to tame frizz and add shine. It has a light scent that isn't overpowering.",1544671934783,False,1
AFJBKPK5W56XWSNPQU2WW66ISWYQ,B07F8PCLDV,4.0,Works well to straighten,"This flat iron works well to straighten hair, but I couldn't get it to curl very well like other straighteners I have. It is easy to use and the red light on the dial turns green when it is ready which is nice.",1544671363612,False,0
AFJBKPK5W56XWSNPQU2WW66ISWYQ,B07J3GH1W1,4.0,Works well,"Clippers work well. I prefer to use them without the plastic catcher that is attached, but it easily comes off. Nice travel case that includes a nail file. Clippers are very sharp and cut efficiently and smoothly.",1544671031249,False,0
AF453YWNMOPDI5XRRVQOIF56NM4Q,B0BL2Q5PYZ,5.0,Not as easy to use in my own hair in the beginning.,"These Braided Hair Clips are nice. I used them in my own hair, and I did have a bit of difficulty in the beginning. I practiced on a mannequin’s hair and was able to use them easily.<br /><br />The pack comes with 4 hair clips. The clips have one big clip on the bottom and three smaller clips on the top. The small clips have little crystals in a flower shape. Each clip has different color combinations for the crystals. Each clip has a spring mechanism for the opening.<br /><br />I will be recommending these Braided Hair Clips to family and friends.",1669216602355,False,0
AF453YWNMOPDI5XRRVQOIF56NM4Q,B0B4VHNL46,5.0,Works great for me.,"This Argan-Infused Round Brush is nice. I used it while drying my hair and I was happy with the results. The bristles felt a little sharp since I have been using a different type of brush but not so sharp, that I couldn't use it.<br /><br />The box comes with a brush. This brush is round and has nylon bristles. The barrel of the brush is open allowing air from the blow dryer to pass through. Instructions are on the box.<br /><br />I will be recommending this Argan-Infused Round Brush to family and friends.",1657982478280,False,0
AF453YWNMOPDI5XRRVQOIF56NM4Q,B09MF28WCD,5.0,These are great. I love the wedge-shaped ones the best but they are all nice.,"This bag Makeup Sponge Beauty Blender is nice. I tried out a few of them and I am happy with them. I think my favorite is the little wedges. I find them helpful for getting around the eyes, nose, and mouth than with most makeup sponges.<br /><br />The bag comes filled with sponges. There are diamond-shaped sponges, wedge-shaped sponges, rectangle-shaped sponges, and round sponges. The thicker ones are pink, and the thinner ones are yellow. Instructions were not included in the bag.<br /><br />I will be recommending this bag of Makeup Sponge Beauty Blender to family and friends.",1641966782109,False,0
AF453YWNMOPDI5XRRVQOIF56NM4Q,B09LLKBZ3S,5.0,Shocked at how well it worked.,This Morovan Gel Nail Polish Remover is great. I used it to remove my Christmas gel nail polish. I was surprised at well it worked.<br /><br />The box comes with a 16.9 fluid ounce bottle of gel nail polish remover and a pump bottle. It also comes with a pack of cotton pads and a pack of nail clips. Also included is a file and cuticle pusher. Instructions are included.<br /><br />I will be recommending this Morovan Gel Nail Polish Remover to family and friends.,1640644020361,False,1
AF453YWNMOPDI5XRRVQOIF56NM4Q,B09B4V77YH,1.0,Not impressed with the quality.,"This Acrylic Nail Brush Set would have been nice, but my fine liners are messed up. I have tried to fix them and so far, nothing works. Not impressed.<br /><br />The tube comes with 8 brushes in different sizes and brush types. These brushes are used to decorate the nail when the brushes are in good shape. There are no instructions included.<br /><br />I will not be recommending this Acrylic Nail Brush Set to family and friends.",1639856957547,False,0
AF453YWNMOPDI5XRRVQOIF56NM4Q,B098GMKW8D,3.0,I think I clicked on the wrong polish.,This Simple Pleasures Kit is cute. I think I might have clicked on the wrong thing. This looks like a child's set.<br /><br />The kit includes two separate sets. One has a separator and 6 small bottles of polish. The other set has 4 larger bottles of the colors in the first set. This one has nail stickers included. These polishes are water-based and kid-friendly.<br /><br />I will not be recommending this Simple Pleasures Kit to family and friends.,1637804836491,False,0
AF453YWNMOPDI5XRRVQOIF56NM4Q,B09571TNVG,3.0,Instructions not included.,This Mini Nail Dust Collector is nice. I would have loved to have instructions included with the collector. I did go on the purchase page to see that I needed 2AA batteries. There is one part that I still don't know what it is for. I did a test and it did work and I am happy with that but instructions would have saved time.<br /><br />The box comes with the collector. It has two little tools include. On small brush and I don't know what the other thing is.<br /><br />I will be recommending this Mini Nail Dust Collector to family and friends.,1637200808637,False,0
AF453YWNMOPDI5XRRVQOIF56NM4Q,B094QK5NSZ,3.0,"Not impressed with the pouf ball, the rest of the set is nice.","This Havtyyise-3 set is nice. I really like the hand mitt. The holes on each side are better than the ones with no holes. This made it easier to get the soap on and keep the mitt on all at the same time.<br /><br />The set comes with a mitt, a handled back scrubber, and a pouf ball. The mitt is the best in the back and the back scrubber comes in second. I do not like the way the pouf ball is made and I don't see it lasting very long. It just flattens out because it is poorly made.<br /><br />I will be recommending this Havtyyise-3 set to family and friends but I will let everybody know about the pouf ball.",1635738859991,False,0
AF453YWNMOPDI5XRRVQOIF56NM4Q,B09CTMVY68,4.0,It is very cute in your hair.,"This JODK Heatless Curling Rod Headband is so cute. I loved how it looked when my hair was in it. I waited 4 hours and my hair still wasn't dry so it didn't curl. I will be trying it again.<br /><br />The box comes with a hair curler and clips. It also comes with 4 scrunchies, 2 large and 2 small. There is also a beautiful, drawstring bag to store everything and instructions.<br /><br />I will be recommending this JODK Heatless Curling Rod Headband to family and friends because it is so cute.",1634259115164,False,1
AF453YWNMOPDI5XRRVQOIF56NM4Q,B098KCD857,5.0,Works great!,"These HH&LL 4pcs Large Hair Claw Clips work great. My hair is not thick but these clips stay in my hair. I am impressed at how well they work.<br /><br />The pack comes with 4 large clips. The teeth of the clips go inside each other enough to hold the hair. The colors in my box are white, pink, black, and brown.<br /><br />I will be recommending these HH&LL 4pcs Large Hair Claw Clips to family and friends.",1629931507170,False,0
AF453YWNMOPDI5XRRVQOIF56NM4Q,B099NQM7MF,1.0,It is soft but doesn't work any better than other mitts.,This Silk Exfoliating Mitt is soft. I used the mitt on my face. I can not tell any difference between this mitt and any other mitts except that it is soft. No difference in the skin.<br /><br />The mitt fits the hand for cleaning. The resealable package comes with a mitt. It says 100% silk but I'm not sure I would agree with that.<br /><br />I will not be recommending this Silk Exfoliating Mitt to family and friends.,1629218016977,False,0
AF453YWNMOPDI5XRRVQOIF56NM4Q,B095NM2DKG,5.0,Latch hook included.,"This Pre-stretched Braiding Hair Purple is pretty. I got it to put in my mannequin's hair. I make handmade scarves, hats, and other things that would look great with this hair. I was surprised at the amount of hair I got.<br /><br />This hair is beautiful. There is 8 individually packaged purple hair. Included with the package is a latch hook but not beads to attach the hair.<br /><br />I will be recommending this Pre-stretched Braiding Hair Purple to family and friends.",1625711951056,False,0
AF453YWNMOPDI5XRRVQOIF56NM4Q,B0943Y3Z8N,2.0,No difference in my skin. I will use the jade in something else.,This Jopuzia Natural Jade Roller is beautiful. The roller doesn't appear to do anything for my facial skin. I love the jade that is why I gave it a two-star rating not because it worked for the skin.<br /><br />This set comes with a large almost heart-shaped piece of jade. There is a roller with three pieces of jade. I will be using this jade in something else.<br /><br />I will not be recommending this Jopuzia Natural Jade Roller to family and friends.,1623949076043,False,0
AF453YWNMOPDI5XRRVQOIF56NM4Q,B0912VNQRM,5.0,These work great!,These Daletu Nail Tip Clips work great. I put on the nail and then clipped it to my finger. It helped the nail stay in place while it dried. I think they will be good for other crafty things too.<br /><br />The clips are clear and they are not too tight on the fingers. They come individually packaged. Because they are clear it helps to get the clip in the correct place on the nail.<br /><br />I will be recommending these Daletu Nail Tip Clips to family and friends.,1623633511549,False,1
AF453YWNMOPDI5XRRVQOIF56NM4Q,B0916ZRQDG,1.0,Bright red. Chapped my lips.,"This HEXZE-emoji the iconic brand Moisturizing Lip gloss is bright red. I have fair skin so this ""gloss"" made me look like a corpse. It is also supposed to be a moisturizer but it made my lips crack and peel. Not happy with this at all.<br /><br />The lip ""gloss"" comes in a little tube and you brush on the color. If you have a different skin type than mine you might like it but it did chap my lips. I would think twice before getting this product.<br /><br />I will not be recommending this HEXZE-emoji the iconic brand Moisturizing Lip gloss to family and friends.",1623033973756,False,0
AH5HSMUMRJRDWBPFDQ6G3EAAOSFQ,B09NFQ69KT,4.0,"3.5 stars; awful flavor and smell, 4 coats gets a good opaque color","There’s such a strong, sweet, artificial vanilla flavor and smell to this that is cloying and sickening. Yuck. I hate it.<br />Once it sets (about 2-5 minutes, which is longer than most), it looks matte and stays in place very well. It took 4 layers to look fully black on me.<br />Would be 4 stars if it didn’t taste and smell horrible. 3.5 stars",1641772992558,False,0
AH5HSMUMRJRDWBPFDQ6G3EAAOSFQ,B08Z7FQGW3,5.0,Rose gold masterpiece!,"This ornate crown in rose gold, tones of amber, and hints of ivory and bronze creates an elegant, striking look that will have the wearer feeling like royalty. The size and proportions make it a grand statement piece that matches with a variety of looks, particularly those with warm or earthy colors. Great quality, doesn’t tangle with hair much, and a bit of weight to make this an absolutely gorgeous accessory.",1630710712061,False,0
AH5HSMUMRJRDWBPFDQ6G3EAAOSFQ,B096BJNC36,5.0,Cleanest tongue ever!,"Wow, these are So much better than using your brush or those plastic scrapers. My tongue has never felt cleaner; furthermore, the next day, morning breath isn’t so bad! Your tongue is so clean from the night before, that your whole mouth just seems more fresh the next day. Absolutely wonderful! Highly recommend.",1627051232532,False,0
AH5HSMUMRJRDWBPFDQ6G3EAAOSFQ,B0925WGY2F,5.0,"Giftable set, looks as described","I’m happy to say that these looked the same as the product photos, and they are individually packaged so that you can give each one as a gift to six different people, or keep them all if you want. Nice amount of fluid, fairly easy application, though you might need to apply it twice to get the right opacity, and once it’s dry, it stays put without smudging.",1623106937849,False,1
AH5HSMUMRJRDWBPFDQ6G3EAAOSFQ,B08JPK6MKD,4.0,"Very similar colors, semi matte","This four pack of lip color features a fairly limited palette for those who like warm, deep reds. I wouldn’t say it’s the most matte lipstick I’ve ever seen; rather, it has more of an eggshell finish, but they look good for the price and are quite opaque.",1606681826904,False,0
AH5HSMUMRJRDWBPFDQ6G3EAAOSFQ,B08JPKXJMV,5.0,"Great length, very full","This wig is absolutely gorgeous, with a great length and plenty of fullness for a sexy, luxurious look. You can’t tell in my pictures, but in bright light, you can see that hint of burgundy red, and in dark or light, it looks like a natural brown black. The only downside is that the part looks a little bit fake, but other than that, it’s a beautiful wig at a reasonable price.",1606149260296,False,0
AH5HSMUMRJRDWBPFDQ6G3EAAOSFQ,B08DXLRTSB,3.0,Itchiness and irritation,"I was so excited about this, and with the price tag, I had high hopes. Unfortunately, it caused a pretty dramatic reaction, and my face began to itch and burn. I hate to say it, but for people with sensitive skin, sometimes a long list of natural ingredients isn’t really the best thing. Or at least it wasn’t for me. I feel very uncomfortable and I’m going to go wash my face now. Also, it smelled weirdly chocolatey, which is not something I expected at all, but it’s not a good smell in my opinion. (But if you like that, then you might appreciate this. If you have sensitive skin, this might not work out for you.",1601509472151,False,0
AH5HSMUMRJRDWBPFDQ6G3EAAOSFQ,B07DKRK8ZW,5.0,"Eco-friendly option, basic but good","These no-frills toothbrushes are pretty basic, but they get the job done. The eco-friendly recyclable packaging, plus the bamboo body for the toothbrush, make these a thoughtful choice for those avoiding heavy plastic use. The bamboo will discolor over time, but I haven’t had any health issues related to that. It can look a little mildewy—no big deal. Considering you get a little toothpaste with each box, the price per brush and paste set of $2.60 is pretty reasonable.",1593826333243,False,0
AH5HSMUMRJRDWBPFDQ6G3EAAOSFQ,B083VRSDVD,5.0,Cute party favor!,"I just got married, and this went to some of the girls who helped out. I absolutely love these post-party favors. They’re useful, cute, and a fun way to say thanks.",1583162937877,False,0
AH5HSMUMRJRDWBPFDQ6G3EAAOSFQ,B07ZQ1QXK7,5.0,"Beautiful gift, relaxing tool","I absolutely loved the rose quartz roller! It feels very gentle on your face and your neck, and the cold of the stone is soothing and reduces inflammation. I looked up some videos on YouTube and there is some conflicting information as to which way to use the roller. For the neck, I understand the lymphatic ducts are towards the bottom part of the clavicle, so to me it would make sense that you would roll downward to get the drainage closer to the ducts. In any case, this is a great massaging, relaxing, and skin care tool that looks beautiful.<br /><br />As for the little bottle of tumbled rose quartz chips? No idea. Decorative?",1579453542055,False,0
AH5HSMUMRJRDWBPFDQ6G3EAAOSFQ,B081HDSNTS,3.0,"Smooth finish, so-so smell","The very light smell of this is not that bad,  but there’s something kind of weird that lingers, like a weird chemical odor. I mean, everything is chemicals, but I mean it doesn’t smell like any particular oil or plant or herb or spice. It smells kind of plasticky? It absorbs nicely and offers a smooth finish, but I’m just not quite sure how I feel about the fragrance. It’s not bad, and it’s light, so I guess it’s fine. Not the best, not the worst.",1579142200789,False,0
AH5HSMUMRJRDWBPFDQ6G3EAAOSFQ,B07N318SLJ,5.0,"Beautiful gift, relaxing tool","I absolutely loved the jade roller and the scraping tool! It feels very gentle on your face and your neck, and there are instructions inside the box on how to use the rose quartz roller, with video links and care instructions for the natural rose quartz (it says jade, but this is rose quartz).<br />I looked up some videos on YouTube and there is some conflicting information as to which way to use the roller. For the neck, I understand the lymphatic ducts are towards the bottom part of the clavicle, so to me it would make sense that you would roll downward to get the drainage closer to the ducts. In any case, this is a great massaging, relaxing, and skin care tool that looks beautiful.",1554665371694,False,0
AH5HSMUMRJRDWBPFDQ6G3EAAOSFQ,B07DSC4X3K,5.0,nice warm shadow palette,"The colors are pretty nicely saturated (not too transparent or thin) and the shimmery ones look very pretty and subtle--not glittery, just picking up some light. The similarity of color warmth and tone make these ideal for making gradients and smokey eyes, with darker tones near the eyelashes and along the crease, a saturated mid-tone along the crest of the eye and diffusing from the dark/shadow areas, with light highlights under the eyebrows and toward the nose. Nice results with pre-matched, complementary colors.",1547950766488,False,0
AH5HSMUMRJRDWBPFDQ6G3EAAOSFQ,B0BG6WX4DH,3.0,Refreshing but not helpful,"I love the natural ingredients, and the scent, happily, didn’t smell like vinegar. It was subtle and refreshing, perfect for between hair washes. And that’s just about all it’s good for. This is just a refresher spray. It does NOT help with frizz, not even a little.",1547046227077,False,1
AH5HSMUMRJRDWBPFDQ6G3EAAOSFQ,B071JMGPTH,5.0,Overpriced but good,"After a shower and with wet hair, you apply this cream, and your curls form with a soft set (not hard and crunchy) that look defined and bouncy. It’s light, so you won’t add so much weight that curls turn to waves, and the scent is subtle and delicate.<br />Having said that, this is comparable to cheaper products I use like L’Oréal Curve It Curl Taming Cream, and that’s Much more cost effective (current price of $3.99 Prime).",1545077035730,False,1
AHX2B4DEER2QR3IU3CCNB3CWC6TA,B08LCTLZHZ,5.0,Nice quality,These shower caps are nice and thick and work very well.  They are reusable and fully water proof.  We used some of them to cover our metal detector electronics when we detector in the rain.  They work perfect for that application as well as a traditional shower cap!  We are careful to air dry these completely before storing them away so they won't mold.  They are see through so they work well for covers on electronics!,1619808858378,False,0
AHX2B4DEER2QR3IU3CCNB3CWC6TA,B08F79Z1Q5,5.0,handy,"These smaller spray bottles are very handy for sprayer needs.  We use them to most our plants, and to spray unruly hair.  They are a compact but work very well.  Nice and thick, but plastic so no worries of shattering them it they get dropped.  So far they have worked great and we have not had any issues.  The intake hose is long enough to reach the bottom and get most of the liquid.  No clogs or extra drips.",1618593410785,False,0
AHX2B4DEER2QR3IU3CCNB3CWC6TA,B08C2T24WG,5.0,Nice set,I use tweezers a lot and these are pretty decent ones.  They work for holding small screws and reaching hard to reach spots.  Not super fine tips but work for my needs.  I did sharpen and shape the pointed set a bit to use to remove some solder flux in a very tight spot.  Handy for most any detail work.  Scissors are so-so and will probably get trashed pretty quick in the shop.  The case is super handy and keeps the set together and is easy to slip into a pocket to take with you.  These would work pretty good as eyebrow tweezers also.,1607799838687,False,0
AHX2B4DEER2QR3IU3CCNB3CWC6TA,B08CVCLVS2,5.0,Nice color,This is a good gel polish.  Works well with other gel topcoats and base coats.  Most of the colors were single coat coverage.  A couple of the lighter colors required a second coat.  Set up was quick and no foot or tacky spots after running the UV cycle.  Soaks off well and clean up was as easy as any polish. Loved the variety of colors and overall quality is great.,1607174175943,False,1
AHX2B4DEER2QR3IU3CCNB3CWC6TA,B08F4CGWBG,5.0,great for quick use,My wife really likes these for quick clean ups.  She uses them for after workout times when she is running late and can't take a shower.  Leaves her clean and feeling fresh.  Very gentle on the body even in sensitive areas.  Has a mild scent and does not irritate at all.  Wipes is large enough to clean the entire body and is very thick and soft.  perfect for travel.  Perfect for areas that may have little or no access to water.,1604439751305,False,0
AHX2B4DEER2QR3IU3CCNB3CWC6TA,B08DHZW3LK,5.0,nice set,This is a nice gel set.  Colors are vibrant and the glitter really stands out.  Super easy to use and setup was quick and complete.  Very easy to shape and overall the kit was a pleasure to use.  We even let our 13 year old granddaughter use it as it worked so well and was so easy to use.  She liked it so much she took several colors home with her to do some friends nails.,1604069798131,False,0
AHX2B4DEER2QR3IU3CCNB3CWC6TA,B08CZG1MQF,5.0,surprised,"I have this a try with a very negative attitude about it.  Wow I was shocked at how well this cleans ears, and how comfortable (dare I say it actually felt pleasant????) it was to use.  It is very soft and gentle on the ears.  Cleans very well and cleaning the tools was a breeze.  Case holds everything secure and keeps it clean and ready for the next session.  I use this once a week and very pleased with this product.  Heck even the mirror in the case is super nice and easy to use.  This is perfect for all ears.",1601127020450,False,1
AHX2B4DEER2QR3IU3CCNB3CWC6TA,B086XH7BWW,5.0,better than hot oil,My wife has damaged hair and has used those hot oil treatments.  This works so much better and is not as difficult to use.  After 2 shampooing a and conditionings her hair looks and behaves so much better.  This has repaired the split ends and has tamed the frizzies.  Gentle on the scalp and leaves her hair so soft and shiny.  Safe for colored hair.,1600603097596,False,0
AHX2B4DEER2QR3IU3CCNB3CWC6TA,B086MN4SRX,5.0,smells nice,"First and foremost- this is a cream deodorant.  If you have never used a cream it is basically rubbing  lotion into your arms pits (anyone remember Tussy deodorant?)  We gave this a go and it smells really nice- a little strong (Jasmine has a very strong sweet scent),  but pleasant.  Did not irritate the skin at all and pretty much stopped odor (we did have a very sweaty 1.5 hour workout and by the end of that we were pretty stinky).  For normal daily use this works just fine and keeps you stink free.  It does leave a bit of a challenge residue on clothes so watch out for sleeveless clothing.",1600292286301,False,0
AHX2B4DEER2QR3IU3CCNB3CWC6TA,B08BS3WDPJ,5.0,Great masks,These masks work very good.  Very soothing on the face.  My girls have a beauty day about once a month so we are always trying out new masks.  These ones work great and they loved how clean and soothing these were.  They said their skin felt younger and more elastic.  Super easy to use and no I'll side effects.,1599394167461,False,0
AHX2B4DEER2QR3IU3CCNB3CWC6TA,B0881MBQQF,4.0,work ok,These foot stones work ok.  They do remove dead skin and calluses but are a bit rough and don't leave a smooth finish.  We end up following up with a very smooth foot file.  We tried using them in the shower and that seemed to work better so they get 4 stars for shower use but dry they are a bit too rough for our taste.,1598993797628,False,0
AHX2B4DEER2QR3IU3CCNB3CWC6TA,B08BYK8SKR,5.0,good workout bands,"My wife likes these a lot for her workouts.  It has been a very hot summer and our workouts have gone from a little sweaty to drenched in sweat grossness.  These have not only kept her long hair out of her face, by have stopped the sweat from dripping down her face and into her eyes.  Gross yes but they work wonderful and wash up perfectly.  Zero complaints.",1598105790894,False,3
AHX2B4DEER2QR3IU3CCNB3CWC6TA,B086YBQ8M7,2.0,odd shape,This has an odd shape.  It is almost pointed at the front and kinda like a crown.  It really is slippery and  kept pulling down when used with a mask.  Without the mask it kept riding up and would not stay put.  Very large writing on it made it a bit tacky.  Just didn't work for our needs.,1596574464089,False,2
AHX2B4DEER2QR3IU3CCNB3CWC6TA,B088FBNQXW,5.0,Amazing for mask use,My wife loves this headband.  Her masks hook up easy and this relieves all the ear strain the elastic bands cause.  It is stylish and comfortable.  Helps keep her quarantine hair (which is getting very long) manageable and out of her face.  Fits great and works wonderful for all day use.,1591829861586,False,1
AHX2B4DEER2QR3IU3CCNB3CWC6TA,B081ZN3TD5,5.0,Awesome combs,"I love these wooden combs.  They are static free and on a great job of de-tangling the hair.  I have issues with static hair and these have solve the problem with the first use.  I have shorter hair so I don't even bother with a hairbrush anymore.  I really can't evidence which one is my favorite as I tried them all and love them all.  I won't go back to a brush or plastic comb ever again as these work amazing,  Also the finer tooth ones work great on my beard so that's an added bonus!",1581169846523,False,0
AF7XNTURXVPO55T5EP4B4DVPQPPQ,B08KFKKPBB,5.0,awesome scent and cleans well,"This citrus scent is so nice. It's light and not too strong and does not irritate my sensitive skin. It cleans well, even taking off my mascara without much trouble. it doesn't strip all the oil off my skin. My face has a glow after using it - so clean and bright. love the vitamin c in it - it truly brightens dull skin",1627680360523,False,0
AF7XNTURXVPO55T5EP4B4DVPQPPQ,B08KG48M5L,5.0,"the best self tanner I've ever used, and I've used many over the years - NO SMELL! Really.","Every other self tanner, even ones that were marketed as having no scent, had that awful, make you sick to your stomach odor. Except this one.<br /><br />I am not sure how they do it but they did it.<br /><br />And, it's a great product. It works fast. I typically put it on after I towel dry from the shower, then wait a few minutes while I brush my teeth. The key to a non-streaky appearance is to use a mitt!!! This one came with a soft velour mitt and it works wonders. I still get spots that I miss but that is due to user error - and it would be easier to spot these gaps if this tanner was tinted a little bit more. I wouldn't take a full star off for that but I would love it even more if it was easier to see where I had already put it on.<br /><br />It arrived super fast and sealed, not leaking out like with many other products.<br /><br />It lasts only about 2-3 days, and it's a lot thinner than other tanners - it's not a cream, much more of a lotion and a tiny bit too liquidy at that. But, overall i love it.",1624996209543,False,0
AF7XNTURXVPO55T5EP4B4DVPQPPQ,B086TS3BKQ,5.0,love these,"When they arrived, it was all dusty inside the package and i thought it was going to be a disappointing product. I was wrong! These are wonderful handmade bars of soap but the do fall apart quickly which is why the inside of the package was so hazy. They are gentle and smell lovely of cinnamon. They are not super strongly scented and the scent doesn't last on your skin that long. Sweet almond has no scent unless almond is added to it, I didn't really pay attention to the details when ordering and assumed it would be scented like other sweet almond products I have - but I love this. They later nicely and my sensitive skin is not irritated at all.",1620308152731,False,0
AF7XNTURXVPO55T5EP4B4DVPQPPQ,B08HMLXW65,5.0,good for thick hair,"Great clips for thick hair. My hair needs a clip that can hold on without slipping through. And, these are not hard plastic so they don't break as easily as traditional shaped hair clips. They are easy to grab and move and feel and look pretty.",1608844817174,False,0
AF7XNTURXVPO55T5EP4B4DVPQPPQ,B07MZT83KK,4.0,love it but to fragrant for me,"This is a great aloe gel. It feels sticky at first like most aloe gels, but is easily absorbed and leaves skin feeling very smooth. However, the scent is too overpowering for me and makes my eyes burn. It could be since I have sensitive skin.",1604938876988,False,1
AF7XNTURXVPO55T5EP4B4DVPQPPQ,B07THLR7RR,5.0,It's nice,"Nice and light fragrance and does a good job detangling. It didn't really keep my hair frizz free on the super humid days we've had but it may work well for others. It does make my hair shiny and while i love that it's a spray, sprays typically don't work for me because the product is too light.",1599425876980,False,0
AF7XNTURXVPO55T5EP4B4DVPQPPQ,B08CXPSYWX,5.0,Feels good and face glows,I’ve used this every day since I got it this week. I put it in the fridge then a bit of lotion on my skin. It feels amaiJg.  I feel like my skin has a nice glow but it’s hard to know if it’s doing more than that. But it does feel so good like rollers meant for muscles. It makes my face Feel Relaxed and looks great,1599271963185,False,0
AF7XNTURXVPO55T5EP4B4DVPQPPQ,B08BFH35VX,5.0,works great,"Five stars because it is an awesome product even for sensitive skin. Fresh scent, light scrub, non-irritating. But, it's way too pricey.",1597342538501,False,0
AF7XNTURXVPO55T5EP4B4DVPQPPQ,B089KCZJ4Y,5.0,so cute,"I have thick hair and most hair bands don't work well. I need to either wrap them three times, which makes them too tight, or they aren't able to wrap three times because they're too stiff. I was so surprised that these thin little bands work so well. They light, don't tear my hair, and work so well! I thought they'd break right away or stretch out and not hold my hair but they're magical little bands!",1595687209056,False,0
AF7XNTURXVPO55T5EP4B4DVPQPPQ,B07FX94GYX,3.0,didnt work for me,Not sure what was going on but these didn't work for me. I wasn't able to get anything out of my nose but I know that there is oil stuck in there.,1585705466055,False,0
AF7XNTURXVPO55T5EP4B4DVPQPPQ,B0914JBBTV,4.0,insanely expensive,"This is over the top for a drug store brand of make up remover. It works great but it does have a scent that irritates my eyes - it doesn't burn but I just don't like it that much. But it's a great makeup remover, even on waterproof mascara. My eyes and skin are very sensitive so you may not experience the same things. I took off one star for price.",1585688864362,False,0
AF7XNTURXVPO55T5EP4B4DVPQPPQ,B09J5TZ7HL,5.0,Works great for sister,Got this for my sister who has a GloPRO. She loves the tool and has results to prove it works. It won't provide the same results as going to a professional but it does seem to help stimulate plump lips. She is very careful in cleaning the head and making sure it is sanitary and uses the original products that come with the GloPRO for filling lips and cleaning the device.,1575012232147,False,0
AF7XNTURXVPO55T5EP4B4DVPQPPQ,B07LGWMPL6,5.0,amazing,"While this is outrageously priced, it really does seem to work. I've tried many serums but really never found anything significant with any of them. This works - my faces looks like it glows, even in this dry and bitter cold weather. I would never pay this much for this, but it does last. A tiny drop is all that's needed and it is non-irritating - even with my sensitive skin. The primrose oil probably helps a lot. There is barely a scent too. My skin looks firmer, plumper, and just more radiant.",1574656893045,False,0
AF7XNTURXVPO55T5EP4B4DVPQPPQ,B07S6CYNBK,5.0,great product,Works well. Love being able to dip my fingers and have the polish disappear but not have my fingers sting. The vitamin e definitely makes a difference and the polish remover works fast even with dark colors. Great value.,1571366893550,False,0
AF7XNTURXVPO55T5EP4B4DVPQPPQ,B07QN8B5VG,4.0,Seems good,"I think I like this - I've never used a primer before, and the first time I tried it, I didn't really notice anything. No pore shrinkage. Nothing great. But then my daughter used it and her skin looked great.So I tried it again I think my skin looked better - not matte, but kind of smooth and glowing. I have used it a few days and I think I like it. It's refreshing, yet really odd to spray it on my face.",1564964759270,False,0
AFZGS7XLGLJFUSUWNX4XA6SGEZQA,B08PHS33D9,5.0,Love this cleanser,"Despite the word oil in the description, this isn't a greasy cleanser which is a good thing. It cleans throughly and doesn't leave my skin feeling dry or caked in oil. I used this as the first step in my double cleansing routine, and my skin has never looked or felt better. I am very pleased with this product and highly recommend.",1638635028405,False,1
AFZGS7XLGLJFUSUWNX4XA6SGEZQA,B07YFQ4C9S,4.0,Nice and nongreasy,"I have very dry hands and have tried a ton of lotions. I love this one-the texture is great, it absorbs quickly, and it doesn't leave my skin greasy. It sinks in less than a minute after I apply it. WOW. Really nice stuff at a great price.",1634526746666,False,0
AFZGS7XLGLJFUSUWNX4XA6SGEZQA,B0916ZRQDG,2.0,Too orange,This color was too orange for my likening which is too bad. It has a nice texture and good staying power. I really like this for the latter qualities but the color doesn't work for me.,1623387288320,False,0
AFZGS7XLGLJFUSUWNX4XA6SGEZQA,B0BTJ6SYKB,5.0,"Reminds me of ""Electric Youth""","As a woman of a certain age, this perfume immediately brought back memories of my pre-teen years: This smells SO much like the Debbie Gibson cult classic Electric Youth. It's sweet, fruity, but not cloying. I LOVE this! Also, the bottle is sexy and fun, too. Shakira hit it out of the park with this one. This would make a fab gift.",1621905953427,False,1
AFZGS7XLGLJFUSUWNX4XA6SGEZQA,B08GFLMGN2,5.0,Nice brush,"This brush is perfect for my fine, straight but still prone to frizz hair. Unlike pure bristles which leave my hair too staticky, this one does not. It also looks nice, too. Over all, a very well-made brush at a reasonable retail price. This would make a great gift.",1621396266162,False,0
AFZGS7XLGLJFUSUWNX4XA6SGEZQA,B083DS2W92,5.0,This is great,"I have so many lipsticks and can never find the one that I want in the moment. This is great. Not only is my makeup bag a lot lighter, but this actually allows me to find what I want when I need it. Tray is well-made and sturdy. I am happy with this, and I may buy another.",1616359988301,False,0
AFZGS7XLGLJFUSUWNX4XA6SGEZQA,B08G4VWFNS,4.0,Amazing mask!,"I tend to think that all masks are basically the same, but I was truly blown away by this one. WOW. My skin looked amazing after this! I popped this on an hour before a Zoom meeting, and I got compliments on my skin. (And I am in my 40s.)<br /><br />This stuff is magic. The serum sinks right in. I didn't even have to wipe any of it off and it left my oily skin moist and lovely.<br /><br />However, the only drawback is the price. Make no mistake: This stuff is expensive.<br /><br />Still, if money is no object and you want something that actually works, check this out.",1615390316747,False,0
AFZGS7XLGLJFUSUWNX4XA6SGEZQA,B0881X5HJX,5.0,"Beautiful color, more like a balm than a lipstick","This is lovely, moisturizing lip balm. The color is beautiful. (It goes on light but then darkens.) It also feels moist without being greasy. It has decent staying power. I really like this and highly recommend.",1615242416903,False,0
AFZGS7XLGLJFUSUWNX4XA6SGEZQA,B08BBJHJGM,5.0,This stuff is great!,This stuff is amazing-esp at the price. I love it and highly recommend it to anyone who has oily skin.,1607813904788,True,0
AFZGS7XLGLJFUSUWNX4XA6SGEZQA,B08KGVBW41,4.0,Nice!,"I have been a fan of this brand since I discovered it as a teen. The shower wash is nice. It smells lovely, has a great texture, and it leaves my skin soft and not dry. I really, really like this! I just wish it came in a larger package.",1604635963919,False,0
AFZGS7XLGLJFUSUWNX4XA6SGEZQA,B07KG1TWP5,5.0,These are great,These are really nice cotton swabs. I love that the cotton doesn't fluff and that they have just the right amount of thickness. The fact that they are eco-friendly is even nicer. I intend to buy only this brand from now on.,1594592459172,False,0
AFZGS7XLGLJFUSUWNX4XA6SGEZQA,B083TLNBJJ,5.0,Love this product,"This is nice product. It's non-greasy and does minimize the appearance of my lines. Unlike many serums that leave me greasy and sticky, this one does not. In these times, a little self-care goes a long way. I love using this in the morning and at night.",1585529091597,False,0
AFZGS7XLGLJFUSUWNX4XA6SGEZQA,B07T92WSTX,1.0,Dried my hair out,"This shampoo did the near impossible and managed to dry out my fine, very oily hair. I don't care for it all, because it is way too harsh.",1585063671533,False,0
AFZGS7XLGLJFUSUWNX4XA6SGEZQA,B081632HX6,5.0,Nice argan oil,This is very nice argan oil that comes in a generous 4 oz size. I like applying this directly to my face and body or making my own oil blends. It's very good quality.,1578607773177,False,1
AFZGS7XLGLJFUSUWNX4XA6SGEZQA,B07X1NG7TG,5.0,Such a step up from other tongue scrapers,"This is one of the smoothest, nicest tongue scrappers I have used. The metal is so smooth, it does the job well, and clean up is a snap. Compared to my old copper one, this one is a million times better. Very nice!",1576849484932,False,0
AGAM2CCKV52HI4YZU7ASZTSXA7YQ,B0BXB4J297,4.0,Good...But Not My Favorite,"Despite having a thick-ish, creamy consistency, the conditioner not only dispenses without issue, its also easy to work into/rinse from hair. Does a nice job of protecting color while detangling and softening. However, I don't really notice any added shine or volume.<br /><br /> I'm beyond thrilled to say it has the unique Moroccanoil product scent that not only smells lovely but actually lasts for a decent amount of time; a rarity with my hair!<br /><br />I love Moroccanoil products and while I do like this, its not my favorite in the line.  I have no plans to purchase this in the future, I'll stick with their hydrating conditioner.<br /><br />Overall score is 3.5 stars",1678571121367,False,0
AGAM2CCKV52HI4YZU7ASZTSXA7YQ,B08HVRP54L,4.0,A Good Aloe/Hyaluronic Gel Cream-(but the jar isn't full?),"This is a nice, light gel cream packed with aloe and hyaluronic acid, 2 things I love to use on my dry, sensitive aging skin. Easy to apply-a little goes a long way. Absorption is fast and does not leave a greasy/stick feel behind.  Instantly hydrates and soothes the red patches of inflammation that plagues my skin.<br /><br />The cream itself if a light blue-ish/grey-ish color but don't worry, it doesn't discolor skin. There is a  bit of a scent that I find to be medicinal though it fades quickly.<br /><br />I do not know if it occurred during shipping (the product shifted) or if its normal but my jar seemed to be missing some cream (see photo). Despite this, its still a good, affordable cream that works well on even the driest of skin.",1654910784744,False,0
AGAM2CCKV52HI4YZU7ASZTSXA7YQ,B096YFBWGX,5.0,Delivers Results I Rarely See w/Other Like Products,"While XXI Bio-Pure facial moisturizer is packed with great skin care ingredients such as jojoba, shea butter, aloe vera, sunflower seed oil and glycerin, I think its the Vitamin C that really makes this an exceptional product.  At least for my skin it's exceptional.<br /><br />This is a nice, lightweight moisturizer that absorbs quickly and doesn't cause skin to look/feel oily or greasy.  It softens and smooths skin. Fine lines are thinned. My dry, sensitive skin looks and feels refreshed.  And thanks to Vitamin C, my normally dull skin has a dewy glow.  I've not found many products that are able to do this to my skin but XXI does!<br /><br />I have dry , sensitive skin and have no issues with this cream<br /><br />XXI works. It works VERY well and some results like soft, smooth skin occur immediately after use.  Results are long lasting.  XXI recommends using this in the morning and at night. I use it once a day in the morning.  A very small amount is sufficient to cover my face.  Because it works so well and delivers great results and only a small amount is needed per use, I do believe the price is reasonable. However, if you find this isn't right for you, XXI offers a 30 day satisfaction guarantee. I absolutely recommend XXI Bio-Pure lotion.",1633138052769,False,0
AGAM2CCKV52HI4YZU7ASZTSXA7YQ,B0932Z1NM1,5.0,High Quality Product That Delivers High Quality Results,"""Best shave I've ever had.  Gives me a close shave with no tugging. Better than an electric razor"".<br /><br />That's the first thing my husband had to say after he tested SUPRENT's  Matrix Cutter Head travel kit razor for the first time.  And what a kit this is. A razor handle, 2-blade refills (each with the first of its kind 6 ultra-thin blades total!), a dock to hold the razor and a bottle of shaving foam are included.<br /><br />The handle is sleek and heavy but easy and comfortable to hold.  The head doesn't pivot  but it doesn't need to thanks to the 38.5 degree shaving angle. It glides perfectly along the jaw line and chin areas without missing a spot.<br /><br />The base is heavy-ish and holds the razor well. Doesn't tip or wobble.<br /><br />He's not a fan of the shaving foam. Says he must 'really rub it in' in order for it to foam.  He used it once and switched back to his regular brand.<br /><br />Suprent has really come out with an awesome razor kit. The presentation is gorgeous and the product works exceptionally well.  Without a doubt this is worthy of gift giving.  The price is reasonable.<br /><br />Highly recommended",1630609578211,False,0
AGAM2CCKV52HI4YZU7ASZTSXA7YQ,B08SG2MBRY,5.0,Crisp and Refreshing!,"I LOVE Hask hair products. I'm a huge fan and have been for some time. So, I was super excited test Hask's body wash.  But I had a problem right from the start. I had to decide between 4 fantastic choices!  Coconut, Lavender + Vanilla, Cucumber + Aloe and Shea + Cocoa Butter. Since it was very warm outside the day I ordered and with summer rapidly approaching, I chose Cucumber + Aloe.<br /><br />Perfect choice!<br /><br />This is a 2 pack of 24.5oz Hask Cucumber + Aloe Body wash. The scent is delicious- light , crisp and not at all overwhelming. The bottle's pump dispenses easily as well as a  good amount of body wash. It lathers quickly and does a great job of cleansing skin.  I also use it while shaving my legs and it works well.  When I step out of the bathtub my skin feels wonderful and I feel nice and relaxed.  The aloe helps hydrate and moisturize my dry, sensitive skin.<br /><br />The 2 bottles are big in size and will last for quite some time in our home.  That, along with the great results make the price reasonable. Recommended!",1621575250672,False,1
AGAM2CCKV52HI4YZU7ASZTSXA7YQ,B08XJWLLKQ,5.0,An Amazing Duo!,"John Frieda's Detox shampoo/conditioner duo is an excellent way to revive and restore hair. The shampoo does a brilliant job of not only cleansing hair, it cleanses the scalp and washes away buildup leaving hair soft and shiny.  The conditioner detangles, hydrates and adds bounce to even the driest hair.<br /><br />Both have a nice scent though it doesn't last long, at least not in my hair!  Each is easy to work into hair and rinse out as well.  I like to use this duo once a week. I experience no color fading or allergic reactions as I have sensitive skin.  Definitely worth the price and absolutely recommended!",1620932469461,False,0
AGAM2CCKV52HI4YZU7ASZTSXA7YQ,B08JTNQFZY,5.0,FABULOUS Brush!,"I'm so amazed by boar bristle hairbrushes and how incredible they make hair look and feel.  This GAINWELL boar bristle brush is a wonderful, compact brush. It may be small but it works wonders on our family's hair.  It works through tangles without pulling or causing pain while leaving hair soft, shiny and manageable.  The compact size makes it perfect for travel, to keep in a purse, a school/gym locker, briefcase or even a pocket.  If you've never experienced a boar bristle brush, I HIGHLY recommend giving it a try. You can't be the price and the results will be worth it!  If, for some reason you're not satisfied, GAINWELL asks you to contact them for assistance. I can't imagine they receive a ton of calls with issues but its great to know customer service is a  priority!",1612994678917,False,0
AGAM2CCKV52HI4YZU7ASZTSXA7YQ,B08L4HTQ3R,5.0,Pamper Yourself...,"Thanks to dry, sensitive skin, I'm always a bit concerned when trying new skin care products. With regards to masks, I've tried some that have worked well, some that caused my skin to burn and some that caused my already dry skin to become even drier.  It makes me SO happy to report that I do not experience any negative issues with HUXLEY Secret of the Sahara Clay mask.  I would have been crushed if I had experienced a negative reaction because this really is one heck of a clay mask!<br /><br />Huxley is a nice, gentle mask. But don't let that fool you, it may be gentle but it does a heck of an exceptional job!  It applies nice and easy.  I let it sit on my skin for 10 minutes before rinsing with lukewarm water, right before its nearly dry.  It exfoliates well leaving my skin soft, smooth , a bit brighter and healthy. Dead skin cells are washed away.  My skin literally feels GOOD after using Huxley.  This mask does have a light scent but it doesn't last long. It is recommended Huxley be used 1-3 times a week. I use it twice a week though I could probably get away with using it only a week because the results Huxley delivers are long lasting.<br /><br />I'm so relieved I will be able to continue to use this mask on my skin. Silly as it may sound  I kind of feel like I'm pampering myself when I use it-it makes my skin feel that GOOD!  I will continue to use/purchase Huxley, I'm that satisfied/impressed with what it does for my skin.  I absolutely recommend Huxley.",1611551927699,False,0
AGAM2CCKV52HI4YZU7ASZTSXA7YQ,B08LFYMGS5,5.0,Fantastic Cream!,"I take Melatonin to help me sleep just about every night.  I had NO CLUE melatonin helps improve skin condition as well!  I have very positive results when I take it to help me sleep. I'm guessing it plays a role in why I experience  great results with MU TENUTO Bereceuse Water Gel cream as well! I love the consistency of this cream. Its a nice, light gel.  It doesn't take much cream at all to cover my face. It applies/spreads so easily on skin.  The first time I used it, I was concerned that it was going to be sticky.  Fortunately, that's not the case.  It absorbs quickly leaving my skin soft and smooth immediately.  I can not only see it but I can feel how it hydrates my skin as well. My skin is normally extremely sensitive and very dry.  The hydration really makes my skin feel great.  I apply the cream at night before bed and enjoy the results in the morning when I awaken.  Lavender is one of my favorite scents.  But I just do not care much for the scent of this cream.  I will not deduct a star from my rating due to the scent...the scent doesn't last long at all.  I don't think its fair to penalize the cream for a scent that doesn't last long.  I have no negative reactions to MU TENUTO. It works and feels great on my sensitive skin.  For those interested in packaging, the jar is glass-nice and heavy with music notes all around it. And here's a neat feature...if you scan the QR code on the package, a snippet of classic music will play on your Smart phone! That's pretty neat.<br /><br />I love what MU  TENUTO does for my skin and works with the very first use!  I find the price reasonable.  This is an excellent cream-it takes wonderful care of my dry, sensitive skin. Definitely recommended!",1611548309557,False,0
AGAM2CCKV52HI4YZU7ASZTSXA7YQ,B08LYT4Q2X,5.0,SO Many Uses For Both Oils! I LOVE Them!,"I am finding SO many uses for Shiny Leaf's coconut and sweet almond oil! I do have some experience with coconut oil but this is my first time using sweet almond oil.  Thanks the labels on the bottles, reviews and internet searches, I'm finding SO many ways to use these oils...sometimes together, sometimes individually.<br /><br />Because I have terribly dry, sensitive skin, my main goal was to see how one or both oils could help protect my skin, especially now that winter has arrived and my skin is REALLY taking a beating.  Both oils work well to hydrate and moisturize, so I mixed a few ounces of each in a mist bottle. After I bathe, I mist  a combo of the oils over my skin to help hydrate and moisturize. The oils absorb quickly and do not leave an oily/greasy look OR feel to my skin.  I'm already seeing a decrease in my dry skin/itchy red patches of skin. I experience NO discomfort whatsoever when misting these oils onto my sensitive skin.  Both oils also work wonders on hair by moisturizing, hydrating, improving hair texture/strength, stimulate hair growth /thicken hair, and nourish the scalp to prevent dry, itchy flakes. In addition to using my combo of oils after bathing, I also give my hair a spray or two with the mister and sure enough, I'm seeing less hair in the drain and on my hairbrush after brushing. My hair is soft, smooth and shiny WITHOUT looking or feeling oily/greasy from the oil combo.<br /><br />I use the coconut oil (alone) to help remove makeup, under and around my eyes to soften and reduce fine lines, I rub a small amount into my scalp (as does my husband) to help stimulate hair growth, on the kid's faces after their baths to soften (especially in cold weather!), on my nail beds every couple of days and a light amount on any patches of eczema/red skin.  (It relieves the itching/burning and redness from eczema quickly!)<br /><br />I use the sweet almond oil (alone) on  dark circles under my eyes, a SMALL amount on split ends in my hair, a drop on chapped lips, I'm just starting to tinker with it for aromatherapy purposes.  I recently learned that it can help fade scars so I've begun to rub some sweet almond oil into a scar on my finger to see what happens. If it helps, I'll then move on to a small facial scar I have. I'm also trying something on my own; just started doing this a few days ago.  I get nosebleeds every single day, at least once a day, throughout the winter when the heat is on in the house. This started when I was 2 years old, I'm now 49 so I've experienced this my entire life.  I now rub a small amount of sweet almond oil under my nostrils before bed.  Since starting this, I continue to have nosebleeds. Yesterday, I had only one and it involved just a few drops of blood. I didn't whip through numerous tissues like normal.  ONE tissue took care of it. (that's huge for me!) I have NO clue if its just a coincidence or if the sweet almond oil is helping in any way but I'm going to continue using it.<br /><br />These oils are phenomenal! Both bottles are 16oz.  I love the fact that they have normal caps on them but pumps for each bottle are included as well.  The liquid of each is thinner oil than I expected, which I prefer.  Both absorb quickly. Neither has a scent.  I've found SO many uses for these oils, I can't wait to discover more. ( I'm SO happy with these oils, I recently purchased Shiny Leaf's biotin hair conditioner and cannot wait to try it! ) I find the price to be incredibly reasonable, especially since you're getting TWO bottles of oils! HIGHLY recommended!<br /><br />*FYI...the mist bottle on the end in my photo is NOT included! I used one of my  own mist bottles to combine both oils.  You will get both bottles AND pumps that you see in my photo, NOT the mist sprayer!",1607202914733,False,4
AGAM2CCKV52HI4YZU7ASZTSXA7YQ,B08M3C6LVS,4.0,Patches Work Well...Not a Huge Fan of the Roller,"Somehow, I managed to dodge dark circles under my eyes for most of my life...until a few years ago. Now, they're the 'norm' for me.  Same for puffy eyes. FRLEDM's 24K gold under eyes patches help tackle both issues and do so quickly. I keep the patches in the fridge-I get better results when they're cold and it feels good as well.  I wear the patches in the morning for about 15 minutes and I'm good to go.  It did take multiple uses before the results were obvious but that's to be expected.  I like many of the ingredients in the patches, including: collagen, hyaluronic acid (HUGE fan!), and aloe, to name a few.  I'm not a  fan of the roller, unfortunately.  I just do not care for the way it feels on skin...its not smooth and gentle, more like tugging and pulling.  I will be passing it along to my mom who is anxious to try it.<br /><br />While I'm not a fan of the roller, I am a fan of the patches and am pleased with the results they provide.  I will continue to use the patches and definitely recommend them. I hate to say that I don't recommend the roller just because I don't like the way it feels so I will just say  its not for me.",1605613110667,False,0
AGAM2CCKV52HI4YZU7ASZTSXA7YQ,B08BB3P4VQ,5.0,"Softens, Smooths and Soothes Skin","I ordered LA LA Leaf Guayaquil hemp lotion for my husband . While it is indeed a hands and body lotion, it targets especially dry skin areas-elbows, feet and heels. He has unbelievably dry , rough elbows and does so year round. He's always rubbing creams and lotions into his elbows with very little positive results. Until now. LA LA Leaf is softening his terribly dry, cracked elbows and doing so each time  he applies it. He has pretty much stopped complaining about his dry elbows, instead expressing  (nearly EVERY. SINGLE. DAY!) his excitement now that he has finally found a remedy.  lol.  While I ordered LA LA Leaf for him, I've now started to use it on my hands as well. Its lightweight, absorbs quickly and doesn't cause my skin to look or feel oily or greasy. Let me tell you, the hemp oil, rose flower water white bark extract , aloe (a fave of mine) ingredients do a heck of a job softening and smoothing my hands after I apply LA LA Leaf. I'm already planning on using extra LA LA Leaf in the winter when my hands get the dreaded deep, extremely painful cracks due to cold weather. I noticed in the info provided above, this lotion can be used after spending time in the sun. Because my skin is so terribly sensitive and dry, I do believe I will use LA LA Leaf after spending time outside in the sun when the weather gets warmer. Regardless of where you use LA LA Leaf on your body, its going to leave you with soft, smooth skin and will do so quickly.  I do believe LA LA Leaf is worth the cost. It doesn't take much lotion to cover the skin (in the areas we are using it on) so this tube is going to last us a decent amount of time. I have every intention of continuing to use/buy LA LA Leaf. It's wonderful",1601706559533,False,0
AGAM2CCKV52HI4YZU7ASZTSXA7YQ,B07ZS3DKL5,5.0,"Lightweight, Refreshing and Wonderful","Boy oh boy, does my dry, sensitive skin LOVE LOVE LOVE Higher Education's Goal Digger cucumber creme!  This is a wonderful  lightweight creme packed with important nutrients such as:  cucumber extract, kale, melon, cabbage, ginger and turmeric, to name a few. Together, these ingredients hydrate and soften skin and do so quickly.  The creme applies nicely -a little goes a LONG way. My skin absorbs it very rapidly and it does not leave a greasy/oily feeling.  It has a nice, light, refreshing  cucumber scent.  This creme will not make your wrinkles and fine lines vanish entirely but  will help visibly reduce them.  If you have dry, sensitive skin you're going to want to try this creme. It will do wonders for your skin!",1594722816304,False,0
AGAM2CCKV52HI4YZU7ASZTSXA7YQ,B089RLLT5C,5.0,Took Care of My Brassy Hair the First Time I Used It!,"A few weeks ago, I tried a different brand of purple conditioner. This was the first time I'd ever used any purple conditioner on my blond hair. After using the other brand, I noticed a subtle change to the brassiness in my hair. While I was satisfied with the results, I also assumed it had done all it could do for my hair.  Tonight, I tried WELLUTION Purple Hair Mask (for blonds).  The mask is easy to apply and it distributes nice  and even on my hair. My hair is thick and shoulder length. It didn't take much mask to cover all of my hair. ( I did put extra mask on my roots/scalp area because I do dye my roots) I let the mask sit on my hair for 10 minutes.  It has a nice scent to it that I very much like. I had no issues rinsing the mask from my hair. It rinsed out without issue. It did not cause my hair to look/feel oily or greasy. I was able to comb it without issue and let it air dry.  When my hair was completely dry it looked and felt nice and soft. My natural waves were present without flyaways.  But...I also noticed my hair was FAR less brassy than it had been.  The change was not subtle the way it was with the first brand I'd tried weeks ago.  This was very noticeable. To say that I""m pleased with this mask is an understatement. Its wonderful.  And I WILL continue to use it as needed.  Blonds, if you're dealing with brassy hair, give this mask a try. I hope it works for you as well as it did for me.",1594605653363,False,49
AE3KLVXGZPANXE5XLXYKHTVAZ3FQ,B08Z7FQGW3,4.0,Beautiful crown for adults,This is a beautiful dark purple leaf crown with rose gold metal. It fits my female adult head nicely and that was after I bent it to make it smaller. It wouldn’t fit a small child. My 4 year old daughter was very disappointed that it didn’t fit her. It came quickly and I’m surprised it was damaged due to the lack of product protection. It is well made and a fun addition to anyone's dress up collection!,1629826110674,False,0
AE3KLVXGZPANXE5XLXYKHTVAZ3FQ,B097JXPZ6D,4.0,Pretty headband,This is a cute bow and is exactly what is advertised. I do believe the $10 price point is pretty high considering you can get 10 headbands for $12. It is well made and fits my 4 year old daughter’s head nicely.,1627938153438,False,0
AE3KLVXGZPANXE5XLXYKHTVAZ3FQ,B095RWJJB8,4.0,Pretty but overpriced,This is a pretty bow however $7 for one bow is pretty expensive considering I can get 10 of these bows for $8 from other sellers.,1627679830425,False,0
AE3KLVXGZPANXE5XLXYKHTVAZ3FQ,B095P6Z9QK,3.0,"Good for long, thick hair","These are a great idea but only if you have nice long, thick hair. I have fine hair and it looks really silly.",1625234647870,False,1
AE3KLVXGZPANXE5XLXYKHTVAZ3FQ,B0919R1CYT,5.0,Great makeup brushes!,These are pretty and very soft brushes that are the perfect size. They are lightweight and easy to use.,1625234528278,False,0
AE3KLVXGZPANXE5XLXYKHTVAZ3FQ,B0952KBKHZ,4.0,"Pretty extensions, watch videos for proper usage",Halo extensions just don’t work for the shape of my head apparently. I’ve watched countless videos on how to properly put on and I can’t get it right for the life of me. I honestly think my head is just a strange shape or something. The extensions are beautiful and nicely made.,1625234456306,False,0
AE3KLVXGZPANXE5XLXYKHTVAZ3FQ,B08QZBZG89,4.0,"It’s okay, runs dark","I have very light eyebrows (thanks genetics!) so I always darken my eye browns slightly with a little brown eye shadow so I thought I’d try this. It is waterproof but does easily rub off skin with some water if you don’t let it sit for awhile. Once it’s dried, it stays on pretty well. I ordered brown since I have light brown hair but this is a very dark brown so it gave a rather dramatic and sinister look lol I don’t think I’ll be using this. The tips of the eyebrow brush is rather bendable so you can go from 3 small, thin lines to 1 thick line VERY quickly.",1621453957451,False,0
AE3KLVXGZPANXE5XLXYKHTVAZ3FQ,B09188R9KV,4.0,Nice headbands,These headbands are as advertised and lightweight.,1620508552940,False,0
AE3KLVXGZPANXE5XLXYKHTVAZ3FQ,B0863FZFPV,4.0,"Beautiful, fun wig!","This is a super fun dress up wig! It is well made, soft and beautiful. It fits well and stays in place with the extra strap. It weighs 251g which is about the same weight as 100 pennies so very light weight.",1619047332854,False,0
AE3KLVXGZPANXE5XLXYKHTVAZ3FQ,B08S3VFJ22,5.0,So fun for “princess hair”!,I am impressed with the feel of this wig! I got this wig for my daughter to play dress up with her friends because I they MUST have “princess hair” and this didn’t disappoint! It feels like real hair and weights 305g so it weights the same of about 122 pennies.,1618945612729,False,2
AE3KLVXGZPANXE5XLXYKHTVAZ3FQ,B08SQXBZ5W,5.0,Perfect for traveling!,These are perfect for traveling due to the short handle and protective case. The bristles are soft and the handles are sturdy.,1618163444812,False,1
AE3KLVXGZPANXE5XLXYKHTVAZ3FQ,B08SQ31H8P,5.0,Great scalp massage!,"These feel so good during shampooing! I love going to the salon to get my haircut because they always give such a great scalp massage. Although this isn’t a profession scalp massage, it does feel great! It also helps the shampoo get onto the roots and really clean your scalp. They fit nicely in the palm of my hand and even my kids and husband love using them!",1614985087156,False,0
AE3KLVXGZPANXE5XLXYKHTVAZ3FQ,B08RP5QJS8,3.0,🚫Contains synthetic perfumes and colors 🚫,"The list of ingredients isn’t in English which is a big thing for me as I am sensitive to certain products. The ones that are in English, Solanum Melongena which is an eggplant extract, EDTA which is a chelating agent and not good for you at all, Camellia Sinensis Leaf which is a skin conditioner and perfume and CI 77492 which is a synthetic cosmetic colorant. There is a -20 which typically is a PEG which Polyethylene Glycol and can cause health issues if used in excess.<br /><br />The application of the product itself is a neat concept and makes applying a mask much easier. There are unnecessary perfumes and colors in this product along with EDTA and possibly PEG which I stay away from.<br /><br />Learn your skin and what it can handle also what you are looking for in a skin. This is not a natural product by any stretch of the imagination.",1614782648072,False,5
AE3KLVXGZPANXE5XLXYKHTVAZ3FQ,B08QHP717Z,5.0,Take me back to the 90s!,I had a set of headbands JUST like these in the 90s so I had to order them for my 3 year old daughter. They are made of satin and your typical headbands.,1614552340163,False,0
AEPEDW5FBBJ2XYR2BIJAKUPHCMHA,B0B61LGP7B,5.0,fine,"This Velma wig was a little less puffy at the bottom than I was hoping for.<br />The fake glasses were fine too, I didn't end up wearing them since I have Rx glasses that are close enough.<br />All in all wig and glasses set is nice. Just not cosplay quality, but for me for Halloween it was good.",1672444673121,False,0
AEPEDW5FBBJ2XYR2BIJAKUPHCMHA,B09ZHW1293,5.0,High quality silk,"I love using silk scrunches, especially at bedtime.<br />Other scrunches seem to pull at my hair and cause breakage, but not these.<br />These scrunches are made of high quality mulberry silk.<br />I’ve used others that claim to be silk but are not.<br />These are the real deal.<br />They do a good job at wrapping in my hair, but they are silk, so they do slide down.",1655775747102,False,0
AEPEDW5FBBJ2XYR2BIJAKUPHCMHA,B09N9TZLG3,4.0,Quickly washes away,"These are fine cheap tattoos.<br />Which is all I needed them to be.<br />They applied well, no half tattoo left on the card like some.<br />No wrinkled applied tattoo like others.<br />But these did wash away quickly. They were gone within a couple of days.<br />Which, for a parent isn't a bad thing. I've had my kid put on a tattoo and it's lasted over a week.<br />The animals/cards are not all matching, and I was pretty surprised by some of the cards that look very cartoonish and some are more realistic looking.<br />There are 40 cards in total. I have included a picture of all the cards. And then a closer of four of the sets (jungle animals, marine animals, circus and insects). Hopefully that is helpful.",1643764687715,False,0
AEPEDW5FBBJ2XYR2BIJAKUPHCMHA,B08Y6HCR5G,5.0,Holds thick hair!,I have super thick hair and most coils don’t hold my hair well.<br />These hair ties do a great job keeping my hair in place without having to redo my pony constantly throughout the day.<br />My daughter has curly thick hair so these are great for her as well as the cover toes don’t get caught horribly in the curls!,1623684926023,False,0
AEPEDW5FBBJ2XYR2BIJAKUPHCMHA,B08L99168S,4.0,Towel need!,This set works much better than the ones that come with the dip powder sets.<br />My only issue is that the brushes are not the best.<br />I have to be very careful when opening these bottles and taking the brush out.<br />It tends to spray the liquid and a paper towel covering my table isn’t enough. A towel is needed to protect my table finish.,1622564884408,False,0
AEPEDW5FBBJ2XYR2BIJAKUPHCMHA,B08Y1617JL,4.0,Finally a brown waterproof mascara!,"It's hard finding a waterproof brown mascara that is actually brown!<br />This mascara is a great brown.<br />It's not a black brown!<br />The mascara applies very easily and isn't too watery or too thick.<br />My only issue is that it doesn't have the staying power that I've come to expect from a waterproof mascara.<br />After a night's sleep, it's gone.",1619557970913,False,0
AEPEDW5FBBJ2XYR2BIJAKUPHCMHA,B08YY4LM37,3.0,Long bangs.,"This wig is just ok!<br />My daughter really dislikes the bangs, I’m going to have to cut them (hopefully evenly!).<br />My daughter does find the wig to be a little itchy.<br />I wish that the wig would have combs built in up front to help the wig stay put better.<br />I had quite a bit of hair loss from the wig while using.<br />My daughter thought the wig was super uncomfortable to wear because of the bangs.<br />She thought the colors were cute and fun to wear!<br />I found it extremely hard to keep the pink and purple separate.",1617821201722,False,0
AEPEDW5FBBJ2XYR2BIJAKUPHCMHA,B08KG48M5L,5.0,Subtle - lasts about 4 days,"I have very pale skin.<br />In my attached photo you can see my hand (no product), my leg (product) and a white sheet.<br />As you can see, my legs look a ton darker.<br />When not set right next to my plain skin - my legs don’t look very dark at all. But they have a nice glow to them that they don’t have without the tanner.<br />The tanner for me lasted about 4 days.<br />I did have some areas that I accidentally got too much tanner on (tops of my toes). It was easy for me to exfoliate those areas and the tanner blended better.<br />My skin didn’t look orange.<br />There is no noticeable smell to the product, which I really like.<br />I didn’t have any issues with any fabric getting dyed while wearing.",1617738630767,False,0
AEPEDW5FBBJ2XYR2BIJAKUPHCMHA,B08HGZXLP6,4.0,Leaks when upside down,These bottles are well packaged.<br />My dropper doesn’t screw on my bottle like I expected it to.<br />The bottles leak a little when tipped.<br />The sprayer works great and gives an even spray across the surface.<br />I added a silicone bottle boot to the bottom of my sprayers so that I could easily identify them and also it helps to prevent me from cracking it when I accidentally hit the edge of my counter with the bottle.,1612802524709,False,0
AEPEDW5FBBJ2XYR2BIJAKUPHCMHA,B086M7FJ8G,4.0,Not drying.,This deodorant is thick as some other natural deodorants I’ve used are.<br />You need to warm it up under your pit for awhile before swiping.<br />This deodorant doesn’t have a scent and stays in the tube without making a mess.<br />My only issue with this deodorant is that if I’m sweating my pits do get wet while wearing this deodorant.<br />I don’t stink but I do need to be careful of pitting out.,1599769286522,False,0
AEPEDW5FBBJ2XYR2BIJAKUPHCMHA,B09L33VJCL,5.0,Great!,"These wipes are so convinent!<br />I am able to use one of these cloths to clean myself and my two kids after we play with sidewalk chalk.<br />I even used them on my athletic wear and it wiped the chalk right off!<br />The wipes are thick and large.<br />They are moist but not soaked with cleaner.<br />My skin is left feeling clean and not sticky when done.<br />They don’t seem to have a scent to them.<br />These wipes are great for traveling, hiking, the beach and the playground!<br />I really like that these are biodegradable - the packaging isn’t, but the cloths are.<br /><br />** Thank you so much for taking the time to read my review.<br />I hope the information that I've provided helps to make your decision a little easier.<br />If you found this review helpful, please click the ‘Helpful’ button below.",1594067479193,False,2
AEPEDW5FBBJ2XYR2BIJAKUPHCMHA,B0842BXM5M,5.0,I’m impressed,"Before using this product I would usually apply the remaining hand lotion (after moisturizing my hands) onto my hair where I part.<br />This product works so much better.<br />The gel is clear and dries clear.<br />It it’s sticky or oily.<br />It does seem to leave a shine to my hair - but not in a bad way.<br />After applying I wait a minute or so for it to dry and then run my fingers through my hair for a more casual look.<br />I wish I would have had this product on for prom and my wedding day - would have saved me a bunch of hair spray (and sticky hands and shampoo the next morning!)<br /><br />** Thank you so much for taking the time to read my review.<br />I hope the information that I've provided helps to make your decision a little easier.<br />If you found this review helpful, please click the ‘Helpful’ button below.",1593119268381,False,0
AEPEDW5FBBJ2XYR2BIJAKUPHCMHA,B081HDSNTS,5.0,helps with beard maintenance,"The smell is nice and subtle, which is really nice since my husband is smell sensitive. The beard oil helps him to keep a maintained beard and appearance. The oils absorb perfectly and are not noticeable. The oil helps to add moisture to the hair and eliminate dryness. I have to say that for me, the packaging and branding are 100%.<br /><br />** Thank you so much for taking the time to read my review.<br />I hope the information that I've provided helps to make your decision a little easier.<br />If you found this review helpful, please click the ‘Helpful’ button below.",1584920374428,False,0
AEPEDW5FBBJ2XYR2BIJAKUPHCMHA,B07Q44Q9GJ,5.0,Feels like real hair!,"WOW!<br />This wig fooled me - I thought it was really hair.<br />It’s so soft and lays so nice.<br />The curl laid well around the frame of my face.<br />I did have some shedding with this wig but not a lot.<br />I’m still very surprised that this isn’t real human hair.<br /><br />**If you found this review helpful, please click the ‘Helpful’ button below.",1582635949804,False,0
AGUTZC4GHLTGYHA3KBEDRF6MHB6A,B09FL6H93Z,5.0,Improve your face,"This is very easy to use first deep clean your face to keep dirt and particles off it. Then put the mask on and choose the time. Then choose the mode with max of 15 minutes at a time. When it's done your good to go and enjoy your day. It comes with seven colors to choose from. Red which is 630nm and improves cell activity,  improves collagen function, increases skin elasticity and helps repair damaged skin. Blue which is 470nm and whiten, fade spots, increase skin elasticity, and improves the skin condition. Green which is 520nm and it can balance the skins oilsecretion which balances the water/oil ratio. Yellow which is 590nm and it improves the skins rough wrinkles and  helps improve the skins immunity. Purple which uses the frequency of red and blue light to penetrate deep and control oil secretion. Cyan which is the same frequency as green and blue and enhances cell energy to relieve nervous tension and is good for allergic skin and body and mind. And last white which penetrates the skin deep to speed up the living tissue if metabolism to decompose splash to improve the appearance of lifeless and sagging skin",1660490252168,True,7
AGUTZC4GHLTGYHA3KBEDRF6MHB6A,B097T3DVH3,5.0,Steam your face anywhere,This is easy for steaming your face and opening your pores to clean and reduce the acne on your face. It's a must have for a nice and thorough deep cleaning of your face. Very easy to use and moisturize your face leaving it feeling better and rejuvenated,1638085440714,True,1
AGUTZC4GHLTGYHA3KBEDRF6MHB6A,B09BN5KT7S,5.0,Short but elegant,This is a cute short Bob wig. Its made from thick real human hair so it looks very realistic. It's easy to put on and stores very well. It has clips in the back so that you can clip it into your real hair and it won't slip off easily. This is an affordable wig and it looks great. Win win,1636845483076,True,3
AGUTZC4GHLTGYHA3KBEDRF6MHB6A,B092HT1FPC,5.0,Perfect laser hair removal,Very easy to use but make sure to cover up and not laser any tattoos as it won't turn out good. Very easy to hold I like that they have a gun feature which allows us to easily hold the laser while using it. Very easy to maneuver the way you need it to get the best hair removal. Amazing price and well worth it. After a month my hair is much thinner and doesn't come in as fast,1631026710634,True,1
AGUTZC4GHLTGYHA3KBEDRF6MHB6A,B08Y2Y3B9S,5.0,A huge variety,This nail set comes with so many different colors and sizes of nails. They are easy to use and easy to apply. They are active length and look good. They are sturdy and fit well. They don't hinder what you need to do like some false nails do. These are affordable and are a great value.,1625113292549,True,0
AGUTZC4GHLTGYHA3KBEDRF6MHB6A,B08P46JDHJ,5.0,Soft on teeth and gums. Helps with gingivitis sensitivity,Thes toothbrushes are very soft. My teeth and gums are very sensitive. I suffer from gingivitis and it's painful to.brush my teeth often causing bleeding during brushing. These are so soft that I can barely feel myself brushing. They have thick bristles and are comfortable to use. They come in a four pack with different colors so everyone knows which toothbrush is theirs. They are a little more expensive than the leading brands but are well worth the money when I facto in how much they have helped me in brushing my teeth.,1614575043615,True,3
AGUTZC4GHLTGYHA3KBEDRF6MHB6A,B08LZTCSDD,5.0,No more fog,"Wearing a mask doesn't ordinarily bother me, but it does fog up my glasses. This is the perfect solution for that problem. This are made very different from all the other mask brackets I've tried. They are made from a soft but thick polymer material that makes them bend and stretch. They are perfectly portable and can be carried in your pocket easily. They are really lightweight and cant even be felt when you're wearing them. They keep the mask up off your nose and mouth therefore keeping you from breathing heavy and hot air and causing glasses fog. Great value !",1611986427279,True,0
AGUTZC4GHLTGYHA3KBEDRF6MHB6A,B08KHSB33G,5.0,No glue needed,"These lashes are 100% magnetic, no glue needed. They are easy to apply and use, simply put the magnetic eyeliner on and attach the lashes. They are realistic, not too long and look very good. They are thick and full. The magnetic adhesive is very strong. These are a great value for the money",1611551901536,True,0
AGUTZC4GHLTGYHA3KBEDRF6MHB6A,B08HT3K164,5.0,Works great even on sensitive skin,This easy to use hair removal cream is great. It's easy on my sensitive skin and has a great scent. It can be used on underarms and legs safely. It's very affordable and does a better job than some of the more costlier brands. Great value.,1609468172786,True,0
AGUTZC4GHLTGYHA3KBEDRF6MHB6A,B08HQSDDDR,5.0,Breathable !,I use these to cover up the ordinary plain blue surgical masks. They are lightweight so they aren't a burden to wear. The rhinestones are sewn on so they don't come off easily. Easy to breathe in these and won't make your anxiety level rise like most masks do.,1602796501462,True,0
AGUTZC4GHLTGYHA3KBEDRF6MHB6A,B0865TTSM6,5.0,Painless shave,This hair removal works amazing. It actually removes the hair and you dont feel the pull like you do with most small hair . this can fit in your pocket or purse. Its quick and painless. Very easy to clean. Just unscreaw the top and it comes out in a hair roll. Once clean close and store or use. It holds a good amount of hair per shave so you get a lot done. I tested it on my leg 1st before trying anywhere else and it truly works amazing,1602432548330,True,5
AGUTZC4GHLTGYHA3KBEDRF6MHB6A,B08YK8B89C,5.0,Works wonders,Amazing scent. Great value. Moisturizers well. This product works wonders. Got it for my aunt who has psoriasis and she loves it and will order more when she needs. She said its the best psoriasis cream shes tried,1561650023364,True,0
AGUTZC4GHLTGYHA3KBEDRF6MHB6A,B07CFWHQZ9,5.0,Easy to use and love,I used the single toothbrush with replacement heads for me and my kids. I marked each replacement head so i knew who was whos. My kids like it and its easier and cleaner than a manual toothbrush. Great battery life. This is my favorite electric toothbrush,1554985869269,True,0
AGUTZC4GHLTGYHA3KBEDRF6MHB6A,B07JLDL5RN,5.0,Half velvet half satin,Half are velvet and half are satin. Great hair scrunchies with great hold. Well worth the buy. With a household of 3 females these come in handy and they look cute on your wrist too when you take you hair down and need somewhere to hold it,1551530609935,True,0
AFKX24ALWAPX366KX6DWTOBWLQAA,B09ZNXX417,5.0,For cosplay,"If you are into cosplay or just historical costumes, then this wig is a lot of fun. It comes with a necklace, earrings and a set of buck teeth. I ditched the teeth. Easy to wear wig which comes with a nice stretchy adjustable cap and a hair net to keep your own locks locked down. It's a fun, creative wig and I hope to see a lot of other styles in the future.<br />The hair itself it auburn. Not too fake looking. The hair line is a bit of a struggle but I got it right .",1657470189792,False,0
AFKX24ALWAPX366KX6DWTOBWLQAA,B09G3KBK7Y,2.0,way too strong,"I tried the Lavanda. It is way too strong. It's suggested to spray it on clothes, on the body and perhaps even in air.<br />The spray is ejected in a tiny amount. I thought to myself it was too tiny an amount until I smelt it. It has all the good labels, no cruelty to animals, gluten free (I did pan on eating it!),  etc etc. With just a small amount on my wrist, the smell was overpowering. I thought it might wear off but I ended up washing it off. It was just too strong. Smelled chemically to me--not a bit like flowers. Can't imagine putting this on a baby or baby clothing.",1645507798532,False,0
AFKX24ALWAPX366KX6DWTOBWLQAA,B095CG2ZV1,5.0,A lovely gift set,"This would make a lovely gift set for all those people you don't know 'that ' well. But since the 3 enclosed bath bombs spell MOM, then the box is limited... The gift box wrapping is lovely. Take off the mocha silk ribbon which matches well with the paper, and underneath is a plain cardboard box.<br />I love these combo boxes: inside: 3 bath bombs which are very lightly scented, a box of dried rose petals (yeah potpourri bags) and an adorable, square bar of soap. I put the soap in my shower near the shower head as the water drips release some of the scent over time as the soap melts.<br />Anyway, a very nice, gentle set. I wish the bombs didn't spell MOM as then this would be very giftable to something other than MOM.",1635606785768,False,1
AFKX24ALWAPX366KX6DWTOBWLQAA,B098GMKW8D,4.0,For kids,This is a fun little set geared towards little girls. It has the nail spacer included in a lovely glittery purple. The nail polish tends towards the clumpy so I added some thinner. I don't expect perfection anyway with nail polish for kids as the little girl in question doesn't sit still long enough for it to dry properly anyway. But thicker polish is destined to be a problem. So thinner is great.<br />The colours are perfect for a little girl and she was thrilled with this set. Teens... may require something a bit more sophisticated.,1635436023191,False,0
AFKX24ALWAPX366KX6DWTOBWLQAA,B09DBFWN7N,4.0,A bit big,I have a number of pink ombre wigs. This one is Ok but not my favourite. The top section is mostly dark but it looks more chocolate brown than black (I like black). I like the length of this. The pink sections are very nice and I like the chade of pink. Not salmon but not dusty pink either. The hair has a nice wave to it--nothing too extreme. It's soft but doesn't have that static thing that some wigs have that causes the hair to stick to your arms. '<br />The mocha coloured lace cap is nice and stretchy but it is a tad big for my head. It does have adjustable straps inside. The biggest issue I had with this is the shape of the head section. It's rather dome shaped. I think the cap is overly wide.,1634081980495,False,2
AFKX24ALWAPX366KX6DWTOBWLQAA,B09DCGXDLL,5.0,Very pretty,"Whoever designed these hair clips knows that little girls LOVE unicorns. The sequins on one clip project a gold-fuchsia vibe while the other is magenta, gold and blue.<br />The wings and star are glued on and I can see these coming off in time but hey I've got a glue gun. The front of strong clips (the bit you see) are covered in the dusky pink grosgrain ribbon, and the endings look neat and tidy. These are a big hit with a 6 year old",1633365286104,False,1
AFKX24ALWAPX366KX6DWTOBWLQAA,B091DNNDSX,4.0,Ever wanted to know what you will look like with grey hair?,"The colour of this wig is very attractive. It's a beautiful silver but there's black subtly peppered in here too. It's not that obvious at all until you get up close.<br />The hair is on the shiny side, but IMO that goes with the grey.<br />The tresses are loosely curled and the side area of the hair is cut much shorter--below my ears so this could do with some styling.<br />The biggest issue is the hairline. I can see the cap and the very center part of the hairline cap does not want to sit flat. So it needs work.<br />Very attractive overall--I'm going to have to work on the hairline....",1627530352638,False,1
AFKX24ALWAPX366KX6DWTOBWLQAA,B095ND49ZW,4.0,3-1. Love the purple,"Of the three wigs here, the purple is the best. I would give that wig 5 stars. The colour is fantastic; it's not the same purple all over; it's got different shades and the hairline is fantastic.<br />The black wig is bad. I'd give that 2 stars. It's super shiny but the worst thing is that there is NO way I can hide my hairline unless I pull the wig farther down on my forehead. It's also not cut that well, but that's possible to fix. The hairline issue is not fixable.<br />The grey wig---I love that one too. My second favourite. It's got those great dark roots. It is very long so tangling may be an issue depending on use. But it looks great, fits well etc. So.. 2 out of 3 ain't bad.<br />Overall a great deal as long as I accept that one wig is fairly useless for me.",1626476674156,False,2
AFKX24ALWAPX366KX6DWTOBWLQAA,B08QKXY1KN,5.0,Sold!,"I just recently started using purple shampoo. I have grey hair,  btw. I liked the results I had with another brand so was eager to try this brand. First, at least at the time of this review, the price is decent.<br />The purple shampoo is a deep violet. I applied it to my wet hair and worked it in. Loved the purple lather. Then applied the conditioner which is more of a deep inky blue.  The instructions said to leave it in for a few minutes. When I wash it out, my hair feels differently--it feels as though there's still something there on my hair, but deeply mixed in. It feels differently than when I use regular shampoo.<br />Anyway, I love what this does for my hair. It seems to brighten the light silver and darken the darker grey. At least that's what it seems like. No frizzies either and that's important for me.<br />I used Great Clips brand before trying this, and while I really liked what Great Clips Purple shampoo did for my hair, I prefer this brand. Anyway, I'm sold. I like the tones and depths the purple shampoo gives my hair.",1623883910930,False,0
AFKX24ALWAPX366KX6DWTOBWLQAA,B08YJV9YL2,4.0,More vanilla than musk,I liked this shower wash. The liquid is thick and feels rich. It produces a heavy lather. I like both musk and vanilla and found this to be a pleasant blend with its emphasis on vanilla.<br />I had no issues with my skin using this.,1603931353741,False,0
AFKX24ALWAPX366KX6DWTOBWLQAA,B07ZS3DKL5,4.0,Moisturizes nicely,"This cream is very moisturizing. It feels a bit decadent to be honest. It's a light green and not quite as cucumber-y as I would like. The cucumber smell is there but it's more delicate than another cucumber cream I have on hand.<br />It's silky smooth, goes on easily and is very quickly absorbed. It is pricey, but it makes my skin feel soft and supple.<br />It's especially good on some tough spots--neck and elbows.",1597945586405,False,0
AFKX24ALWAPX366KX6DWTOBWLQAA,B07MMW5654,3.0,fairly gentle,"I have very sensitive facial skin so I have to be careful with any products. This did not irritate my skin. I would say that it is a very mild facial scrub. It didn't take much to use on my face, but it didn't feel as though it did a while lot either. Pleasant enough but I wouldn't be tempted to buy it.",1596933771684,False,0
AFKX24ALWAPX366KX6DWTOBWLQAA,B07ZQRX7FX,4.0,A new experience,I've never quite tried anything like this. The cleanser is a light green gel--almost slime but not slimy. Instructions say to apply with wet fingers.<br />At first I used too much as the cleaner went far further than I expected. It has a wonderful light fruit smell and smears easily over the face. I have very sensitive facial skin and this cleaner did not present any problems. It was easy to wash off. My skin felt nice afterwards--not dry at all.,1596496891589,False,0
AFKX24ALWAPX366KX6DWTOBWLQAA,B088FBNQXW,2.0,Nifty idea but I'd worry about it holding mask in place,"What's that saying about necessity being the mother of invention? Well here we are in a pandemic wearing face masks. Someone came up with the idea of a head band with buttons to hold the mask mask in place.<br /><br />This is a thin material. Think very thin t shirt type material. The headband measures about 18 inches and just over 3 inches wide. I like the material for a headband. However, its use as a mask holder is iffy. Many people complain that the elastic that holds the masks in place makes their ears pop out. That is definitely true of some masks. They can also be wearying on the ears, having that elastic against your ears all day, so this headband is a great concept.<br />I put the headband on and as I stretched it over my head, I heard a pop, so some stitching gave somewhere.<br /><br />I attached two types of masks, one at a time. First, it was a bit fiddly to get the elastic over the button. Once it just sprang off.<br /><br />One mask using the buttons fit well. Another did not. The latter mask opened up on the sides.<br /><br />I would hesitate to wear this out thinking that everything would stay put for hours. I like the headband as a headband. It's nice material. A sort of light grey merle, but if you are looking at this for long-term safety, I would say no.",1594835672084,False,0
AE3PLZHW6NXWBMZ76TDVFQG2MJFA,B0B6DPNJHQ,5.0,"Soothing & Skin Feels Less Sensitive, Hydrates & Improves Skin Texture, Free Of Fragrance/Alcohol","Skin & Lab Barrierderm Milky Serum Milk Ceramide Complex is a milky serum free of fragrance and alcohol that comes in an easy to use dropper bottle. Ceramides can make skin healthier by strengthening the skin barrier, preventing moisture loss and protecting against environmental damage. Also, ceramides work better combined with certain types of ingredients that are contained in this serum, such as cholesterol, glycerin, squalane (rich in fatty acids) and more.<br /><br />This serum feels wonderful on my dry, sensitive and mature (55+) skin that needs a lot of hydration and is aggravated easily by chemicals fragrance, natural fragrancing essential oils and extracts, drying alcohol, aggressive products, the environment and so on. I’ve been using this ceramide serum after cleansing and follow with my face cream, but it also layers well with my favorite staples, such as a Vitamin C and hyaluronic acid serum (followed by my moisturizer).<br /><br />I like that this ceramide serum doesn’t appear to have any harsh ingredients, and it feels soothing and gentle to my skin. I’ve used it about a week so far and it adds noticeable hydration that isn't heavy, greasy or sticky, and my normally sensitive skin is calm and comfortable. Also, my skin texture feels soft and seems more elastic. I can’t judge the full benefits yet as that can take many weeks or months, but I’m pleased so far and will keep using this serum. Love it. 5 stars.",1671214216176,False,0
AE3PLZHW6NXWBMZ76TDVFQG2MJFA,B09X23VTSQ,3.0,Pleasant But Feels More Clarifying Than Hydrating To My Dry Skin-Has Risky Ingredient TEA,"I have dry, sensitive and mature (55+) skin and used this Reboncel Aqua Rich Foaming Cleanser daily for about a week. This cleanser has fragrance that smells relatively light to me, though fragrance is an ingredient that poses health risks. I generally avoid foaming face cleansers as they tend to make my skin overly dry, but this has a pleasing creaminess and initially made my skin feel good. It cleaned my skin well yet left it feeling refreshed, soft and comfortable after use.<br /><br />After using this wash more than a few days in a row, it felt more clarifying (better for oily skin) than hydrating to my skin. While it didn’t strip my skin or make it visibly irritated, by the end of the week my skin just didn’t feel as comfortable as it did at first and it felt like my skin would end up too dry if I continued daily use. So I switched back to my creamy, hydrating cleansers, but felt this cleanser would still be good to use as needed as a clarifying cleanser.<br /><br />However, while this wash has some good ingredients such as Centella Asiatica, Aloe Extract and Sodium Hyaluronate, this has controversial Triethanolamine (“TEA”) high on the ingredient list. It’s on my personal list of ingredients to avoid after reading many articles about it and seeing it on lists of risky chemical by many sources. Some sources say it’s safe in amounts we get thru cosmetics, but I’m concerned about the cumulative effect of risky chemicals.<br /><br />TEA is a nitrosamine used to generate foam and adjust pH and is likely a hormone disrupter and irritant. But the bigger issue for me is that TEA gets absorbed through the skin and reacts with other chemicals to form the carcinogen NDEA. While less risky in rinse off products, it still poses more risk than I’m comfortable with. The problem is that I have no way to know if this cleanser or any product I’m using with it has chemicals that react with TEA.<br /><br />So, for me, I find it best to avoid all products with TEA, especially since so many alternative products are available that don’t have it. I also dislike that this has so much Cocamidopropyl Betaine (second ingredient), which I generally avoid mostly due contamination concerns. Fragrance also poses health risks, though it’s a common ingredient I don’t avoid altogether (but I do try and minimize use). All things considered, this is just okay for me. 3 stars.",1669914635772,False,1
AE3PLZHW6NXWBMZ76TDVFQG2MJFA,B0B4MR9BXN,3.0,"Moisturizes, Comforts, Some Color Correction-Emphasizes My Pores, Need An Ingredient List","JUNGSAEMMOOL Minifying Cica Mist Balm is a moisturizing balm for sensitive skin that soothes irritation and helps redness. It’s described as having green calamine to tone down redness and cica pine water to calm skin. But I’m unable to find a full ingredient list. The box has directions in English but lacks an ingredient list in English, so I don’t know what’s even in this product. I have dry, sensitive skin and avoid many skincare ingredients, so I won’t make this balm or any product part of my daily routine without an ingredient list.<br /><br />I have used this balm a few times after my moisturizer and before foundation (if wearing makeup). The balm smells light and pleasant, and it adds some comforting moisture. While it tends to sink into my skin, I do get some color correction of redness on my nose and cheeks. But it’s less than I get with my corrective color makeup. If the balm has healthy ingredients that benefit my skin while also correcting some degree of redness, I’d likely prefer it to just hiding redness with makeup. But I can’t judge if the trade off is there without knowing ingredients.<br /><br />This balm also makes my skin smoother. It feels like it might have silicone and/or glycerin and feels a lot like a primer under my makeup. I like the moist and spreadable texture, except it’s so soft I can’t just swipe across the top with the puff for an even amount of product as it smooshes in the balm and gouges out pieces (which I then spread and dab with the puff). It becomes less noticeable as the balm soaks in, but I don’t like that this settles into and emphasizes pores on my nose. This is just okay for me. 3 stars. Made in Korea.",1663849782220,False,0
AE3PLZHW6NXWBMZ76TDVFQG2MJFA,B0BVQQ58G8,3.0,"Pretty Metallic Looks More Bronze Than Rose, Sticky Formula, Feels Drying, Best w/ Gloss Over It","This Beauty Bakerie Lip Whip Liquid Metallic Lipstick in Rosé Posé comes in a cute tube and is a pretty metallic color lipstick that spreads on with a sponge type wand. The color reads darker on me than I’d expect from the photo, but it’s a lovely metallic shade that looks like a bronze with rose hue or a little rose gold in it. I have light skin with an olive hue and rosy color lips, and this color is flattering but is probably even better on medium and dark skin tones.<br /><br />But, while this lipstick initially spreads on smooth and velvety, it stays sticky and doesn’t fully dry down on me even with just one application. It doesn’t feel comfortable as I tend to get dry lips and it adds no moisture (and may be drying my lips more). Used alone, it accentuates lines and flakiness even used after a great lip scrub. And it doesn’t work applied over a little lip balm as it rolls off in weird little pieces. For me, it’s best with a little gloss over it, but it still feels sticky and rolls off (to a lesser extent) if I rub my lips together. Overall, it’s just okay at best. 3 stars.",1658671602427,False,0
AE3PLZHW6NXWBMZ76TDVFQG2MJFA,B091KWDVJS,5.0,My “Go To” Cream That Soothes & Moisturizes My Skin When It’s Recovering From Irritation,"LAPOTHICELl Zincthenol Balm is a thick, white, creamy balm. It’s fragrance free, has no alcohol and is emollient enough to comfort my dry skin all night. It absorbs well as I have dry skin, but it is a little heavy only in that it feels like it leaves a protective barrier that’s slightly greasy yet feels good as it soothes and protects my skin. I don’t get a white cast from the zinc, but my skin is light. This balm feels like it keeps in moisture and softens my skin. It’s been a life saver when my skin has been irritated or is recovering from using a product that has burned or irritated my sensitive skin.<br /><br />While I’ve used the balm for less severe irritation too, I used this when my skin was recovering from a chemical reaction from an exfoliant that was too harsh for my sensitive skin and gave me a painful burn and visible inflammation. My dry skin needed something gentle to keep it moist all night and also calm and my usual products felt uncomfortable or just weren’t soothing enough. This balm was perfect as it also helped restore moisture, and it continues to be my “go to“ balm when my skin has a negative reaction or feels burned or irritated. Love it. 5 stars. Made in Korea.",1624119736863,False,0
AE3PLZHW6NXWBMZ76TDVFQG2MJFA,B08QVJ4NVD,5.0,Perfect For Dry & Sensitive Skin▪️Rich & Heavy But Not Greasy Or Uncomfortable▪️Subtle Fragrance,"﻿Ogana Cell Bio Actiome Recovery Cream is a wonderful cream for my dry, sensitive skin. This is a thick, heavy, white cream with very subtle fragrance (last ingredient). This cream feels rich, but my dry skin doesn’t look greasy and my skin is dry enough that I’ve used this during the day. Still, it’s heavy and I prefer it as a night cream. It makes my skin feel calm, supple and so hydrated that it minimizes my fine lines.<br /><br />When I first applied this cream, it felt kind of like a barrier cream. While I love rich creams, I dislike creams that sit heavy on top of my skin as it feels annoying to me like my skin can’t breathe. But this Ogana Cell cream feels good as it turns out it absorbs well and feels like it only leaves just a light, protective layer that’s breathable on my skin. It’s probably just the feel of the occlusive dimethicone. This cream feels good and isn’t too heavy for me.<br /><br />This cream is perfect for times my face gets irritated or agitated as it feels extra gentle and calming. I also used a little of this cream on the back of my hands when they feel dry and get red as this cream is soothing and makes them feel better. This cream has no alcohol and the ingredients rate low risk by EWG, except fragrance always get a high risk rating. Love it. 5 stars. Made in Korea.",1620433133456,False,0
AE3PLZHW6NXWBMZ76TDVFQG2MJFA,B08RRSPNWV,5.0,"NonGreasy Fragrance Free Oil▪️Dry Skin Gets Hydration Boost, Feels Silky Soft & Firmer▪️Low Risk","This Beauty Stat Universal Moisture Essence is 100% Squalane from plant sugar. This is a clear, fragrance free liquid in a dropper bottle. Its non greasy, feels weightless and is non irritating to my sensitive skin. It can be applies directly to the skin, but my favorite way to use it is to add a couple drops to my face cream (and still use a serum). I’ve used it with Beauty Stat Moisture Boost Cream, but it also works great with other face creams. I even add it to my creams that fall just short of hydrating my skin enough and feel like the I get enough moisture once this squalane is added.<br /><br />I love the results of this squalane Essence as I notice it gives my skin an immediate moisture boost that minimizes my fine lines, and it also makes my dry skin feel silky soft. I’ve been using Beauty Stat squalane well over a month as this is my second bottle (finished a travel size first), and my skin looks and feels firmer too. Squalane is also anti aging as it has antioxidants that fight free radicals and skin damage. This Beauty Stat squalane is excellent for my dry, sensitive skin and squalane gets a low risk EWG rating. Love it. 5 stars. Made in the USA.",1619532863476,False,4
AE3PLZHW6NXWBMZ76TDVFQG2MJFA,B08GCJZW9V,5.0,▪️Removes Makeup w/o Rubbing▪️Perfect For Dry & Sensitive Skin▪️Effective Yet Low Risk Ingredients,"These ﻿Klavuu Quick Cleansing Pads do a fantastic job removing my face makeup and leave my dry and sensitive skin feeling hydrated, soft and calm. The pads are large and soaked in a generous amount of solution. My pads look totally covered in makeup after gently wiping my face to remove my makeup, so I feel they do an excellent job. There’s no fragrance, but this has a nice light scent that hints of citrus.<br /><br />I squeeze out excess solution when I use the pads to remove my eye makeup (concealer, highlighter, shadow, etc.) and the pads do a great job with my eye makeup too. However, I don’t wear waterproof mascara and also don’t rub mascara off my eyes with any remover. My mascara largely comes off when I wash my face, and I’m wed to particular mascara remover that I use to wipe mascara residue after I’ve cleansed. But this works well too.<br /><br />There’s no need to rinse or cleanse after I wipe my face with these pads, and I have skipped cleansing at times. This makes my dry skin feel soft and hydrated and leaves just a hint of residue that I’d guess is glycerin (but I’m not sure). Other times, I basically double cleanse given how I remove my mascara and sometimes I just really want to make sure and remove all residue from my face (especially if I’ve worn more makeup) before applying other products like an essence, serums and creams.<br /><br />I’m impressed that this works so well and also has low risk ingredients. It lacks chemical fragrance, alcohol, silicones and parabens, and it has sodium hyaluronate to hydrate and plump the skin and other dry skin ingredients, such as glycerin, matricaria flower/stem extract and butylene glycol. This has other good stuff like a marine complex, botanical extracts, collagen, pearl extract and more. Love it. 5 stars.",1618421921558,False,0
AE3PLZHW6NXWBMZ76TDVFQG2MJFA,B08S1LWF9V,5.0,"Real Benefits-Fades Dark Spots, Helps Even Skin Tone, Softer & Firmer Skin, Lasting Hydration","This Beauty Stat Universal Essentials kit includes generous mini sizes of the Universal C Skin Refiner Serum with 20% L-Ascorbic Acid, Universal Moisture Essence (100% Squalane from sugar) and Universal Moisture Boost Cream. These fragrance free products are exceptional for my hyperpigmentation and skin tone issues, dry skin and skin texture. These don’t irritate my dry and sensitive skin and seem well suited to any skin types.<br /><br />I’ve used 20% L-Ascorbic acid for many years and worked up from 5% to 20% over time as it can sting, itch or irritate the skin to go straight to a high 20% concentration. I’ve been using this Universal C Serum since last year (before this sample kit) and had no stinging this time and had only temporary, slight stinging when I first tried the C serum last year as I wasn’t using my Vitamin C serum as routinely for a short period.<br /><br />With regular use at least 1x a day, the Universal C Serum brightens my skin and evens my skin tone. While it didn’t go away 100%, this serum flattened and faded a large brown spot on my jawline so much it became barely visible. It also faded smaller brown spots on my cheeks. The serum makes my skin smoother and it seems a bit firmer. Vitamin C is an excellent antioxidant for long term anti aging benefits too.<br /><br />I apply the Universal C Serum after cleansing and toning and follow with the Essence (Squalene drops) and Moisture Boost. The Moisture Boost feels lightweight and nongreasy, but it’s super moisturizing when I mix in a couple Squalane drops. The texture of my dry skin feels so silky and smooth, and my skin feels comfortable and amply hydrated all day. These products provide real benefits for me. Love this set. 5 stars.",1617296075291,False,0
AE3PLZHW6NXWBMZ76TDVFQG2MJFA,B0891M9C1W,5.0,Feels Enjoyable & My Skin Feels Extra Soft & Smooth-Can’t Say If It Actually Improves Skin Tone,"﻿The Dermaclara Claritone Intensify serum micropulsation device has a slim, elegant design with a flat metal head applicator. The pulsation is gentle rather than an abrupt or annoying vibration, and I enjoy the way it feels when applying my face serum. I actually feel a slight warming sensation that I assume is due to increased blood circulation, and I have more color in my face after using this device. It’s a healthy color rather than an irritation, and I like it as my skin is pale and can look drab.<br /><br />My skin feels extra smooth and soft after using this serum micropulsation device. It seems like it aids absorption of my serums, but I can’t say for sure and it may be that I end up using more serum than usual. I typically use only a pump or two when applied with my fingers, but I probably use twice that in conjunction with this device. I really don’t know if this device can actually improve my skin tone or fine lines, but I love how my skin feels and it’s relaxing to use. It runs on a regular watch battery (included). Love it. 5 stars.",1609081919024,False,0
AE3PLZHW6NXWBMZ76TDVFQG2MJFA,B08BB3P4VQ,5.0,"Gentle On Sensitive Skin, Good Hydration But Not 24 Hours, Natural/Organic Emphasis (4.5 Stars)","La La Leaf Guayaquil Hemp Lotion feels cooling and calming to my dry, sensitive skin. It feels light, absorbs quickly and moisturizes my skin fairly well. This lotion leaves my hands and skin soft, silky and comfortable. I don’t feel my dry skin gets as much hydration as I get with my favorite premium body butters and creams, but those are heavier products so I don’t expect as much from a lotion.<br /><br />When applied after my shower, I get about 8 hours of hydration. That’s pretty good, though not the 24 hours claimed on the site. I do have dry skin and find this lotion hydrates better than most lotions. I’ve occasionally found one that gives me longer lasting hydration, but it’s uncommon. Excipial keeps my dry skin comfortable and itch free more like 12 hours but has chemicals such as parabens, while Guayaquil Hemp Lotion emphasizes organic and natural ingredients (but does have Phenoxyethanol).<br /><br />Guayaquil Hemp Lotion feels gentle and doesn’t irritate my sensitive skin at all. It doesn’t list chemical fragrance and is labeled fragrance free, which is a big plus as some fragrances trigger sensitivities for me. But it still may have fragrance. I smell a faint non offensive scent and don’t know if it’s from added “essential oil” (last ingredient) or just the natural scent of the natural ingredients.<br /><br />Guayaquil Hemp Lotion has 250 mg of CBD (THC free), which is still being studied but “may” hydrate dry skin and help inflammation. The ingredients look good but this lotion does have moderately risky (per EWG) Phenoxyethanol in the top ten ingredients and drying alcohol in the bottom 5. I like this lotion a lot as it feels pleasing to my sensitive skin, hydrates my dry skin pretty well, is 84% organic and barely has a scent. 4.5 stars. Made in USA. Vegan.<br /><br />Ingredients: Organic Aloe Leaf Juice, Organic Coconut Oil, Glycerin, Stearic Acid, Emulsifying Wax, Witch Hazel Water, Vitamin E, Sunflower Seed Oil, Phenoxyethanol, Organic Hemp Seed Oil, Rose Flower Water, CBD, Organic White Willow Bark Extract, Organic Rosemary Leaf Extract, Organic Neem Seed Oil, Organic Alcohol, Xanthan Gum, Tetrasodium Glutamate Diacetate, Essential Oil",1603391659388,False,0
AE3PLZHW6NXWBMZ76TDVFQG2MJFA,B07Z4CVTRP,4.0,"Quality Reusable Glass Pump Container, Soap Lathers Well & Feels Good, Has Light Natural Scent","This Cleancult liquid hand soap comes in a high quality, glass container that’s thick and strong with a plastic pump that works well. I’ve been using this coconut based hand soap daily and find it pleasant. It glides and lathers well when I rub my hands together and stays on my hands long enough to be thorough washing. This soap isn’t overly drying, though I almost always need lotion after hand washing. The lavender scent from essential oils is light, which is a plus as I’m not a fan of heavy scent. The container holds 12 oz. and the company sells 16 oz. refills (currently $6.95) in a paper based container styled like a milk carton to reduce plastic waste.<br /><br />The glass container has a modern design that looks nice countertop. It has a beige or taupe color silicone (or similar) material on the bottom and lower sides that prevents slipping and adds breakage protection. The plastic pump is also beige and good quality but may not last as long as the glass container. Beige isn’t my favorite color but it’s neutral and the company offers a blue shade that looks pretty in the photo. This soap has coconut oil, olive oil, potassium soap, aloe juice, vitamin E, citrus acid, sodium chloride and a natural essential oil blend (not in that order). I assume “potassium soap” is potassium hydroxide (caustic lye), but believe it’s found in all liquid soap under various names. Overall, I like the hand soap and container. 4 stars.",1583760061781,False,0
AE3PLZHW6NXWBMZ76TDVFQG2MJFA,B09J5TZ7HL,5.0,Eye Replacement Head Fits Glo Pro Perfectly & Makes It Easier To Use Glo Pro In Eye Area,"I’m using the Glo Pro eye attachment head with my Glo Pro that I bought from a department store that included only the face attachment head. The eye head is slimmer and less than half the width with just four rows of needles. The eye head is an authentic and high quality attachment that snaps on easily and fits Glo Pro perfectly. I definitely prefer using this slimmer eye head for the delicate area around my eyes and between my brows and even my forehead (which is small). The smaller head gives me better control and greater ease of using Glo Pro in small areas.<br /><br />I wasn’t sure of the boundaries around my eye area, so I emailed Glo Pro and was informed the eye head can be used right up to the bottom lashes (but not on the eye lids).  Still, this device is new to me so for now I don’t go much beyond the orbital bone- where I apply my night time eye cream.  The Glo Pro needles are short and feel just a little prickly and give me a slight burning sensation. But it’s not uncomfortable or painful and hasn’t caused any excessive redness or irritation. I definitely recommend the smaller eye attachment head for Glo Pro users and rate it 5 stars.<br /><br />I wasn’t provided a Glo Pro device and this review is only of the eye attachment head.  Still, I’m sure people wonder if Glo Pro works. I’ve used a Glo Pro about a month, twice a week, and don’t feel I’ve used it long enough to know.  I’m in my 50’s and my skin does happen to look good lately.  I don’t see dramatic changes, but my skin seems firmer and my fine lines around my eyes and elsewhere seem less noticeable. But I feel I need to use Glo Pro longer to decide if it’s the device, my skin care products or both that are providing a benefit. I do like Glo Pro enough to keep using it.",1539878247619,False,16
AE3PLZHW6NXWBMZ76TDVFQG2MJFA,B00U2VQZC4,4.0,"Nice Cleanser That Leaves No Oily Residue, But Is Surprisingly Drying For My Skin","This Neutrogena cleansing oil is nice and does a thorough job cleaning my face. The oil is initially applied with dry hands on your dry face, but you add water to your skin and that emulsifies the oil and makes it look and feel pretty much like soap. This cleanser leaves no residual oil on my face at all.  In fact, it actually leaves my face a little dry as compared to my usual cleanser.  Also, while it removes most of my mascara, I still need to use my Lancôme eye makeup remover to get rid of the last traces of non-waterproof mascara under my eyes.<br /><br />This cleansing oil comes in a nice bottle with a pump that works well. It doesn't cause me any rash or irritation. This does have fragrance, but even though I can get headaches or allergic reactions to fragrance this one doesn't bother me. I think this is a nice cleansing oil that will work well for most skin types- except I wouldn't really recommend it if you have dry skin like me. And just keep in mind you may still need eye makeup remover. It's a nice product, except my skin is too dry to use it regularly.  But it may be perfect for others. I give it 3.5 stars.",1441242419000,False,0
AGNTJQ2C66IPH76GICZOP4DYBA3Q,B01DD1NOZU,5.0,Has been a hair care staple for as long as I can remember,"I love Carol's Daughters products and this leave in is a constant staple in my hair care. I usually get it at Target but I ran out and didn't feel like running out and was pleasantly surprised to find its even a bit cheaper on Amazon. I have fine, thin hair that is regularly color treated and sometimes heat styled. This is one of the products that keeps my hair healthy, despite the abuse it takes. When I wash my hair, I'll usually spray into damp hair from midlengths to ends so it doesn't weigh down my fine hair at the roots. It really nourishes my hair, keeping it soft, silky, shiny and healthy. I love the smell. At night, I mist my hair from roots to ends and leave in over night. It's a bit more expensive than other drugstore brands, but it's worth the extra money hands down",1571788999267,True,14
AGNTJQ2C66IPH76GICZOP4DYBA3Q,B07C2M13JJ,5.0,Allows a spa like experience in the comfort of home,"I am very big on skincare and have been wanting a facial steamer for some time now. I'm so glad I finally got one. This is perfect for my needs. I fill the water tank with distilled water and I get about a 20 min spa steam each use. After steaming, I immediately apply a face mask, usually a sea mud or clay mask... They work exceptionally well when the steamer has opened your pores. It's easy to use, easy to maintain, and allows you a spa like experience at your own home. Even though I received this at a discount.. This is my honest opinion and feel it's worth every penny",1571170907977,False,0
AGNTJQ2C66IPH76GICZOP4DYBA3Q,B07JJC151B,5.0,Really didn't expect it to make as big of a difference as it did,"I am very religious about my skin care and surprisingly I have never used a jade roller until now. I use a derma roller, a facial stream mister machine, a24ct good vibrating and and LED light therapy. I guess I figured I didn't need ANOTHER skin care device.. But I've been proven wrong. I've been using it once a day now for over 2 weeks and they really do show results. But only the immediate and temporary lifting effect you get right after using but now I can clearly see the contours of my face much more clearly, and sharper than before. My skin now looks tighter and almost like a had a mini face tuck.  I admit that I honestly did not think a jade roller was really something that would live up to the hype about it in all the beauty and skin care blogs /magazines, but I underestimated it.  I know a lot of people put their in the fridge prior to use, but I find the stone itself is cool enough Ashdod my skin without putting it in my refrigerator.. The stone is very delicate and easily breakable and I can just imagine my Daughter or Fiancee accidentally knocking it into the kitchen floor.  I love that it has 2 sides.. A large roller and a small one for areas such as your eyes and around your mouth. I have no complaints whatsoever with this particular roller.. It shows results, glides over my skin smoothly.. The roller never skips it gets stuck, and it even came with a little diagram showing you the best direction to roll in on each part of your face for optimum results. So, if anyone has been curious about jade rollers, I recommend you give it a try. Just follow the diagram to see best results and follow the care instructions so that your roller lasts as long as possible (just includes cleaning of with a damp washcloth and doing with a terry cloth before putting it back in the box. You'll immediately notice just how much faster your skin care absorbs fully and deeper into your skin. I always use either the Sunday Riley C.E.O. Glow Face Oil, Loreal Age Perfect Face Oil during the day and either the Biossance Squallene Oil or S.R. Luna Sleeping Night Oil as my last skin care step before using the roller and the time difference is it if this world. I used to get super impatient waiting for my face oil to absorb so I could start applying makeup or finish my night routine,but the recommended 10 min a day with the roller and there's not even a trace of an oily residue in my face!  I did receive this product at a discounted price but if it ever were to break, I'd definitely buy another Jade a roller to replace it!",1557261842570,False,3
AGNTJQ2C66IPH76GICZOP4DYBA3Q,B06W535XR8,4.0,Fires the job,This works will for me.  What I do is cut the stencils with scissors so i just have a guide too make a straight wing out from the corner of my eye.  It gave me the ability to form the perfect wing.  But then I discovered an eyeliner with a tiny wheel applicator duo I just keep the stencil in my makeup bag in car of beef touch ups,1537107539836,True,0
AGNTJQ2C66IPH76GICZOP4DYBA3Q,B01DYC8P98,5.0,Great addition to my nail art collection,"I love these stencils add party of my nail art.  Great choice if designs and easy to use.  I lovedoing my own nail art and this is the 2nd time I've purchased these kind of stencils, though I did purchase these ones at a discounted price",1526588581086,False,1
AGNTJQ2C66IPH76GICZOP4DYBA3Q,B01HQUON7M,2.0,Cheaply made... Feel apart  immediately,Bought for my daughter who is almost 2.  They are so cheaply made. It arrived with one of the decorations  already missing from one and within a week... 3 more feel off. Don't waste your money,1506897555897,False,0
AGNTJQ2C66IPH76GICZOP4DYBA3Q,B009IGKSWW,5.0,I was definitely surprised by the quality of this Palette (in a good way),"Wow.. I was seriously taken back by this Palette. I usually don't buy Eyeshadow this inexpensive but I liked the soft glittery colors and figures if nothing else, I'd have something to give my eyes a little pop when I don't want to go all matte... But the quality of this Palette is actually very good. I can't believe how smooth, pigmented blendable, and the staying power of this for such a steal. Is course though I did use Shadow printer first. I used 4 colors from this Palette for this look. The light purple as one of my transitions, the copper as a crease, and the light blue add an insert corner and Brow highlighter. I think I only used 2 other shadows from other Palettes. This is just gorgeous and I'm glad I bought it after 2 weeks of mulling it over .lol. I will definitely be buying many more W7 palettes. Why spend $60 at Sephora when I can spend 10 or less and still very quality product?",1496519091000,True,1
AGNTJQ2C66IPH76GICZOP4DYBA3Q,B01GBZT5GM,5.0,FIRST winter in 38yrs with NO. Dry skin,"I have come to trust and love Skederm products but this creamier cream has  been one of my favorites. Because of this... I did not have to deal with dry skin for the FIRST winter in my entire 38yrs! I applied this every morning right before regular daytime moisturizer and it kept my skin hydrated, smooth, younger looking, and just so much better than before. I bought a second, larger bottle of this after a couple weeks of using it. This has earned a permanent place in my bathroom",1492921016000,False,1
AGNTJQ2C66IPH76GICZOP4DYBA3Q,B01DBKZSU2,5.0,Really an amazingly beautiful headband,"Wow.. What a beautiful headband.. Especially for the price. I love that it goes all the way around my head without fitting  too tight. I'm 37signals this headband is perfect for my age ...not too young but takes a regular bun day and turns my hair into a compliment catching mess lol. All the stones are very sturdy in the headband, it came in perfect condition and I absolutely love it",1491373226000,True,4
AGNTJQ2C66IPH76GICZOP4DYBA3Q,B01HIIT4TE,5.0,Best quality Eye cream I've used yet,"This is actually the best site cream I've tried yet.  With others,  it seems like you don't stay seeing any real results for a couple weeks.  I've been using this press than a week,  twice a day,  and I've been waking up without my perpetual bags under my eyes.  They look brighter,  younger,  and less tired.  This is the brand I will be repurchasing.",1478456987000,False,0
AGNTJQ2C66IPH76GICZOP4DYBA3Q,B0111R6NGA,5.0,Perfect for compact space and organization,"I got this to keep my many toiletries organized,  because they take up so much closet space and it's not always easy for me to find what I want.  This definitely does the trick.  I'm much more organized and I've cleared out slot of closet space!",1477771100000,False,0
AGNTJQ2C66IPH76GICZOP4DYBA3Q,B01ETWL5B2,5.0,Perfect little Polish set,"These 10 mini polishes are perfect for sampling the brand without a big commitment.  They come in 2 gives for easy storage,  the colors are beautiful and they go  on smoothly,  look great and long lasting.  Definitely would purchase again",1476908127000,True,0
AGNTJQ2C66IPH76GICZOP4DYBA3Q,B01IAN0X3M,5.0,"Fashionable,  and comfortable",Very fashionable Headbands that came in 3 colors that will match just about anything.  It holds your hair firmly in place without being too  tight  or having the plastic ends digging into your ears.  Perfect for dress up or casual.... I really like these,1475162220000,True,8
AGNTJQ2C66IPH76GICZOP4DYBA3Q,B01KHGZIE4,4.0,A good eyeshadow.... Wish it had more glitter effect,"This is a pretty good eye shadow with long wear,  I just wish it had more glimmer to it.  It has a good amount of colors,  but a lot of the colors are really similar to each other.  I'm hoping maybe the darker colors have more of a glitter effect.  All in all,  not a bad product for the price",1473872517000,False,0
